日期,品种,合约,合约月份,席位,多头持仓,空头持仓,净持仓,净持仓方向,多头增减仓,空头增减仓
20260105,棕榈油,p2609,09,中粮期货,1661,1570,91,净多,70,256
20260105,棕榈油,p2609,09,乾坤期货,0,0,0,持平,0,0
20260105,棕榈油,p2609,09,摩根大通期货,0,1100,-1100,净空,0,0
20260105,棕榈油,p2609,09,瑞银期货,0,0,0,持平,0,0
20260106,棕榈油,p2609,09,中粮期货,1530,2556,-1026,净空,-131,986
20260106,棕榈油,p2609,09,乾坤期货,0,0,0,持平,0,0
20260106,棕榈油,p2609,09,摩根大通期货,0,1100,-1100,净空,0,0
20260106,棕榈油,p2609,09,瑞银期货,0,0,0,持平,0,0
20260107,棕榈油,p2609,09,中粮期货,1560,2520,-960,净空,30,-36
20260107,棕榈油,p2609,09,乾坤期货,0,0,0,持平,0,0
20260107,棕榈油,p2609,09,摩根大通期货,0,1100,-1100,净空,0,0
20260107,棕榈油,p2609,09,瑞银期货,0,0,0,持平,0,0
20260108,棕榈油,p2609,09,中粮期货,1549,2423,-874,净空,-11,-97
20260108,棕榈油,p2609,09,乾坤期货,0,0,0,持平,0,0
20260108,棕榈油,p2609,09,摩根大通期货,0,1100,-1100,净空,0,0
20260108,棕榈油,p2609,09,瑞银期货,0,0,0,持平,0,0
20260109,棕榈油,p2609,09,中粮期货,1518,2022,-504,净空,-31,-401
20260109,棕榈油,p2609,09,乾坤期货,0,0,0,持平,0,0
20260109,棕榈油,p2609,09,摩根大通期货,0,1100,-1100,净空,0,0
20260109,棕榈油,p2609,09,瑞银期货,0,0,0,持平,0,0
20260112,棕榈油,p2609,09,中粮期货,1641,2152,-511,净空,123,130
20260112,棕榈油,p2609,09,乾坤期货,0,0,0,持平,0,0
20260112,棕榈油,p2609,09,摩根大通期货,0,1500,-1500,净空,0,400
20260112,棕榈油,p2609,09,瑞银期货,0,0,0,持平,0,0
20260113,棕榈油,p2609,09,中粮期货,1054,1712,-658,净空,-587,-440
20260113,棕榈油,p2609,09,乾坤期货,0,0,0,持平,0,0
20260113,棕榈油,p2609,09,摩根大通期货,0,1500,-1500,净空,0,0
20260113,棕榈油,p2609,09,瑞银期货,0,0,0,持平,0,0
20260114,棕榈油,p2609,09,中粮期货,1104,0,1104,净多,50,0
20260114,棕榈油,p2609,09,乾坤期货,0,0,0,持平,0,0
20260114,棕榈油,p2609,09,摩根大通期货,0,1500,-1500,净空,0,0
20260114,棕榈油,p2609,09,瑞银期货,0,0,0,持平,0,0
20260115,棕榈油,p2609,09,中粮期货,936,0,936,净多,-168,0
20260115,棕榈油,p2609,09,乾坤期货,0,0,0,持平,0,0
20260115,棕榈油,p2609,09,摩根大通期货,0,1100,-1100,净空,0,-400
20260115,棕榈油,p2609,09,瑞银期货,0,0,0,持平,0,0
20260116,棕榈油,p2609,09,中粮期货,1237,1186,51,净多,301,596
20260116,棕榈油,p2609,09,乾坤期货,0,0,0,持平,0,0
20260116,棕榈油,p2609,09,摩根大通期货,0,1100,-1100,净空,0,0
20260116,棕榈油,p2609,09,瑞银期货,0,0,0,持平,0,0
20260119,棕榈油,p2609,09,中粮期货,1303,1205,98,净多,66,19
20260119,棕榈油,p2609,09,乾坤期货,0,0,0,持平,0,0
20260119,棕榈油,p2609,09,摩根大通期货,0,1100,-1100,净空,0,0
20260119,棕榈油,p2609,09,瑞银期货,0,0,0,持平,0,0
20260120,棕榈油,p2609,09,中粮期货,1305,2113,-808,净空,2,908
20260120,棕榈油,p2609,09,乾坤期货,0,0,0,持平,0,0
20260120,棕榈油,p2609,09,摩根大通期货,0,0,0,持平,0,0
20260120,棕榈油,p2609,09,瑞银期货,0,0,0,持平,0,0
20260121,棕榈油,p2609,09,中粮期货,1259,3330,-2071,净空,-46,1217
20260121,棕榈油,p2609,09,乾坤期货,0,0,0,持平,0,0
20260121,棕榈油,p2609,09,摩根大通期货,0,0,0,持平,0,0
20260121,棕榈油,p2609,09,瑞银期货,0,0,0,持平,0,0
20260122,棕榈油,p2609,09,中粮期货,1238,4248,-3010,净空,-21,918
20260122,棕榈油,p2609,09,乾坤期货,0,0,0,持平,0,0
20260122,棕榈油,p2609,09,摩根大通期货,0,0,0,持平,0,0
20260122,棕榈油,p2609,09,瑞银期货,0,0,0,持平,0,0
20260123,棕榈油,p2609,09,中粮期货,1336,2735,-1399,净空,98,-1513
20260123,棕榈油,p2609,09,乾坤期货,0,0,0,持平,0,0
20260123,棕榈油,p2609,09,摩根大通期货,0,0,0,持平,0,0
20260123,棕榈油,p2609,09,瑞银期货,0,0,0,持平,0,0
20260126,棕榈油,p2609,09,中粮期货,1557,2743,-1186,净空,221,8
20260126,棕榈油,p2609,09,乾坤期货,0,0,0,持平,0,0
20260126,棕榈油,p2609,09,摩根大通期货,0,0,0,持平,0,0
20260126,棕榈油,p2609,09,瑞银期货,0,0,0,持平,0,0
20260127,棕榈油,p2609,09,中粮期货,1466,4455,-2989,净空,-91,1712
20260127,棕榈油,p2609,09,乾坤期货,0,0,0,持平,0,0
20260127,棕榈油,p2609,09,摩根大通期货,0,0,0,持平,0,0
20260127,棕榈油,p2609,09,瑞银期货,0,0,0,持平,0,0
20260128,棕榈油,p2609,09,中粮期货,2242,4757,-2515,净空,776,302
20260128,棕榈油,p2609,09,乾坤期货,0,0,0,持平,0,0
20260128,棕榈油,p2609,09,摩根大通期货,0,0,0,持平,0,0
20260128,棕榈油,p2609,09,瑞银期货,0,0,0,持平,0,0
20260129,棕榈油,p2609,09,中粮期货,2395,8592,-6197,净空,153,3835
20260129,棕榈油,p2609,09,乾坤期货,0,0,0,持平,0,0
20260129,棕榈油,p2609,09,摩根大通期货,0,0,0,持平,0,0
20260129,棕榈油,p2609,09,瑞银期货,0,0,0,持平,0,0
20260130,棕榈油,p2609,09,中粮期货,2257,10348,-8091,净空,-138,1756
20260130,棕榈油,p2609,09,乾坤期货,0,0,0,持平,0,0
20260130,棕榈油,p2609,09,摩根大通期货,0,0,0,持平,0,0
20260130,棕榈油,p2609,09,瑞银期货,0,0,0,持平,0,0
20260202,棕榈油,p2609,09,中粮期货,1958,10281,-8323,净空,-299,-67
20260202,棕榈油,p2609,09,乾坤期货,0,0,0,持平,0,0
20260202,棕榈油,p2609,09,摩根大通期货,0,0,0,持平,0,0
20260202,棕榈油,p2609,09,瑞银期货,0,0,0,持平,0,0
20260203,棕榈油,p2609,09,中粮期货,1879,10081,-8202,净空,-79,-200
20260203,棕榈油,p2609,09,乾坤期货,0,0,0,持平,0,0
20260203,棕榈油,p2609,09,摩根大通期货,0,0,0,持平,0,0
20260203,棕榈油,p2609,09,瑞银期货,0,0,0,持平,0,0
20260204,棕榈油,p2609,09,中粮期货,1845,10013,-8168,净空,-34,-68
20260204,棕榈油,p2609,09,乾坤期货,0,0,0,持平,0,0
20260204,棕榈油,p2609,09,摩根大通期货,0,0,0,持平,0,0
20260204,棕榈油,p2609,09,瑞银期货,0,0,0,持平,0,0
20260205,棕榈油,p2609,09,中粮期货,1823,10038,-8215,净空,-22,25
20260205,棕榈油,p2609,09,乾坤期货,0,0,0,持平,0,0
20260205,棕榈油,p2609,09,摩根大通期货,0,0,0,持平,0,0
20260205,棕榈油,p2609,09,瑞银期货,0,0,0,持平,0,0
20260206,棕榈油,p2609,09,中粮期货,2017,10036,-8019,净空,194,-2
20260206,棕榈油,p2609,09,乾坤期货,0,0,0,持平,0,0
20260206,棕榈油,p2609,09,摩根大通期货,0,0,0,持平,0,0
20260206,棕榈油,p2609,09,瑞银期货,0,0,0,持平,0,0
20260209,棕榈油,p2609,09,中粮期货,1895,9975,-8080,净空,-122,-61
20260209,棕榈油,p2609,09,乾坤期货,0,0,0,持平,0,0
20260209,棕榈油,p2609,09,摩根大通期货,0,0,0,持平,0,0
20260209,棕榈油,p2609,09,瑞银期货,0,0,0,持平,0,0
20260210,棕榈油,p2609,09,中粮期货,1890,7454,-5564,净空,-5,-2521
20260210,棕榈油,p2609,09,乾坤期货,0,0,0,持平,0,0
20260210,棕榈油,p2609,09,摩根大通期货,0,0,0,持平,0,0
20260210,棕榈油,p2609,09,瑞银期货,0,0,0,持平,0,0
20260211,棕榈油,p2609,09,中粮期货,1677,6534,-4857,净空,-213,-920
20260211,棕榈油,p2609,09,乾坤期货,0,0,0,持平,0,0
20260211,棕榈油,p2609,09,摩根大通期货,0,0,0,持平,0,0
20260211,棕榈油,p2609,09,瑞银期货,0,0,0,持平,0,0
20260212,棕榈油,p2609,09,中粮期货,1355,3671,-2316,净空,-322,-2863
20260212,棕榈油,p2609,09,乾坤期货,0,0,0,持平,0,0
20260212,棕榈油,p2609,09,摩根大通期货,1199,0,1199,净多,0,0
20260212,棕榈油,p2609,09,瑞银期货,0,0,0,持平,0,0
20260213,棕榈油,p2609,09,中粮期货,1426,3028,-1602,净空,71,-643
20260213,棕榈油,p2609,09,乾坤期货,0,0,0,持平,0,0
20260213,棕榈油,p2609,09,摩根大通期货,1190,0,1190,净多,-9,0
20260213,棕榈油,p2609,09,瑞银期货,0,0,0,持平,0,0
20260224,棕榈油,p2609,09,中粮期货,1550,3033,-1483,净空,124,5
20260224,棕榈油,p2609,09,乾坤期货,0,0,0,持平,0,0
20260224,棕榈油,p2609,09,摩根大通期货,1188,0,1188,净多,-2,0
20260224,棕榈油,p2609,09,瑞银期货,0,0,0,持平,0,0
20260225,棕榈油,p2609,09,中粮期货,1801,2613,-812,净空,251,-420
20260225,棕榈油,p2609,09,乾坤期货,0,0,0,持平,0,0
20260225,棕榈油,p2609,09,摩根大通期货,0,0,0,持平,0,0
20260225,棕榈油,p2609,09,瑞银期货,0,0,0,持平,0,0
20260226,棕榈油,p2609,09,中粮期货,1670,2243,-573,净空,-131,-370
20260226,棕榈油,p2609,09,乾坤期货,0,0,0,持平,0,0
20260226,棕榈油,p2609,09,摩根大通期货,0,1117,-1117,净空,0,0
20260226,棕榈油,p2609,09,瑞银期货,0,0,0,持平,0,0
20260227,棕榈油,p2609,09,中粮期货,1947,2317,-370,净空,277,74
20260227,棕榈油,p2609,09,乾坤期货,0,0,0,持平,0,0
20260227,棕榈油,p2609,09,摩根大通期货,0,1117,-1117,净空,0,0
20260227,棕榈油,p2609,09,瑞银期货,0,0,0,持平,0,0
20260302,棕榈油,p2609,09,中粮期货,2744,2583,161,净多,797,266
20260302,棕榈油,p2609,09,乾坤期货,0,0,0,持平,0,0
20260302,棕榈油,p2609,09,摩根大通期货,0,1117,-1117,净空,0,0
20260302,棕榈油,p2609,09,瑞银期货,0,0,0,持平,0,0
20260303,棕榈油,p2609,09,中粮期货,2665,3393,-728,净空,-79,810
20260303,棕榈油,p2609,09,乾坤期货,0,0,0,持平,0,0
20260303,棕榈油,p2609,09,摩根大通期货,0,1117,-1117,净空,0,0
20260303,棕榈油,p2609,09,瑞银期货,0,0,0,持平,0,0
20260304,棕榈油,p2609,09,中粮期货,2457,3567,-1110,净空,-208,174
20260304,棕榈油,p2609,09,乾坤期货,0,0,0,持平,0,0
20260304,棕榈油,p2609,09,摩根大通期货,0,0,0,持平,0,0
20260304,棕榈油,p2609,09,瑞银期货,0,0,0,持平,0,0
20260305,棕榈油,p2609,09,中粮期货,2743,4756,-2013,净空,286,1189
20260305,棕榈油,p2609,09,乾坤期货,0,0,0,持平,0,0
20260305,棕榈油,p2609,09,摩根大通期货,0,0,0,持平,0,0
20260305,棕榈油,p2609,09,瑞银期货,0,0,0,持平,0,0
20260306,棕榈油,p2609,09,中粮期货,3031,6233,-3202,净空,288,1477
20260306,棕榈油,p2609,09,乾坤期货,0,0,0,持平,0,0
20260306,棕榈油,p2609,09,摩根大通期货,0,0,0,持平,0,0
20260306,棕榈油,p2609,09,瑞银期货,0,0,0,持平,0,0
20260309,棕榈油,p2609,09,中粮期货,2217,6942,-4725,净空,-814,709
20260309,棕榈油,p2609,09,乾坤期货,0,0,0,持平,0,0
20260309,棕榈油,p2609,09,摩根大通期货,0,0,0,持平,0,0
20260309,棕榈油,p2609,09,瑞银期货,0,0,0,持平,0,0
20260310,棕榈油,p2609,09,中粮期货,2423,5905,-3482,净空,206,-1037
20260310,棕榈油,p2609,09,乾坤期货,0,0,0,持平,0,0
20260310,棕榈油,p2609,09,摩根大通期货,0,0,0,持平,0,0
20260310,棕榈油,p2609,09,瑞银期货,0,0,0,持平,0,0
20260311,棕榈油,p2609,09,中粮期货,1660,5513,-3853,净空,-763,-392
20260311,棕榈油,p2609,09,乾坤期货,0,0,0,持平,0,0
20260311,棕榈油,p2609,09,摩根大通期货,1639,0,1639,净多,391,0
20260311,棕榈油,p2609,09,瑞银期货,0,0,0,持平,0,0
20260312,棕榈油,p2609,09,中粮期货,2339,5580,-3241,净空,679,67
20260312,棕榈油,p2609,09,乾坤期货,0,0,0,持平,0,0
20260312,棕榈油,p2609,09,摩根大通期货,1645,0,1645,净多,6,0
20260312,棕榈油,p2609,09,瑞银期货,0,0,0,持平,0,0
20260313,棕榈油,p2609,09,中粮期货,2639,5598,-2959,净空,300,18
20260313,棕榈油,p2609,09,乾坤期货,0,0,0,持平,0,0
20260313,棕榈油,p2609,09,摩根大通期货,1908,0,1908,净多,263,0
20260313,棕榈油,p2609,09,瑞银期货,0,0,0,持平,0,0
20260316,棕榈油,p2609,09,中粮期货,4140,5502,-1362,净空,1501,-96
20260316,棕榈油,p2609,09,乾坤期货,0,0,0,持平,0,0
20260316,棕榈油,p2609,09,摩根大通期货,0,0,0,持平,0,0
20260316,棕榈油,p2609,09,瑞银期货,0,0,0,持平,0,0
20260317,棕榈油,p2609,09,中粮期货,5865,5534,331,净多,1725,32
20260317,棕榈油,p2609,09,乾坤期货,0,0,0,持平,0,0
20260317,棕榈油,p2609,09,摩根大通期货,0,2309,-2309,净空,0,1589
20260317,棕榈油,p2609,09,瑞银期货,0,0,0,持平,0,0
20260318,棕榈油,p2609,09,中粮期货,6323,5500,823,净多,458,-34
20260318,棕榈油,p2609,09,乾坤期货,0,0,0,持平,0,0
20260318,棕榈油,p2609,09,摩根大通期货,0,3709,-3709,净空,0,1400
20260318,棕榈油,p2609,09,瑞银期货,0,0,0,持平,0,0
20260319,棕榈油,p2609,09,中粮期货,5791,6403,-612,净空,-532,903
20260319,棕榈油,p2609,09,乾坤期货,0,0,0,持平,0,0
20260319,棕榈油,p2609,09,摩根大通期货,0,3309,-3309,净空,0,-400
20260319,棕榈油,p2609,09,瑞银期货,0,0,0,持平,0,0
20260320,棕榈油,p2609,09,中粮期货,5940,6681,-741,净空,149,278
20260320,棕榈油,p2609,09,乾坤期货,0,0,0,持平,0,0
20260320,棕榈油,p2609,09,摩根大通期货,3562,3296,266,净多,2576,-13
20260320,棕榈油,p2609,09,瑞银期货,0,0,0,持平,0,0
20260323,棕榈油,p2609,09,中粮期货,7044,8834,-1790,净空,1104,2153
20260323,棕榈油,p2609,09,乾坤期货,0,0,0,持平,0,0
20260323,棕榈油,p2609,09,摩根大通期货,3469,3594,-125,净空,-93,298
20260323,棕榈油,p2609,09,瑞银期货,0,0,0,持平,0,0
20260324,棕榈油,p2609,09,中粮期货,5478,7499,-2021,净空,-1566,-1335
20260324,棕榈油,p2609,09,乾坤期货,0,0,0,持平,0,0
20260324,棕榈油,p2609,09,摩根大通期货,3262,3696,-434,净空,-207,102
20260324,棕榈油,p2609,09,瑞银期货,0,0,0,持平,0,0
20260325,棕榈油,p2609,09,中粮期货,5094,7630,-2536,净空,-384,131
20260325,棕榈油,p2609,09,乾坤期货,0,0,0,持平,0,0
20260325,棕榈油,p2609,09,摩根大通期货,4392,3696,696,净多,1130,0
20260325,棕榈油,p2609,09,瑞银期货,0,0,0,持平,0,0
20260326,棕榈油,p2609,09,中粮期货,7289,8219,-930,净空,2195,589
20260326,棕榈油,p2609,09,乾坤期货,0,0,0,持平,0,0
20260326,棕榈油,p2609,09,摩根大通期货,2995,3696,-701,净空,-1397,0
20260326,棕榈油,p2609,09,瑞银期货,0,0,0,持平,0,0
20260327,棕榈油,p2609,09,中粮期货,8895,8289,606,净多,1606,70
20260327,棕榈油,p2609,09,乾坤期货,0,0,0,持平,0,0
20260327,棕榈油,p2609,09,摩根大通期货,0,4121,-4121,净空,0,425
20260327,棕榈油,p2609,09,瑞银期货,0,0,0,持平,0,0
20260330,棕榈油,p2609,09,中粮期货,15311,9652,5659,净多,6416,1363
20260330,棕榈油,p2609,09,乾坤期货,0,0,0,持平,0,0
20260330,棕榈油,p2609,09,摩根大通期货,5884,3696,2188,净多,4190,-425
20260330,棕榈油,p2609,09,瑞银期货,0,0,0,持平,0,0
20260331,棕榈油,p2609,09,中粮期货,20641,13628,7013,净多,5330,3976
20260331,棕榈油,p2609,09,乾坤期货,0,0,0,持平,0,0
20260331,棕榈油,p2609,09,摩根大通期货,7410,3696,3714,净多,1526,0
20260331,棕榈油,p2609,09,瑞银期货,0,0,0,持平,0,0
20260401,棕榈油,p2609,09,中粮期货,18215,18080,135,净多,-2426,4452
20260401,棕榈油,p2609,09,乾坤期货,0,0,0,持平,0,0
20260401,棕榈油,p2609,09,摩根大通期货,7611,3848,3763,净多,201,152
20260401,棕榈油,p2609,09,瑞银期货,0,0,0,持平,0,0
20260402,棕榈油,p2609,09,中粮期货,16262,19088,-2826,净空,-1953,1008
20260402,棕榈油,p2609,09,乾坤期货,0,0,0,持平,0,0
20260402,棕榈油,p2609,09,摩根大通期货,13179,3824,9355,净多,5568,-24
20260402,棕榈油,p2609,09,瑞银期货,0,0,0,持平,0,0
20260403,棕榈油,p2609,09,中粮期货,16827,19729,-2902,净空,565,641
20260403,棕榈油,p2609,09,乾坤期货,0,0,0,持平,0,0
20260403,棕榈油,p2609,09,摩根大通期货,14752,4477,10275,净多,1573,653
20260403,棕榈油,p2609,09,瑞银期货,0,0,0,持平,0,0
20260407,棕榈油,p2609,09,中粮期货,17551,20754,-3203,净空,724,1025
20260407,棕榈油,p2609,09,乾坤期货,0,0,0,持平,0,0
20260407,棕榈油,p2609,09,摩根大通期货,15484,5095,10389,净多,732,618
20260407,棕榈油,p2609,09,瑞银期货,0,0,0,持平,0,0
20260408,棕榈油,p2609,09,中粮期货,20752,22457,-1705,净空,3201,1703
20260408,棕榈油,p2609,09,乾坤期货,0,0,0,持平,0,0
20260408,棕榈油,p2609,09,摩根大通期货,14533,5822,8711,净多,-951,727
20260408,棕榈油,p2609,09,瑞银期货,0,0,0,持平,0,0
20260409,棕榈油,p2609,09,中粮期货,21745,25711,-3966,净空,993,3254
20260409,棕榈油,p2609,09,乾坤期货,0,0,0,持平,0,0
20260409,棕榈油,p2609,09,摩根大通期货,19436,6016,13420,净多,4903,194
20260409,棕榈油,p2609,09,瑞银期货,0,0,0,持平,0,0
20260410,棕榈油,p2609,09,中粮期货,19617,27883,-8266,净空,-2128,2172
20260410,棕榈油,p2609,09,乾坤期货,0,0,0,持平,0,0
20260410,棕榈油,p2609,09,摩根大通期货,19154,6790,12364,净多,-282,774
20260410,棕榈油,p2609,09,瑞银期货,0,0,0,持平,0,0
20260413,棕榈油,p2609,09,中粮期货,16829,30098,-13269,净空,-2788,2215
20260413,棕榈油,p2609,09,乾坤期货,0,0,0,持平,0,0
20260413,棕榈油,p2609,09,摩根大通期货,18748,6605,12143,净多,-406,-185
20260413,棕榈油,p2609,09,瑞银期货,0,0,0,持平,0,0
20260414,棕榈油,p2609,09,中粮期货,15639,29920,-14281,净空,-1190,-178
20260414,棕榈油,p2609,09,乾坤期货,0,0,0,持平,0,0
20260414,棕榈油,p2609,09,摩根大通期货,14265,9355,4910,净多,-4483,2750
20260414,棕榈油,p2609,09,瑞银期货,0,3927,-3927,净空,0,1748
20260415,棕榈油,p2609,09,中粮期货,16218,35111,-18893,净空,579,5191
20260415,棕榈油,p2609,09,乾坤期货,0,0,0,持平,0,0
20260415,棕榈油,p2609,09,摩根大通期货,14163,9723,4440,净多,-102,368
20260415,棕榈油,p2609,09,瑞银期货,0,0,0,持平,0,0
20260416,棕榈油,p2609,09,中粮期货,15449,33643,-18194,净空,-769,-1468
20260416,棕榈油,p2609,09,乾坤期货,0,0,0,持平,0,0
20260416,棕榈油,p2609,09,摩根大通期货,12883,11552,1331,净多,-1280,1829
20260416,棕榈油,p2609,09,瑞银期货,0,0,0,持平,0,0
20260417,棕榈油,p2609,09,中粮期货,18513,30172,-11659,净空,3064,-3471
20260417,棕榈油,p2609,09,乾坤期货,0,0,0,持平,0,0
20260417,棕榈油,p2609,09,摩根大通期货,12482,11570,912,净多,-401,18
20260417,棕榈油,p2609,09,瑞银期货,0,0,0,持平,0,0
20260420,棕榈油,p2609,09,中粮期货,18349,32804,-14455,净空,-164,2632
20260420,棕榈油,p2609,09,乾坤期货,0,0,0,持平,0,0
20260420,棕榈油,p2609,09,摩根大通期货,12411,11283,1128,净多,-71,-287
20260420,棕榈油,p2609,09,瑞银期货,0,0,0,持平,0,0
20260421,棕榈油,p2609,09,中粮期货,16854,33036,-16182,净空,-1495,232
20260421,棕榈油,p2609,09,乾坤期货,0,0,0,持平,0,0
20260421,棕榈油,p2609,09,摩根大通期货,16807,9673,7134,净多,4396,-1610
20260421,棕榈油,p2609,09,瑞银期货,0,0,0,持平,0,0
20260421,棕榈油,p2701,01,中粮期货,818,1432,-614,净空,43,906
20260421,棕榈油,p2701,01,乾坤期货,0,0,0,持平,0,0
20260421,棕榈油,p2701,01,摩根大通期货,434,0,434,净多,108,0
20260421,棕榈油,p2701,01,瑞银期货,0,0,0,持平,0,0
20260422,棕榈油,p2609,09,中粮期货,17170,31182,-14012,净空,316,-1854
20260422,棕榈油,p2609,09,乾坤期货,0,0,0,持平,0,0
20260422,棕榈油,p2609,09,摩根大通期货,20250,6434,13816,净多,3443,-3239
20260422,棕榈油,p2609,09,瑞银期货,0,0,0,持平,0,0
20260422,棕榈油,p2701,01,中粮期货,1087,1150,-63,净空,269,-282
20260422,棕榈油,p2701,01,乾坤期货,0,0,0,持平,0,0
20260422,棕榈油,p2701,01,摩根大通期货,522,0,522,净多,88,0
20260422,棕榈油,p2701,01,瑞银期货,0,0,0,持平,0,0
20260423,棕榈油,p2609,09,中粮期货,17129,30073,-12944,净空,-41,-1109
20260423,棕榈油,p2609,09,乾坤期货,0,0,0,持平,0,0
20260423,棕榈油,p2609,09,摩根大通期货,20768,0,20768,净多,518,0
20260423,棕榈油,p2609,09,瑞银期货,0,0,0,持平,0,0
20260423,棕榈油,p2701,01,中粮期货,688,1048,-360,净空,-399,-102
20260423,棕榈油,p2701,01,乾坤期货,0,0,0,持平,0,0
20260423,棕榈油,p2701,01,摩根大通期货,727,0,727,净多,205,0
20260423,棕榈油,p2701,01,瑞银期货,0,0,0,持平,0,0
20260424,棕榈油,p2609,09,中粮期货,18564,27697,-9133,净空,1435,-2376
20260424,棕榈油,p2609,09,乾坤期货,0,0,0,持平,0,0
20260424,棕榈油,p2609,09,摩根大通期货,16747,0,16747,净多,-4021,0
20260424,棕榈油,p2609,09,瑞银期货,0,0,0,持平,0,0
20260424,棕榈油,p2701,01,中粮期货,726,1183,-457,净空,38,135
20260424,棕榈油,p2701,01,乾坤期货,0,0,0,持平,0,0
20260424,棕榈油,p2701,01,摩根大通期货,568,0,568,净多,-159,0
20260424,棕榈油,p2701,01,瑞银期货,0,0,0,持平,0,0
20260427,棕榈油,p2609,09,中粮期货,17816,28077,-10261,净空,-748,380
20260427,棕榈油,p2609,09,乾坤期货,0,0,0,持平,0,0
20260427,棕榈油,p2609,09,摩根大通期货,17101,0,17101,净多,354,0
20260427,棕榈油,p2609,09,瑞银期货,0,0,0,持平,0,0
20260427,棕榈油,p2701,01,中粮期货,902,1951,-1049,净空,176,768
20260427,棕榈油,p2701,01,乾坤期货,0,0,0,持平,0,0
20260427,棕榈油,p2701,01,摩根大通期货,0,0,0,持平,0,0
20260427,棕榈油,p2701,01,瑞银期货,0,0,0,持平,0,0
20260428,棕榈油,p2609,09,中粮期货,16741,27410,-10669,净空,-1075,-667
20260428,棕榈油,p2609,09,乾坤期货,0,0,0,持平,0,0
20260428,棕榈油,p2609,09,摩根大通期货,17883,5905,11978,净多,782,751
20260428,棕榈油,p2609,09,瑞银期货,0,0,0,持平,0,0
20260428,棕榈油,p2701,01,中粮期货,1036,2409,-1373,净空,134,458
20260428,棕榈油,p2701,01,乾坤期货,0,0,0,持平,0,0
20260428,棕榈油,p2701,01,摩根大通期货,0,0,0,持平,0,0
20260428,棕榈油,p2701,01,瑞银期货,0,0,0,持平,0,0
20260429,棕榈油,p2609,09,中粮期货,16470,26381,-9911,净空,-271,-1029
20260429,棕榈油,p2609,09,乾坤期货,0,0,0,持平,0,0
20260429,棕榈油,p2609,09,摩根大通期货,20250,5873,14377,净多,2367,-32
20260429,棕榈油,p2609,09,瑞银期货,0,0,0,持平,0,0
20260429,棕榈油,p2701,01,中粮期货,0,2407,-2407,净空,0,-2
20260429,棕榈油,p2701,01,乾坤期货,0,0,0,持平,0,0
20260429,棕榈油,p2701,01,摩根大通期货,0,0,0,持平,0,0
20260429,棕榈油,p2701,01,瑞银期货,0,0,0,持平,0,0
20260430,棕榈油,p2609,09,中粮期货,14550,26649,-12099,净空,-1920,268
20260430,棕榈油,p2609,09,乾坤期货,0,0,0,持平,0,0
20260430,棕榈油,p2609,09,摩根大通期货,20194,0,20194,净多,-56,0
20260430,棕榈油,p2609,09,瑞银期货,0,0,0,持平,0,0
20260430,棕榈油,p2701,01,中粮期货,958,2583,-1625,净空,359,176
20260430,棕榈油,p2701,01,乾坤期货,0,0,0,持平,0,0
20260430,棕榈油,p2701,01,摩根大通期货,0,0,0,持平,0,0
20260430,棕榈油,p2701,01,瑞银期货,0,0,0,持平,0,0
20260506,棕榈油,p2609,09,中粮期货,16766,25268,-8502,净空,2216,-1381
20260506,棕榈油,p2609,09,乾坤期货,0,0,0,持平,0,0
20260506,棕榈油,p2609,09,摩根大通期货,19162,0,19162,净多,-1032,0
20260506,棕榈油,p2609,09,瑞银期货,0,0,0,持平,0,0
20260506,棕榈油,p2701,01,中粮期货,1101,2217,-1116,净空,143,-366
20260506,棕榈油,p2701,01,乾坤期货,0,0,0,持平,0,0
20260506,棕榈油,p2701,01,摩根大通期货,0,900,-900,净空,0,258
20260506,棕榈油,p2701,01,瑞银期货,0,0,0,持平,0,0
20260507,棕榈油,p2609,09,中粮期货,17776,25863,-8087,净空,1010,595
20260507,棕榈油,p2609,09,乾坤期货,0,0,0,持平,0,0
20260507,棕榈油,p2609,09,摩根大通期货,17989,0,17989,净多,-1173,0
20260507,棕榈油,p2609,09,瑞银期货,0,0,0,持平,0,0
20260507,棕榈油,p2701,01,中粮期货,1702,3579,-1877,净空,601,1362
20260507,棕榈油,p2701,01,乾坤期货,0,0,0,持平,0,0
20260507,棕榈油,p2701,01,摩根大通期货,0,1100,-1100,净空,0,200
20260507,棕榈油,p2701,01,瑞银期货,0,0,0,持平,0,0
20260508,棕榈油,p2609,09,中粮期货,14450,25670,-11220,净空,-3326,-193
20260508,棕榈油,p2609,09,乾坤期货,0,0,0,持平,0,0
20260508,棕榈油,p2609,09,摩根大通期货,17705,5480,12225,净多,-284,1470
20260508,棕榈油,p2609,09,瑞银期货,0,0,0,持平,0,0
20260508,棕榈油,p2701,01,中粮期货,1932,3997,-2065,净空,230,418
20260508,棕榈油,p2701,01,乾坤期货,0,0,0,持平,0,0
20260508,棕榈油,p2701,01,摩根大通期货,0,1100,-1100,净空,0,0
20260508,棕榈油,p2701,01,瑞银期货,0,0,0,持平,0,0
20260511,棕榈油,p2609,09,中粮期货,17728,25380,-7652,净空,3278,-290
20260511,棕榈油,p2609,09,乾坤期货,0,0,0,持平,0,0
20260511,棕榈油,p2609,09,摩根大通期货,16997,0,16997,净多,-708,0
20260511,棕榈油,p2609,09,瑞银期货,0,0,0,持平,0,0
20260511,棕榈油,p2701,01,中粮期货,2084,4589,-2505,净空,152,592
20260511,棕榈油,p2701,01,乾坤期货,0,0,0,持平,0,0
20260511,棕榈油,p2701,01,摩根大通期货,0,1100,-1100,净空,0,0
20260511,棕榈油,p2701,01,瑞银期货,0,0,0,持平,0,0
20260512,棕榈油,p2609,09,中粮期货,22408,23952,-1544,净空,4680,-1428
20260512,棕榈油,p2609,09,乾坤期货,0,0,0,持平,0,0
20260512,棕榈油,p2609,09,摩根大通期货,15861,9582,6279,净多,-1136,5987
20260512,棕榈油,p2609,09,瑞银期货,0,0,0,持平,0,0
20260512,棕榈油,p2701,01,中粮期货,2962,5001,-2039,净空,878,412
20260512,棕榈油,p2701,01,乾坤期货,0,0,0,持平,0,0
20260512,棕榈油,p2701,01,摩根大通期货,0,1100,-1100,净空,0,0
20260512,棕榈油,p2701,01,瑞银期货,0,0,0,持平,0,0
20260513,棕榈油,p2609,09,中粮期货,20716,25685,-4969,净空,-1692,1733
20260513,棕榈油,p2609,09,乾坤期货,0,0,0,持平,0,0
20260513,棕榈油,p2609,09,摩根大通期货,14668,10239,4429,净多,-1193,657
20260513,棕榈油,p2609,09,瑞银期货,0,0,0,持平,0,0
20260513,棕榈油,p2701,01,中粮期货,3188,6376,-3188,净空,226,1375
20260513,棕榈油,p2701,01,乾坤期货,0,0,0,持平,0,0
20260513,棕榈油,p2701,01,摩根大通期货,0,1100,-1100,净空,0,0
20260513,棕榈油,p2701,01,瑞银期货,0,0,0,持平,0,0
20260514,棕榈油,p2609,09,中粮期货,20714,22216,-1502,净空,-2,-3469
20260514,棕榈油,p2609,09,乾坤期货,0,0,0,持平,0,0
20260514,棕榈油,p2609,09,摩根大通期货,12470,12245,225,净多,-2198,2006
20260514,棕榈油,p2609,09,瑞银期货,0,0,0,持平,0,0
20260514,棕榈油,p2701,01,中粮期货,4146,7560,-3414,净空,958,1184
20260514,棕榈油,p2701,01,乾坤期货,0,0,0,持平,0,0
20260514,棕榈油,p2701,01,摩根大通期货,0,0,0,持平,0,0
20260514,棕榈油,p2701,01,瑞银期货,0,0,0,持平,0,0
20260515,棕榈油,p2609,09,中粮期货,23792,22124,1668,净多,3078,-92
20260515,棕榈油,p2609,09,乾坤期货,0,0,0,持平,0,0
20260515,棕榈油,p2609,09,摩根大通期货,11918,7317,4601,净多,-552,-4928
20260515,棕榈油,p2609,09,瑞银期货,0,0,0,持平,0,0
20260515,棕榈油,p2701,01,中粮期货,4223,7624,-3401,净空,77,64
20260515,棕榈油,p2701,01,乾坤期货,0,0,0,持平,0,0
20260515,棕榈油,p2701,01,摩根大通期货,0,0,0,持平,0,0
20260515,棕榈油,p2701,01,瑞银期货,0,0,0,持平,0,0
20260518,棕榈油,p2609,09,中粮期货,26672,21877,4795,净多,2880,-247
20260518,棕榈油,p2609,09,乾坤期货,0,0,0,持平,0,0
20260518,棕榈油,p2609,09,摩根大通期货,16667,0,16667,净多,4749,0
20260518,棕榈油,p2609,09,瑞银期货,0,0,0,持平,0,0
20260518,棕榈油,p2701,01,中粮期货,4361,7682,-3321,净空,138,58
20260518,棕榈油,p2701,01,乾坤期货,0,0,0,持平,0,0
20260518,棕榈油,p2701,01,摩根大通期货,0,0,0,持平,0,0
20260518,棕榈油,p2701,01,瑞银期货,0,0,0,持平,0,0
20260519,棕榈油,p2609,09,中粮期货,24363,22881,1482,净多,-2309,1004
20260519,棕榈油,p2609,09,乾坤期货,0,0,0,持平,0,0
20260519,棕榈油,p2609,09,摩根大通期货,16076,0,16076,净多,-591,0
20260519,棕榈油,p2609,09,瑞银期货,0,0,0,持平,0,0
20260519,棕榈油,p2701,01,中粮期货,4829,8570,-3741,净空,468,888
20260519,棕榈油,p2701,01,乾坤期货,0,0,0,持平,0,0
20260519,棕榈油,p2701,01,摩根大通期货,0,0,0,持平,0,0
20260519,棕榈油,p2701,01,瑞银期货,0,0,0,持平,0,0
20260520,棕榈油,p2609,09,中粮期货,19546,23519,-3973,净空,-4817,638
20260520,棕榈油,p2609,09,乾坤期货,0,0,0,持平,0,0
20260520,棕榈油,p2609,09,摩根大通期货,17570,0,17570,净多,1494,0
20260520,棕榈油,p2609,09,瑞银期货,0,0,0,持平,0,0
20260520,棕榈油,p2701,01,中粮期货,6284,10383,-4099,净空,1455,1813
20260520,棕榈油,p2701,01,乾坤期货,0,0,0,持平,0,0
20260520,棕榈油,p2701,01,摩根大通期货,0,0,0,持平,0,0
20260520,棕榈油,p2701,01,瑞银期货,0,0,0,持平,0,0
20260521,棕榈油,p2609,09,中粮期货,20586,22518,-1932,净空,1040,-1001
20260521,棕榈油,p2609,09,乾坤期货,0,0,0,持平,0,0
20260521,棕榈油,p2609,09,摩根大通期货,10205,8635,1570,净多,-7365,4382
20260521,棕榈油,p2609,09,瑞银期货,0,0,0,持平,0,0
20260521,棕榈油,p2701,01,中粮期货,5775,10204,-4429,净空,-509,-179
20260521,棕榈油,p2701,01,乾坤期货,0,0,0,持平,0,0
20260521,棕榈油,p2701,01,摩根大通期货,0,0,0,持平,0,0
20260521,棕榈油,p2701,01,瑞银期货,0,0,0,持平,0,0
20260522,棕榈油,p2609,09,中粮期货,21477,20655,822,净多,891,-1863
20260522,棕榈油,p2609,09,乾坤期货,0,0,0,持平,0,0
20260522,棕榈油,p2609,09,摩根大通期货,9412,8203,1209,净多,-793,-432
20260522,棕榈油,p2609,09,瑞银期货,0,0,0,持平,0,0
20260522,棕榈油,p2701,01,中粮期货,5717,10575,-4858,净空,-58,371
20260522,棕榈油,p2701,01,乾坤期货,0,0,0,持平,0,0
20260522,棕榈油,p2701,01,摩根大通期货,0,0,0,持平,0,0
20260522,棕榈油,p2701,01,瑞银期货,0,0,0,持平,0,0
20260525,棕榈油,p2609,09,中粮期货,20861,20399,462,净多,-616,-256
20260525,棕榈油,p2609,09,乾坤期货,0,0,0,持平,0,0
20260525,棕榈油,p2609,09,摩根大通期货,9817,6468,3349,净多,405,-1735
20260525,棕榈油,p2609,09,瑞银期货,0,0,0,持平,0,0
20260525,棕榈油,p2701,01,中粮期货,6235,10710,-4475,净空,518,135
20260525,棕榈油,p2701,01,乾坤期货,0,0,0,持平,0,0
20260525,棕榈油,p2701,01,摩根大通期货,0,0,0,持平,0,0
20260525,棕榈油,p2701,01,瑞银期货,0,0,0,持平,0,0
20260526,棕榈油,p2609,09,中粮期货,19705,20460,-755,净空,-1156,61
20260526,棕榈油,p2609,09,乾坤期货,0,0,0,持平,0,0
20260526,棕榈油,p2609,09,摩根大通期货,9334,8409,925,净多,-483,1941
20260526,棕榈油,p2609,09,瑞银期货,0,0,0,持平,0,0
20260526,棕榈油,p2701,01,中粮期货,5582,10891,-5309,净空,-653,181
20260526,棕榈油,p2701,01,乾坤期货,0,0,0,持平,0,0
20260526,棕榈油,p2701,01,摩根大通期货,0,0,0,持平,0,0
20260526,棕榈油,p2701,01,瑞银期货,0,0,0,持平,0,0
20260527,棕榈油,p2609,09,中粮期货,21199,22461,-1262,净空,1494,2001
20260527,棕榈油,p2609,09,乾坤期货,0,0,0,持平,0,0
20260527,棕榈油,p2609,09,摩根大通期货,11206,9309,1897,净多,1872,900
20260527,棕榈油,p2609,09,瑞银期货,0,0,0,持平,0,0
20260527,棕榈油,p2701,01,中粮期货,6008,11261,-5253,净空,426,370
20260527,棕榈油,p2701,01,乾坤期货,0,0,0,持平,0,0
20260527,棕榈油,p2701,01,摩根大通期货,0,0,0,持平,0,0
20260527,棕榈油,p2701,01,瑞银期货,0,0,0,持平,0,0
20260528,棕榈油,p2609,09,中粮期货,20996,24632,-3636,净空,-203,2171
20260528,棕榈油,p2609,09,乾坤期货,0,0,0,持平,0,0
20260528,棕榈油,p2609,09,摩根大通期货,11665,10018,1647,净多,459,709
20260528,棕榈油,p2609,09,瑞银期货,0,0,0,持平,0,0
20260528,棕榈油,p2701,01,中粮期货,6216,11213,-4997,净空,208,-48
20260528,棕榈油,p2701,01,乾坤期货,0,0,0,持平,0,0
20260528,棕榈油,p2701,01,摩根大通期货,0,0,0,持平,0,0
20260528,棕榈油,p2701,01,瑞银期货,0,0,0,持平,0,0
20260529,棕榈油,p2609,09,中粮期货,21104,23960,-2856,净空,108,-672
20260529,棕榈油,p2609,09,乾坤期货,0,0,0,持平,0,0
20260529,棕榈油,p2609,09,摩根大通期货,10877,10192,685,净多,-788,174
20260529,棕榈油,p2609,09,瑞银期货,0,0,0,持平,0,0
20260529,棕榈油,p2701,01,中粮期货,6554,10465,-3911,净空,338,-748
20260529,棕榈油,p2701,01,乾坤期货,0,0,0,持平,0,0
20260529,棕榈油,p2701,01,摩根大通期货,0,0,0,持平,0,0
20260529,棕榈油,p2701,01,瑞银期货,0,0,0,持平,0,0
20260601,棕榈油,p2609,09,中粮期货,19145,26596,-7451,净空,-1959,2636
20260601,棕榈油,p2609,09,乾坤期货,0,0,0,持平,0,0
20260601,棕榈油,p2609,09,摩根大通期货,18599,8806,9793,净多,7722,-1386
20260601,棕榈油,p2609,09,瑞银期货,0,0,0,持平,0,0
20260601,棕榈油,p2701,01,中粮期货,6909,10217,-3308,净空,355,-248
20260601,棕榈油,p2701,01,乾坤期货,0,0,0,持平,0,0
20260601,棕榈油,p2701,01,摩根大通期货,0,0,0,持平,0,0
20260601,棕榈油,p2701,01,瑞银期货,0,0,0,持平,0,0
20260602,棕榈油,p2609,09,中粮期货,18348,25614,-7266,净空,-797,-982
20260602,棕榈油,p2609,09,乾坤期货,0,0,0,持平,0,0
20260602,棕榈油,p2609,09,摩根大通期货,14522,9913,4609,净多,-4077,1107
20260602,棕榈油,p2609,09,瑞银期货,0,0,0,持平,0,0
20260602,棕榈油,p2701,01,中粮期货,7576,10528,-2952,净空,667,311
20260602,棕榈油,p2701,01,乾坤期货,0,0,0,持平,0,0
20260602,棕榈油,p2701,01,摩根大通期货,0,0,0,持平,0,0
20260602,棕榈油,p2701,01,瑞银期货,0,0,0,持平,0,0
20260603,棕榈油,p2609,09,中粮期货,17297,26578,-9281,净空,-1051,964
20260603,棕榈油,p2609,09,乾坤期货,0,0,0,持平,0,0
20260603,棕榈油,p2609,09,摩根大通期货,17638,9779,7859,净多,3116,-134
20260603,棕榈油,p2609,09,瑞银期货,0,0,0,持平,0,0
20260603,棕榈油,p2701,01,中粮期货,7707,11426,-3719,净空,131,898
20260603,棕榈油,p2701,01,乾坤期货,0,0,0,持平,0,0
20260603,棕榈油,p2701,01,摩根大通期货,0,3601,-3601,净空,0,2134
20260603,棕榈油,p2701,01,瑞银期货,0,0,0,持平,0,0
20260604,棕榈油,p2609,09,中粮期货,21834,24148,-2314,净空,4537,-2430
20260604,棕榈油,p2609,09,乾坤期货,0,0,0,持平,0,0
20260604,棕榈油,p2609,09,摩根大通期货,16928,11398,5530,净多,-710,1619
20260604,棕榈油,p2609,09,瑞银期货,0,0,0,持平,0,0
20260604,棕榈油,p2701,01,中粮期货,9762,11410,-1648,净空,2055,-16
20260604,棕榈油,p2701,01,乾坤期货,0,0,0,持平,0,0
20260604,棕榈油,p2701,01,摩根大通期货,0,3993,-3993,净空,0,392
20260604,棕榈油,p2701,01,瑞银期货,0,0,0,持平,0,0
20260605,棕榈油,p2609,09,中粮期货,18323,20736,-2413,净空,-3511,-3412
20260605,棕榈油,p2609,09,乾坤期货,0,0,0,持平,0,0
20260605,棕榈油,p2609,09,摩根大通期货,13159,10422,2737,净多,-3769,-976
20260605,棕榈油,p2609,09,瑞银期货,0,0,0,持平,0,0
20260605,棕榈油,p2701,01,中粮期货,11770,11776,-6,净空,2008,366
20260605,棕榈油,p2701,01,乾坤期货,0,0,0,持平,0,0
20260605,棕榈油,p2701,01,摩根大通期货,0,4022,-4022,净空,0,29
20260605,棕榈油,p2701,01,瑞银期货,0,0,0,持平,0,0
20260608,棕榈油,p2609,09,中粮期货,18387,17692,695,净多,64,-3044
20260608,棕榈油,p2609,09,乾坤期货,0,0,0,持平,0,0
20260608,棕榈油,p2609,09,摩根大通期货,10848,7643,3205,净多,-2311,-2779
20260608,棕榈油,p2609,09,瑞银期货,0,0,0,持平,0,0
20260608,棕榈油,p2701,01,中粮期货,13896,13941,-45,净空,2126,2165
20260608,棕榈油,p2701,01,乾坤期货,0,0,0,持平,0,0
20260608,棕榈油,p2701,01,摩根大通期货,0,3232,-3232,净空,0,-790
20260608,棕榈油,p2701,01,瑞银期货,0,0,0,持平,0,0
20260609,棕榈油,p2609,09,中粮期货,18372,17015,1357,净多,-15,-677
20260609,棕榈油,p2609,09,乾坤期货,0,0,0,持平,0,0
20260609,棕榈油,p2609,09,摩根大通期货,8322,12096,-3774,净空,-2526,4453
20260609,棕榈油,p2609,09,瑞银期货,0,0,0,持平,0,0
20260609,棕榈油,p2701,01,中粮期货,14620,13404,1216,净多,724,-537
20260609,棕榈油,p2701,01,乾坤期货,0,0,0,持平,0,0
20260609,棕榈油,p2701,01,摩根大通期货,0,3134,-3134,净空,0,-98
20260609,棕榈油,p2701,01,瑞银期货,0,0,0,持平,0,0
20260610,棕榈油,p2609,09,中粮期货,20077,15037,5040,净多,1705,-1978
20260610,棕榈油,p2609,09,乾坤期货,0,0,0,持平,0,0
20260610,棕榈油,p2609,09,摩根大通期货,7187,13456,-6269,净空,-1135,1360
20260610,棕榈油,p2609,09,瑞银期货,0,0,0,持平,0,0
20260610,棕榈油,p2701,01,中粮期货,15591,13547,2044,净多,971,143
20260610,棕榈油,p2701,01,乾坤期货,0,0,0,持平,0,0
20260610,棕榈油,p2701,01,摩根大通期货,0,3047,-3047,净空,0,-87
20260610,棕榈油,p2701,01,瑞银期货,0,0,0,持平,0,0
20260611,棕榈油,p2609,09,中粮期货,22279,15082,7197,净多,2202,45
20260611,棕榈油,p2609,09,乾坤期货,0,0,0,持平,0,0
20260611,棕榈油,p2609,09,摩根大通期货,7634,9635,-2001,净空,447,-3821
20260611,棕榈油,p2609,09,瑞银期货,0,0,0,持平,0,0
20260611,棕榈油,p2701,01,中粮期货,14910,13545,1365,净多,-681,-2
20260611,棕榈油,p2701,01,乾坤期货,0,0,0,持平,0,0
20260611,棕榈油,p2701,01,摩根大通期货,0,3034,-3034,净空,0,-13
20260611,棕榈油,p2701,01,瑞银期货,0,0,0,持平,0,0
20260612,棕榈油,p2609,09,中粮期货,20111,15295,4816,净多,-2168,213
20260612,棕榈油,p2609,09,乾坤期货,0,0,0,持平,0,0
20260612,棕榈油,p2609,09,摩根大通期货,7519,13710,-6191,净空,-115,4075
20260612,棕榈油,p2609,09,瑞银期货,0,0,0,持平,0,0
20260612,棕榈油,p2701,01,中粮期货,15201,13595,1606,净多,291,50
20260612,棕榈油,p2701,01,乾坤期货,0,0,0,持平,0,0
20260612,棕榈油,p2701,01,摩根大通期货,0,3537,-3537,净空,0,503
20260612,棕榈油,p2701,01,瑞银期货,0,0,0,持平,0,0
20260615,棕榈油,p2609,09,中粮期货,19754,14235,5519,净多,-357,-1060
20260615,棕榈油,p2609,09,乾坤期货,0,0,0,持平,0,0
20260615,棕榈油,p2609,09,摩根大通期货,0,12136,-12136,净空,0,-1574
20260615,棕榈油,p2609,09,瑞银期货,0,0,0,持平,0,0
20260615,棕榈油,p2701,01,中粮期货,13924,13782,142,净多,-1277,187
20260615,棕榈油,p2701,01,乾坤期货,0,0,0,持平,0,0
20260615,棕榈油,p2701,01,摩根大通期货,0,4093,-4093,净空,0,556
20260615,棕榈油,p2701,01,瑞银期货,0,0,0,持平,0,0
20260616,棕榈油,p2609,09,中粮期货,20907,12232,8675,净多,1153,-2003
20260616,棕榈油,p2609,09,乾坤期货,0,0,0,持平,0,0
20260616,棕榈油,p2609,09,摩根大通期货,7864,14395,-6531,净空,1110,2259
20260616,棕榈油,p2609,09,瑞银期货,0,0,0,持平,0,0
20260616,棕榈油,p2701,01,中粮期货,14891,16054,-1163,净空,967,2272
20260616,棕榈油,p2701,01,乾坤期货,0,0,0,持平,0,0
20260616,棕榈油,p2701,01,摩根大通期货,0,4093,-4093,净空,0,0
20260616,棕榈油,p2701,01,瑞银期货,0,0,0,持平,0,0
20260617,棕榈油,p2609,09,中粮期货,17214,12104,5110,净多,-3693,-128
20260617,棕榈油,p2609,09,乾坤期货,0,0,0,持平,0,0
20260617,棕榈油,p2609,09,摩根大通期货,0,13563,-13563,净空,0,-832
20260617,棕榈油,p2609,09,瑞银期货,0,0,0,持平,0,0
20260617,棕榈油,p2701,01,中粮期货,17724,18339,-615,净空,2833,2285
20260617,棕榈油,p2701,01,乾坤期货,0,0,0,持平,0,0
20260617,棕榈油,p2701,01,摩根大通期货,0,6009,-6009,净空,0,1916
20260617,棕榈油,p2701,01,瑞银期货,0,0,0,持平,0,0
20260618,棕榈油,p2609,09,中粮期货,18653,10054,8599,净多,1439,-2050
20260618,棕榈油,p2609,09,乾坤期货,0,0,0,持平,0,0
20260618,棕榈油,p2609,09,摩根大通期货,0,21614,-21614,净空,0,8051
20260618,棕榈油,p2609,09,瑞银期货,0,0,0,持平,0,0
20260618,棕榈油,p2701,01,中粮期货,15349,17326,-1977,净空,-2375,-1013
20260618,棕榈油,p2701,01,乾坤期货,0,0,0,持平,0,0
20260618,棕榈油,p2701,01,摩根大通期货,0,4686,-4686,净空,0,-1323
20260618,棕榈油,p2701,01,瑞银期货,0,0,0,持平,0,0
20260622,棕榈油,p2609,09,中粮期货,15309,11958,3351,净多,-3344,1904
20260622,棕榈油,p2609,09,乾坤期货,0,0,0,持平,0,0
20260622,棕榈油,p2609,09,摩根大通期货,0,15343,-15343,净空,0,-6271
20260622,棕榈油,p2609,09,瑞银期货,0,0,0,持平,0,0
20260622,棕榈油,p2701,01,中粮期货,16156,17718,-1562,净空,807,392
20260622,棕榈油,p2701,01,乾坤期货,0,0,0,持平,0,0
20260622,棕榈油,p2701,01,摩根大通期货,0,4186,-4186,净空,0,-500
20260622,棕榈油,p2701,01,瑞银期货,0,0,0,持平,0,0
20260623,棕榈油,p2609,09,中粮期货,18092,9851,8241,净多,2783,-2107
20260623,棕榈油,p2609,09,乾坤期货,0,0,0,持平,0,0
20260623,棕榈油,p2609,09,摩根大通期货,0,24101,-24101,净空,0,8758
20260623,棕榈油,p2609,09,瑞银期货,0,0,0,持平,0,0
20260623,棕榈油,p2701,01,中粮期货,16546,18345,-1799,净空,390,627
20260623,棕榈油,p2701,01,乾坤期货,0,0,0,持平,0,0
20260623,棕榈油,p2701,01,摩根大通期货,0,3448,-3448,净空,0,-738
20260623,棕榈油,p2701,01,瑞银期货,0,0,0,持平,0,0
20260624,棕榈油,p2609,09,中粮期货,16752,9211,7541,净多,-1340,-640
20260624,棕榈油,p2609,09,乾坤期货,0,0,0,持平,0,0
20260624,棕榈油,p2609,09,摩根大通期货,7982,22194,-14212,净空,2592,-1907
20260624,棕榈油,p2609,09,瑞银期货,0,0,0,持平,0,0
20260624,棕榈油,p2701,01,中粮期货,16756,19009,-2253,净空,210,664
20260624,棕榈油,p2701,01,乾坤期货,0,0,0,持平,0,0
20260624,棕榈油,p2701,01,摩根大通期货,0,3186,-3186,净空,0,-262
20260624,棕榈油,p2701,01,瑞银期货,0,0,0,持平,0,0
20260625,棕榈油,p2609,09,中粮期货,24202,7453,16749,净多,7450,-1758
20260625,棕榈油,p2609,09,乾坤期货,0,0,0,持平,0,0
20260625,棕榈油,p2609,09,摩根大通期货,0,27727,-27727,净空,0,5533
20260625,棕榈油,p2609,09,瑞银期货,0,0,0,持平,0,0
20260625,棕榈油,p2701,01,中粮期货,15993,17407,-1414,净空,-763,-1602
20260625,棕榈油,p2701,01,乾坤期货,0,0,0,持平,0,0
20260625,棕榈油,p2701,01,摩根大通期货,0,3555,-3555,净空,0,369
20260625,棕榈油,p2701,01,瑞银期货,0,0,0,持平,0,0
20260626,棕榈油,p2609,09,中粮期货,18446,9037,9409,净多,-5756,1584
20260626,棕榈油,p2609,09,乾坤期货,0,0,0,持平,0,0
20260626,棕榈油,p2609,09,摩根大通期货,0,27229,-27229,净空,0,-498
20260626,棕榈油,p2609,09,瑞银期货,0,0,0,持平,0,0
20260626,棕榈油,p2701,01,中粮期货,16887,18547,-1660,净空,894,1140
20260626,棕榈油,p2701,01,乾坤期货,0,0,0,持平,0,0
20260626,棕榈油,p2701,01,摩根大通期货,0,3257,-3257,净空,0,-298
20260626,棕榈油,p2701,01,瑞银期货,0,0,0,持平,0,0
20260629,棕榈油,p2609,09,中粮期货,19408,9558,9850,净多,962,521
20260629,棕榈油,p2609,09,乾坤期货,0,0,0,持平,0,0
20260629,棕榈油,p2609,09,摩根大通期货,7543,26812,-19269,净空,155,-417
20260629,棕榈油,p2609,09,瑞银期货,0,0,0,持平,0,0
20260629,棕榈油,p2701,01,中粮期货,17572,18608,-1036,净空,685,61
20260629,棕榈油,p2701,01,乾坤期货,0,0,0,持平,0,0
20260629,棕榈油,p2701,01,摩根大通期货,0,4104,-4104,净空,0,847
20260629,棕榈油,p2701,01,瑞银期货,0,0,0,持平,0,0
20260630,棕榈油,p2609,09,中粮期货,17643,9001,8642,净多,-1765,-557
20260630,棕榈油,p2609,09,乾坤期货,0,0,0,持平,0,0
20260630,棕榈油,p2609,09,摩根大通期货,0,27199,-27199,净空,0,387
20260630,棕榈油,p2609,09,瑞银期货,0,0,0,持平,0,0
20260630,棕榈油,p2701,01,中粮期货,16751,18407,-1656,净空,-821,-201
20260630,棕榈油,p2701,01,乾坤期货,0,0,0,持平,0,0
20260630,棕榈油,p2701,01,摩根大通期货,0,4704,-4704,净空,0,600
20260630,棕榈油,p2701,01,瑞银期货,0,0,0,持平,0,0
20260701,棕榈油,p2609,09,中粮期货,15644,10854,4790,净多,-1999,1853
20260701,棕榈油,p2609,09,乾坤期货,0,0,0,持平,0,0
20260701,棕榈油,p2609,09,摩根大通期货,10130,28167,-18037,净空,3545,968
20260701,棕榈油,p2609,09,瑞银期货,0,0,0,持平,0,0
20260701,棕榈油,p2701,01,中粮期货,16491,18567,-2076,净空,-260,160
20260701,棕榈油,p2701,01,乾坤期货,0,0,0,持平,0,0
20260701,棕榈油,p2701,01,摩根大通期货,0,7697,-7697,净空,0,2993
20260701,棕榈油,p2701,01,瑞银期货,0,0,0,持平,0,0
20260702,棕榈油,p2609,09,中粮期货,20382,7993,12389,净多,4738,-2861
20260702,棕榈油,p2609,09,乾坤期货,0,0,0,持平,0,0
20260702,棕榈油,p2609,09,摩根大通期货,8183,30937,-22754,净空,-1947,2770
20260702,棕榈油,p2609,09,瑞银期货,0,0,0,持平,0,0
20260702,棕榈油,p2701,01,中粮期货,16441,18589,-2148,净空,-50,22
20260702,棕榈油,p2701,01,乾坤期货,0,0,0,持平,0,0
20260702,棕榈油,p2701,01,摩根大通期货,0,7790,-7790,净空,0,93
20260702,棕榈油,p2701,01,瑞银期货,0,0,0,持平,0,0
20260703,棕榈油,p2609,09,中粮期货,20636,7128,13508,净多,254,-865
20260703,棕榈油,p2609,09,乾坤期货,0,0,0,持平,0,0
20260703,棕榈油,p2609,09,摩根大通期货,8227,39006,-30779,净空,44,8069
20260703,棕榈油,p2609,09,瑞银期货,0,0,0,持平,0,0
20260703,棕榈油,p2701,01,中粮期货,15783,18704,-2921,净空,-658,115
20260703,棕榈油,p2701,01,乾坤期货,0,0,0,持平,0,0
20260703,棕榈油,p2701,01,摩根大通期货,0,8200,-8200,净空,0,410
20260703,棕榈油,p2701,01,瑞银期货,0,0,0,持平,0,0
20260706,棕榈油,p2609,09,中粮期货,16648,6012,10636,净多,-3988,-1116
20260706,棕榈油,p2609,09,乾坤期货,0,0,0,持平,0,0
20260706,棕榈油,p2609,09,摩根大通期货,6937,34134,-27197,净空,-1290,-4872
20260706,棕榈油,p2609,09,瑞银期货,0,0,0,持平,0,0
20260706,棕榈油,p2701,01,中粮期货,16174,16632,-458,净空,391,-2072
20260706,棕榈油,p2701,01,乾坤期货,0,0,0,持平,0,0
20260706,棕榈油,p2701,01,摩根大通期货,0,8131,-8131,净空,0,-69
20260706,棕榈油,p2701,01,瑞银期货,0,0,0,持平,0,0
20260706,棕榈油,p2705,05,中粮期货,446,5579,-5133,净空,-21,30
20260706,棕榈油,p2705,05,乾坤期货,0,0,0,持平,0,0
20260706,棕榈油,p2705,05,摩根大通期货,1489,0,1489,净多,0,0
20260706,棕榈油,p2705,05,瑞银期货,0,0,0,持平,0,0
20260707,棕榈油,p2609,09,中粮期货,13330,6728,6602,净多,-3318,716
20260707,棕榈油,p2609,09,乾坤期货,0,0,0,持平,0,0
20260707,棕榈油,p2609,09,摩根大通期货,9565,33442,-23877,净空,2628,-692
20260707,棕榈油,p2609,09,瑞银期货,0,0,0,持平,0,0
20260707,棕榈油,p2701,01,中粮期货,16004,16878,-874,净空,-170,246
20260707,棕榈油,p2701,01,乾坤期货,0,0,0,持平,0,0
20260707,棕榈油,p2701,01,摩根大通期货,0,8110,-8110,净空,0,-21
20260707,棕榈油,p2701,01,瑞银期货,0,0,0,持平,0,0
20260707,棕榈油,p2705,05,中粮期货,452,5451,-4999,净空,6,-128
20260707,棕榈油,p2705,05,乾坤期货,0,0,0,持平,0,0
20260707,棕榈油,p2705,05,摩根大通期货,1489,0,1489,净多,0,0
20260707,棕榈油,p2705,05,瑞银期货,0,0,0,持平,0,0
20260708,棕榈油,p2609,09,中粮期货,16537,7506,9031,净多,3207,778
20260708,棕榈油,p2609,09,乾坤期货,0,0,0,持平,0,0
20260708,棕榈油,p2609,09,摩根大通期货,10462,32230,-21768,净空,897,-1212
20260708,棕榈油,p2609,09,瑞银期货,0,0,0,持平,0,0
20260708,棕榈油,p2701,01,中粮期货,14938,17012,-2074,净空,-1066,134
20260708,棕榈油,p2701,01,乾坤期货,0,0,0,持平,0,0
20260708,棕榈油,p2701,01,摩根大通期货,0,8305,-8305,净空,0,195
20260708,棕榈油,p2701,01,瑞银期货,0,0,0,持平,0,0
20260708,棕榈油,p2705,05,中粮期货,0,5308,-5308,净空,0,-143
20260708,棕榈油,p2705,05,乾坤期货,0,0,0,持平,0,0
20260708,棕榈油,p2705,05,摩根大通期货,1489,0,1489,净多,0,0
20260708,棕榈油,p2705,05,瑞银期货,0,0,0,持平,0,0
20260709,棕榈油,p2609,09,中粮期货,15889,6935,8954,净多,-648,-571
20260709,棕榈油,p2609,09,乾坤期货,0,0,0,持平,0,0
20260709,棕榈油,p2609,09,摩根大通期货,10911,28510,-17599,净空,449,-3720
20260709,棕榈油,p2609,09,瑞银期货,0,0,0,持平,0,0
20260709,棕榈油,p2701,01,中粮期货,15979,17490,-1511,净空,1041,478
20260709,棕榈油,p2701,01,乾坤期货,0,0,0,持平,0,0
20260709,棕榈油,p2701,01,摩根大通期货,0,8222,-8222,净空,0,-83
20260709,棕榈油,p2701,01,瑞银期货,0,0,0,持平,0,0
20260709,棕榈油,p2705,05,中粮期货,0,5308,-5308,净空,0,0
20260709,棕榈油,p2705,05,乾坤期货,0,0,0,持平,0,0
20260709,棕榈油,p2705,05,摩根大通期货,1489,0,1489,净多,0,0
20260709,棕榈油,p2705,05,瑞银期货,0,0,0,持平,0,0
20260710,棕榈油,p2609,09,中粮期货,15522,8000,7522,净多,-367,1065
20260710,棕榈油,p2609,09,乾坤期货,0,0,0,持平,0,0
20260710,棕榈油,p2609,09,摩根大通期货,11632,33230,-21598,净空,721,4720
20260710,棕榈油,p2609,09,瑞银期货,0,0,0,持平,0,0
20260710,棕榈油,p2701,01,中粮期货,14920,17791,-2871,净空,-1059,301
20260710,棕榈油,p2701,01,乾坤期货,0,0,0,持平,0,0
20260710,棕榈油,p2701,01,摩根大通期货,0,8258,-8258,净空,0,36
20260710,棕榈油,p2701,01,瑞银期货,0,0,0,持平,0,0
20260710,棕榈油,p2705,05,中粮期货,0,4354,-4354,净空,0,-954
20260710,棕榈油,p2705,05,乾坤期货,0,0,0,持平,0,0
20260710,棕榈油,p2705,05,摩根大通期货,1489,0,1489,净多,0,0
20260710,棕榈油,p2705,05,瑞银期货,0,0,0,持平,0,0
20260713,棕榈油,p2609,09,中粮期货,13598,7234,6364,净多,-1924,-766
20260713,棕榈油,p2609,09,乾坤期货,0,0,0,持平,0,0
20260713,棕榈油,p2609,09,摩根大通期货,12004,33729,-21725,净空,372,499
20260713,棕榈油,p2609,09,瑞银期货,0,0,0,持平,0,0
20260713,棕榈油,p2701,01,中粮期货,14052,17906,-3854,净空,-868,115
20260713,棕榈油,p2701,01,乾坤期货,0,0,0,持平,0,0
20260713,棕榈油,p2701,01,摩根大通期货,0,8469,-8469,净空,0,211
20260713,棕榈油,p2701,01,瑞银期货,0,0,0,持平,0,0
20260713,棕榈油,p2705,05,中粮期货,389,3767,-3378,净空,63,-587
20260713,棕榈油,p2705,05,乾坤期货,0,0,0,持平,0,0
20260713,棕榈油,p2705,05,摩根大通期货,1489,0,1489,净多,0,0
20260713,棕榈油,p2705,05,瑞银期货,0,0,0,持平,0,0
20260714,棕榈油,p2609,09,中粮期货,17228,7541,9687,净多,3630,307
20260714,棕榈油,p2609,09,乾坤期货,0,0,0,持平,0,0
20260714,棕榈油,p2609,09,摩根大通期货,14177,28444,-14267,净空,2173,-5285
20260714,棕榈油,p2609,09,瑞银期货,0,0,0,持平,0,0
20260714,棕榈油,p2701,01,中粮期货,14286,19301,-5015,净空,234,1395
20260714,棕榈油,p2701,01,乾坤期货,0,0,0,持平,0,0
20260714,棕榈油,p2701,01,摩根大通期货,0,8358,-8358,净空,0,-111
20260714,棕榈油,p2701,01,瑞银期货,0,0,0,持平,0,0
20260714,棕榈油,p2705,05,中粮期货,388,3874,-3486,净空,-1,107
20260714,棕榈油,p2705,05,乾坤期货,0,0,0,持平,0,0
20260714,棕榈油,p2705,05,摩根大通期货,1489,0,1489,净多,0,0
20260714,棕榈油,p2705,05,瑞银期货,0,0,0,持平,0,0
20260715,棕榈油,p2609,09,中粮期货,16050,7224,8826,净多,-1178,-317
20260715,棕榈油,p2609,09,乾坤期货,0,0,0,持平,0,0
20260715,棕榈油,p2609,09,摩根大通期货,13107,29370,-16263,净空,-1070,926
20260715,棕榈油,p2609,09,瑞银期货,0,0,0,持平,0,0
20260715,棕榈油,p2701,01,中粮期货,14752,20530,-5778,净空,466,1229
20260715,棕榈油,p2701,01,乾坤期货,0,0,0,持平,0,0
20260715,棕榈油,p2701,01,摩根大通期货,0,8358,-8358,净空,0,0
20260715,棕榈油,p2701,01,瑞银期货,0,0,0,持平,0,0
20260715,棕榈油,p2705,05,中粮期货,0,4209,-4209,净空,0,335
20260715,棕榈油,p2705,05,乾坤期货,0,0,0,持平,0,0
20260715,棕榈油,p2705,05,摩根大通期货,1489,0,1489,净多,0,0
20260715,棕榈油,p2705,05,瑞银期货,0,0,0,持平,0,0
20260716,棕榈油,p2609,09,一德期货,31510,17176,14334,净多,201,-19
20260716,棕榈油,p2609,09,中信期货,10611,51666,-41055,净空,0,2074
20260716,棕榈油,p2609,09,中粮期货,17562,6434,11128,净多,1512,-790
20260716,棕榈油,p2609,09,乾坤期货,0,0,0,持平,0,0
20260716,棕榈油,p2609,09,国泰君安期货,38606,31269,7337,净多,619,2026
20260716,棕榈油,p2609,09,摩根大通期货,13765,32523,-18758,净空,658,3153
20260716,棕榈油,p2609,09,永安期货,12086,8063,4023,净多,408,570
20260716,棕榈油,p2609,09,瑞银期货,0,0,0,持平,0,0
20260716,棕榈油,p2609,09,高盛期货,8462,36577,-28115,净空,87,991
20260716,棕榈油,p2701,01,一德期货,27791,23440,4351,净多,3,44
20260716,棕榈油,p2701,01,中信期货,4804,19378,-14574,净空,76,1156
20260716,棕榈油,p2701,01,中粮期货,14528,20660,-6132,净空,-224,130
20260716,棕榈油,p2701,01,乾坤期货,0,0,0,持平,0,0
20260716,棕榈油,p2701,01,国泰君安期货,12892,21339,-8447,净空,-430,-1125
20260716,棕榈油,p2701,01,摩根大通期货,0,8074,-8074,净空,0,-284
20260716,棕榈油,p2701,01,永安期货,4226,3510,716,净多,312,154
20260716,棕榈油,p2701,01,瑞银期货,0,0,0,持平,0,0
20260716,棕榈油,p2701,01,高盛期货,0,0,0,持平,0,0
20260716,棕榈油,p2705,05,一德期货,2218,7113,-4895,净空,456,820
20260716,棕榈油,p2705,05,中信期货,3260,0,3260,净多,700,0
20260716,棕榈油,p2705,05,中粮期货,0,3996,-3996,净空,0,-213
20260716,棕榈油,p2705,05,乾坤期货,0,0,0,持平,0,0
20260716,棕榈油,p2705,05,国泰君安期货,5536,2167,3369,净多,463,731
20260716,棕榈油,p2705,05,摩根大通期货,1489,0,1489,净多,0,0
20260716,棕榈油,p2705,05,永安期货,956,0,956,净多,191,0
20260716,棕榈油,p2705,05,瑞银期货,0,0,0,持平,0,0
20260716,棕榈油,p2705,05,高盛期货,0,0,0,持平,0,0
20260717,棕榈油,p2609,09,一德期货,30612,10691,19921,净多,-898,-6485
20260717,棕榈油,p2609,09,中信期货,11465,53461,-41996,净空,854,1795
20260717,棕榈油,p2609,09,中粮期货,15880,5880,10000,净多,-1682,-554
20260717,棕榈油,p2609,09,乾坤期货,0,0,0,持平,0,0
20260717,棕榈油,p2609,09,国泰君安期货,37823,32487,5336,净多,-783,1218
20260717,棕榈油,p2609,09,摩根大通期货,15949,32223,-16274,净空,2184,-300
20260717,棕榈油,p2609,09,永安期货,11986,8062,3924,净多,-100,-1
20260717,棕榈油,p2609,09,瑞银期货,0,0,0,持平,0,0
20260717,棕榈油,p2609,09,高盛期货,9115,35143,-26028,净空,653,-1434
20260717,棕榈油,p2701,01,一德期货,27756,15836,11920,净多,-35,-7604
20260717,棕榈油,p2701,01,中信期货,4782,18943,-14161,净空,-22,-435
20260717,棕榈油,p2701,01,中粮期货,14379,20636,-6257,净空,-149,-24
20260717,棕榈油,p2701,01,乾坤期货,0,0,0,持平,0,0
20260717,棕榈油,p2701,01,国泰君安期货,11837,18294,-6457,净空,-1055,-3045
20260717,棕榈油,p2701,01,摩根大通期货,0,8109,-8109,净空,0,35
20260717,棕榈油,p2701,01,永安期货,3612,3797,-185,净空,-614,287
20260717,棕榈油,p2701,01,瑞银期货,0,0,0,持平,0,0
20260717,棕榈油,p2701,01,高盛期货,0,0,0,持平,0,0
20260717,棕榈油,p2705,05,一德期货,2220,7213,-4993,净空,2,100
20260717,棕榈油,p2705,05,中信期货,3224,0,3224,净多,-36,0
20260717,棕榈油,p2705,05,中粮期货,0,3752,-3752,净空,0,-244
20260717,棕榈油,p2705,05,乾坤期货,0,0,0,持平,0,0
20260717,棕榈油,p2705,05,国泰君安期货,5531,2171,3360,净多,-5,4
20260717,棕榈油,p2705,05,摩根大通期货,1489,0,1489,净多,0,0
20260717,棕榈油,p2705,05,永安期货,1178,0,1178,净多,222,0
20260717,棕榈油,p2705,05,瑞银期货,0,0,0,持平,0,0
20260717,棕榈油,p2705,05,高盛期货,0,0,0,持平,0,0
20260720,棕榈油,p2609,09,一德期货,29467,10143,19324,净多,-1145,-548
20260720,棕榈油,p2609,09,中信期货,13225,48286,-35061,净空,1760,-5175
20260720,棕榈油,p2609,09,中粮期货,15986,5929,10057,净多,106,49
20260720,棕榈油,p2609,09,乾坤期货,0,0,0,持平,0,0
20260720,棕榈油,p2609,09,国泰君安期货,34963,30816,4147,净多,-2860,-1671
20260720,棕榈油,p2609,09,摩根大通期货,15171,25016,-9845,净空,-778,-7207
20260720,棕榈油,p2609,09,永安期货,11793,8191,3602,净多,-193,129
20260720,棕榈油,p2609,09,瑞银期货,0,0,0,持平,0,0
20260720,棕榈油,p2609,09,高盛期货,10036,28106,-18070,净空,921,-7037
20260720,棕榈油,p2701,01,一德期货,29564,15952,13612,净多,1808,116
20260720,棕榈油,p2701,01,中信期货,5528,11204,-5676,净空,746,-7739
20260720,棕榈油,p2701,01,中粮期货,14349,21471,-7122,净空,-30,835
20260720,棕榈油,p2701,01,乾坤期货,0,0,0,持平,0,0
20260720,棕榈油,p2701,01,国泰君安期货,12991,21562,-8571,净空,1154,3268
20260720,棕榈油,p2701,01,摩根大通期货,0,7409,-7409,净空,0,-700
20260720,棕榈油,p2701,01,永安期货,3504,3838,-334,净空,-108,41
20260720,棕榈油,p2701,01,瑞银期货,0,0,0,持平,0,0
20260720,棕榈油,p2701,01,高盛期货,0,2724,-2724,净空,0,863
20260720,棕榈油,p2705,05,一德期货,3189,7853,-4664,净空,969,640
20260720,棕榈油,p2705,05,中信期货,2968,0,2968,净多,-256,0
20260720,棕榈油,p2705,05,中粮期货,622,3546,-2924,净空,173,-206
20260720,棕榈油,p2705,05,乾坤期货,0,0,0,持平,0,0
20260720,棕榈油,p2705,05,国泰君安期货,6364,2449,3915,净多,833,278
20260720,棕榈油,p2705,05,摩根大通期货,1489,0,1489,净多,0,0
20260720,棕榈油,p2705,05,永安期货,1245,0,1245,净多,67,0
20260720,棕榈油,p2705,05,瑞银期货,0,0,0,持平,0,0
20260720,棕榈油,p2705,05,高盛期货,0,0,0,持平,0,0
20260721,棕榈油,p2609,09,一德期货,31724,9544,22180,净多,2257,-599
20260721,棕榈油,p2609,09,中信期货,10676,49536,-38860,净空,-2549,1250
20260721,棕榈油,p2609,09,中粮期货,18041,0,18041,净多,2055,0
20260721,棕榈油,p2609,09,乾坤期货,0,0,0,持平,0,0
20260721,棕榈油,p2609,09,国泰君安期货,33511,36313,-2802,净空,-1452,5497
20260721,棕榈油,p2609,09,摩根大通期货,14236,25843,-11607,净空,-935,827
20260721,棕榈油,p2609,09,永安期货,12362,11457,905,净多,569,3266
20260721,棕榈油,p2609,09,瑞银期货,0,0,0,持平,0,0
20260721,棕榈油,p2609,09,高盛期货,10898,35984,-25086,净空,862,7878
20260721,棕榈油,p2701,01,一德期货,29228,15842,13386,净多,-336,-110
20260721,棕榈油,p2701,01,中信期货,4970,11418,-6448,净空,-558,214
20260721,棕榈油,p2701,01,中粮期货,14950,20912,-5962,净空,601,-559
20260721,棕榈油,p2701,01,乾坤期货,0,0,0,持平,0,0
20260721,棕榈油,p2701,01,国泰君安期货,12689,19556,-6867,净空,-302,-2006
20260721,棕榈油,p2701,01,摩根大通期货,3864,7513,-3649,净空,1065,104
20260721,棕榈油,p2701,01,永安期货,3701,3947,-246,净空,197,109
20260721,棕榈油,p2701,01,瑞银期货,0,0,0,持平,0,0
20260721,棕榈油,p2701,01,高盛期货,0,0,0,持平,0,0
20260721,棕榈油,p2705,05,一德期货,3189,7886,-4697,净空,0,33
20260721,棕榈油,p2705,05,中信期货,2823,657,2166,净多,-145,330
20260721,棕榈油,p2705,05,中粮期货,631,3530,-2899,净空,9,-16
20260721,棕榈油,p2705,05,乾坤期货,0,0,0,持平,0,0
20260721,棕榈油,p2705,05,国泰君安期货,5999,2487,3512,净多,-365,38
20260721,棕榈油,p2705,05,摩根大通期货,1489,0,1489,净多,0,0
20260721,棕榈油,p2705,05,永安期货,1347,0,1347,净多,102,0
20260721,棕榈油,p2705,05,瑞银期货,0,0,0,持平,0,0
20260721,棕榈油,p2705,05,高盛期货,759,0,759,净多,366,0
20260722,棕榈油,p2609,09,一德期货,29578,9531,20047,净多,-2146,-13
20260722,棕榈油,p2609,09,中信期货,11118,49800,-38682,净空,442,264
20260722,棕榈油,p2609,09,中粮期货,19087,0,19087,净多,1046,0
20260722,棕榈油,p2609,09,乾坤期货,0,0,0,持平,0,0
20260722,棕榈油,p2609,09,国泰君安期货,36514,35289,1225,净多,3003,-1024
20260722,棕榈油,p2609,09,摩根大通期货,13710,21891,-8181,净空,-526,-3952
20260722,棕榈油,p2609,09,永安期货,13500,10846,2654,净多,1138,-611
20260722,棕榈油,p2609,09,瑞银期货,0,0,0,持平,0,0
20260722,棕榈油,p2609,09,高盛期货,9918,37345,-27427,净空,-980,1361
20260722,棕榈油,p2701,01,一德期货,31807,16070,15737,净多,2579,228
20260722,棕榈油,p2701,01,中信期货,5016,11147,-6131,净空,46,-271
20260722,棕榈油,p2701,01,中粮期货,17067,22618,-5551,净空,2117,1706
20260722,棕榈油,p2701,01,乾坤期货,0,0,0,持平,0,0
20260722,棕榈油,p2701,01,国泰君安期货,13380,21834,-8454,净空,691,2278
20260722,棕榈油,p2701,01,摩根大通期货,5632,6456,-824,净空,1768,-1057
20260722,棕榈油,p2701,01,永安期货,3951,4225,-274,净空,250,278
20260722,棕榈油,p2701,01,瑞银期货,0,0,0,持平,0,0
20260722,棕榈油,p2701,01,高盛期货,0,2836,-2836,净空,0,102
20260722,棕榈油,p2705,05,一德期货,3720,7926,-4206,净空,531,40
20260722,棕榈油,p2705,05,中信期货,2888,977,1911,净多,65,320
20260722,棕榈油,p2705,05,中粮期货,683,3544,-2861,净空,52,14
20260722,棕榈油,p2705,05,乾坤期货,0,0,0,持平,0,0
20260722,棕榈油,p2705,05,国泰君安期货,6003,2485,3518,净多,4,-2
20260722,棕榈油,p2705,05,摩根大通期货,1489,0,1489,净多,0,0
20260722,棕榈油,p2705,05,永安期货,1415,0,1415,净多,68,0
20260722,棕榈油,p2705,05,瑞银期货,0,0,0,持平,0,0
20260722,棕榈油,p2705,05,高盛期货,769,0,769,净多,10,0
20260723,棕榈油,p2609,09,一德期货,22489,12198,10291,净多,-7089,2667
20260723,棕榈油,p2609,09,中信期货,14033,45102,-31069,净空,2915,-4698
20260723,棕榈油,p2609,09,中粮期货,16495,7094,9401,净多,-2592,2794
20260723,棕榈油,p2609,09,乾坤期货,0,0,0,持平,0,0
20260723,棕榈油,p2609,09,国泰君安期货,39918,29500,10418,净多,3404,-5789
20260723,棕榈油,p2609,09,摩根大通期货,14277,13018,1259,净多,567,-8873
20260723,棕榈油,p2609,09,永安期货,14920,7718,7202,净多,1420,-3128
20260723,棕榈油,p2609,09,瑞银期货,0,0,0,持平,0,0
20260723,棕榈油,p2609,09,高盛期货,8885,18888,-10003,净空,-1033,-18457
20260723,棕榈油,p2701,01,一德期货,33586,16130,17456,净多,1779,60
20260723,棕榈油,p2701,01,中信期货,6972,10451,-3479,净空,1956,-696
20260723,棕榈油,p2701,01,中粮期货,13612,27087,-13475,净空,-3455,4469
20260723,棕榈油,p2701,01,乾坤期货,0,0,0,持平,0,0
20260723,棕榈油,p2701,01,国泰君安期货,18993,31022,-12029,净空,5613,9188
20260723,棕榈油,p2701,01,摩根大通期货,11496,5636,5860,净多,5864,-820
20260723,棕榈油,p2701,01,永安期货,5463,5142,321,净多,1512,917
20260723,棕榈油,p2701,01,瑞银期货,0,0,0,持平,0,0
20260723,棕榈油,p2701,01,高盛期货,0,2744,-2744,净空,0,-92
20260723,棕榈油,p2705,05,一德期货,4298,10891,-6593,净空,578,2965
20260723,棕榈油,p2705,05,中信期货,3347,1377,1970,净多,459,400
20260723,棕榈油,p2705,05,中粮期货,583,3952,-3369,净空,-100,408
20260723,棕榈油,p2705,05,乾坤期货,0,0,0,持平,0,0
20260723,棕榈油,p2705,05,国泰君安期货,7128,2238,4890,净多,1125,-247
20260723,棕榈油,p2705,05,摩根大通期货,1700,0,1700,净多,211,0
20260723,棕榈油,p2705,05,永安期货,1563,524,1039,净多,148,179
20260723,棕榈油,p2705,05,瑞银期货,0,0,0,持平,0,0
20260723,棕榈油,p2705,05,高盛期货,720,0,720,净多,-49,0
20260724,棕榈油,p2609,09,一德期货,21719,13830,7889,净多,-770,1632
20260724,棕榈油,p2609,09,东证期货,30784,28968,1816,净多,-2791,101
20260724,棕榈油,p2609,09,中信期货,14422,36367,-21945,净空,389,-8735
20260724,棕榈油,p2609,09,中粮期货,11650,8320,3330,净多,-4845,1226
20260724,棕榈油,p2609,09,乾坤期货,0,0,0,持平,0,0
20260724,棕榈油,p2609,09,五矿期货,10180,0,10180,净多,669,0
20260724,棕榈油,p2609,09,华泰期货,14786,12593,2193,净多,-2739,854
20260724,棕榈油,p2609,09,国投安信期货,0,0,0,持平,0,0
20260724,棕榈油,p2609,09,国泰君安期货,40352,27329,13023,净多,434,-2171
20260724,棕榈油,p2609,09,广发期货,10389,7915,2474,净多,-811,-244
20260724,棕榈油,p2609,09,摩根大通期货,15721,13014,2707,净多,1444,-4
20260724,棕榈油,p2609,09,永安期货,14625,7392,7233,净多,-295,-326
20260724,棕榈油,p2609,09,海通期货,11915,19857,-7942,净空,-494,-8
20260724,棕榈油,p2609,09,瑞达期货,0,0,0,持平,0,0
20260724,棕榈油,p2609,09,瑞银期货,0,0,0,持平,0,0
20260724,棕榈油,p2609,09,高盛期货,10256,16939,-6683,净空,1371,-1949
20260724,棕榈油,p2611,11,一德期货,0,0,0,持平,0,0
20260724,棕榈油,p2611,11,东证期货,2369,2610,-241,净空,-6,-31
20260724,棕榈油,p2611,11,中信期货,5283,4576,707,净多,5,-7
20260724,棕榈油,p2611,11,中粮期货,411,503,-92,净空,96,100
20260724,棕榈油,p2611,11,五矿期货,0,51,-51,净空,0,0
20260724,棕榈油,p2611,11,华泰期货,1240,1347,-107,净空,309,14
20260724,棕榈油,p2611,11,国投安信期货,0,0,0,持平,0,0
20260724,棕榈油,p2611,11,国泰君安期货,10123,11116,-993,净空,16,33
20260724,棕榈油,p2611,11,广发期货,808,0,808,净多,13,0
20260724,棕榈油,p2611,11,摩根大通期货,0,0,0,持平,0,0
20260724,棕榈油,p2611,11,海通期货,4809,4812,-3,净空,-28,-33
20260724,棕榈油,p2611,11,瑞达期货,299,0,299,净多,4,0
20260724,棕榈油,p2611,11,瑞银期货,0,0,0,持平,0,0
20260724,棕榈油,p2611,11,高盛期货,0,0,0,持平,0,0
20260724,棕榈油,p2701,01,一德期货,32686,16004,16682,净多,-900,-126
20260724,棕榈油,p2701,01,东证期货,11130,12905,-1775,净空,130,568
20260724,棕榈油,p2701,01,中信期货,6108,8783,-2675,净空,-864,-1668
20260724,棕榈油,p2701,01,中粮期货,13930,27241,-13311,净空,318,154
20260724,棕榈油,p2701,01,乾坤期货,0,0,0,持平,0,0
20260724,棕榈油,p2701,01,五矿期货,7574,0,7574,净多,451,0
20260724,棕榈油,p2701,01,华泰期货,5059,6028,-969,净空,267,-510
20260724,棕榈油,p2701,01,国投安信期货,0,0,0,持平,0,0
20260724,棕榈油,p2701,01,国泰君安期货,18151,30168,-12017,净空,-842,-854
20260724,棕榈油,p2701,01,广发期货,5633,9183,-3550,净空,-1899,1058
20260724,棕榈油,p2701,01,摩根大通期货,12724,4397,8327,净多,1228,-1239
20260724,棕榈油,p2701,01,永安期货,5402,4690,712,净多,-61,-452
20260724,棕榈油,p2701,01,海通期货,0,0,0,持平,0,0
20260724,棕榈油,p2701,01,瑞达期货,6884,6763,121,净多,-1663,-37
20260724,棕榈油,p2701,01,瑞银期货,0,0,0,持平,0,0
20260724,棕榈油,p2701,01,高盛期货,0,2680,-2680,净空,0,-64
20260724,棕榈油,p2705,05,一德期货,4498,11891,-7393,净空,200,1000
20260724,棕榈油,p2705,05,东证期货,2024,1701,323,净多,-20,177
20260724,棕榈油,p2705,05,中信期货,2257,1917,340,净多,-1090,540
20260724,棕榈油,p2705,05,中粮期货,893,5746,-4853,净空,310,1794
20260724,棕榈油,p2705,05,乾坤期货,0,0,0,持平,0,0
20260724,棕榈油,p2705,05,五矿期货,0,0,0,持平,0,0
20260724,棕榈油,p2705,05,华泰期货,2853,546,2307,净多,512,-191
20260724,棕榈油,p2705,05,国投安信期货,0,0,0,持平,0,0
20260724,棕榈油,p2705,05,国泰君安期货,6771,1239,5532,净多,-357,-999
20260724,棕榈油,p2705,05,广发期货,1992,2026,-34,净空,272,38
20260724,棕榈油,p2705,05,摩根大通期货,2000,0,2000,净多,300,0
20260724,棕榈油,p2705,05,永安期货,1915,1011,904,净多,352,487
20260724,棕榈油,p2705,05,海通期货,0,0,0,持平,0,0
20260724,棕榈油,p2705,05,瑞达期货,0,518,-518,净空,0,138
20260724,棕榈油,p2705,05,瑞银期货,0,0,0,持平,0,0
20260724,棕榈油,p2705,05,高盛期货,770,0,770,净多,50,0
20260727,棕榈油,p2609,09,一德期货,17063,12860,4203,净多,-4656,-970
20260727,棕榈油,p2609,09,东证期货,26590,29630,-3040,净空,-4194,662
20260727,棕榈油,p2609,09,中信期货,10789,32545,-21756,净空,-3633,-3822
20260727,棕榈油,p2609,09,中粮期货,12481,6396,6085,净多,831,-1924
20260727,棕榈油,p2609,09,乾坤期货,0,0,0,持平,0,0
20260727,棕榈油,p2609,09,五矿期货,10760,0,10760,净多,580,0
20260727,棕榈油,p2609,09,华泰期货,14021,10732,3289,净多,-765,-1861
20260727,棕榈油,p2609,09,国投安信期货,0,0,0,持平,0,0
20260727,棕榈油,p2609,09,国泰君安期货,38724,25375,13349,净多,-1628,-1954
20260727,棕榈油,p2609,09,广发期货,10483,7528,2955,净多,94,-387
20260727,棕榈油,p2609,09,摩根大通期货,10984,15683,-4699,净空,-4737,2669
20260727,棕榈油,p2609,09,永安期货,14242,6227,8015,净多,-383,-1165
20260727,棕榈油,p2609,09,海通期货,10927,19422,-8495,净空,-988,-435
20260727,棕榈油,p2609,09,瑞达期货,0,0,0,持平,0,0
20260727,棕榈油,p2609,09,瑞银期货,0,0,0,持平,0,0
20260727,棕榈油,p2609,09,高盛期货,0,24336,-24336,净空,0,7397
20260727,棕榈油,p2611,11,一德期货,0,0,0,持平,0,0
20260727,棕榈油,p2611,11,东证期货,2381,2691,-310,净空,12,81
20260727,棕榈油,p2611,11,中信期货,5280,4562,718,净多,-3,-14
20260727,棕榈油,p2611,11,中粮期货,403,413,-10,净空,-8,-90
20260727,棕榈油,p2611,11,五矿期货,0,51,-51,净空,0,0
20260727,棕榈油,p2611,11,华泰期货,1301,1369,-68,净空,61,22
20260727,棕榈油,p2611,11,国投安信期货,0,0,0,持平,0,0
20260727,棕榈油,p2611,11,国泰君安期货,10142,10898,-756,净空,19,-218
20260727,棕榈油,p2611,11,广发期货,767,0,767,净多,-41,0
20260727,棕榈油,p2611,11,摩根大通期货,0,0,0,持平,0,0
20260727,棕榈油,p2611,11,海通期货,4803,4814,-11,净空,-6,2
20260727,棕榈油,p2611,11,瑞达期货,302,0,302,净多,3,0
20260727,棕榈油,p2611,11,瑞银期货,0,0,0,持平,0,0
20260727,棕榈油,p2611,11,高盛期货,0,0,0,持平,0,0
20260727,棕榈油,p2701,01,一德期货,31512,15990,15522,净多,-1174,-14
20260727,棕榈油,p2701,01,东证期货,10397,12282,-1885,净空,-733,-623
20260727,棕榈油,p2701,01,中信期货,5657,9533,-3876,净空,-451,750
20260727,棕榈油,p2701,01,中粮期货,14854,27966,-13112,净空,924,725
20260727,棕榈油,p2701,01,乾坤期货,0,0,0,持平,0,0
20260727,棕榈油,p2701,01,五矿期货,7332,0,7332,净多,-242,0
20260727,棕榈油,p2701,01,华泰期货,4410,6365,-1955,净空,-649,337
20260727,棕榈油,p2701,01,国投安信期货,0,0,0,持平,0,0
20260727,棕榈油,p2701,01,国泰君安期货,16617,26624,-10007,净空,-1534,-3544
20260727,棕榈油,p2701,01,广发期货,6208,8571,-2363,净空,575,-612
20260727,棕榈油,p2701,01,摩根大通期货,15842,3499,12343,净多,3118,-898
20260727,棕榈油,p2701,01,永安期货,5519,4895,624,净多,117,205
20260727,棕榈油,p2701,01,海通期货,0,0,0,持平,0,0
20260727,棕榈油,p2701,01,瑞达期货,7326,7810,-484,净空,442,1047
20260727,棕榈油,p2701,01,瑞银期货,0,0,0,持平,0,0
20260727,棕榈油,p2701,01,高盛期货,0,2855,-2855,净空,0,175
20260727,棕榈油,p2705,05,一德期货,4498,12895,-8397,净空,0,1004
20260727,棕榈油,p2705,05,东证期货,2148,1620,528,净多,124,-81
20260727,棕榈油,p2705,05,中信期货,2145,1916,229,净多,-112,-1
20260727,棕榈油,p2705,05,中粮期货,0,5937,-5937,净空,0,191
20260727,棕榈油,p2705,05,乾坤期货,0,0,0,持平,0,0
20260727,棕榈油,p2705,05,五矿期货,0,0,0,持平,0,0
20260727,棕榈油,p2705,05,华泰期货,2747,0,2747,净多,-106,0
20260727,棕榈油,p2705,05,国投安信期货,0,0,0,持平,0,0
20260727,棕榈油,p2705,05,国泰君安期货,7050,1265,5785,净多,279,26
20260727,棕榈油,p2705,05,广发期货,2039,2180,-141,净空,47,154
20260727,棕榈油,p2705,05,摩根大通期货,1451,0,1451,净多,-549,0
20260727,棕榈油,p2705,05,永安期货,1739,1012,727,净多,-176,1
20260727,棕榈油,p2705,05,海通期货,0,0,0,持平,0,0
20260727,棕榈油,p2705,05,瑞达期货,0,0,0,持平,0,0
20260727,棕榈油,p2705,05,瑞银期货,0,0,0,持平,0,0
20260727,棕榈油,p2705,05,高盛期货,809,0,809,净多,39,0
20260728,棕榈油,p2609,09,一德期货,17845,11386,6459,净多,782,-1474
20260728,棕榈油,p2609,09,东证期货,25772,30180,-4408,净空,-818,550
20260728,棕榈油,p2609,09,中信期货,8684,36201,-27517,净空,-2105,3656
20260728,棕榈油,p2609,09,中粮期货,13976,6279,7697,净多,1495,-117
20260728,棕榈油,p2609,09,乾坤期货,0,0,0,持平,0,0
20260728,棕榈油,p2609,09,五矿期货,10630,0,10630,净多,-130,0
20260728,棕榈油,p2609,09,华泰期货,14290,10962,3328,净多,269,230
20260728,棕榈油,p2609,09,国投安信期货,0,0,0,持平,0,0
20260728,棕榈油,p2609,09,国泰君安期货,36302,27276,9026,净多,-2422,1901
20260728,棕榈油,p2609,09,广发期货,11436,5836,5600,净多,953,-1692
20260728,棕榈油,p2609,09,摩根大通期货,10105,14847,-4742,净空,-879,-836
20260728,棕榈油,p2609,09,永安期货,14507,5135,9372,净多,265,-1092
20260728,棕榈油,p2609,09,海通期货,11789,17702,-5913,净空,862,-1720
20260728,棕榈油,p2609,09,瑞达期货,0,0,0,持平,0,0
20260728,棕榈油,p2609,09,瑞银期货,0,0,0,持平,0,0
20260728,棕榈油,p2609,09,高盛期货,0,28084,-28084,净空,0,3748
20260728,棕榈油,p2611,11,一德期货,0,0,0,持平,0,0
20260728,棕榈油,p2611,11,东证期货,2518,2622,-104,净空,137,-69
20260728,棕榈油,p2611,11,中信期货,5235,4618,617,净多,-45,56
20260728,棕榈油,p2611,11,中粮期货,410,407,3,净多,7,-6
20260728,棕榈油,p2611,11,五矿期货,0,51,-51,净空,0,0
20260728,棕榈油,p2611,11,华泰期货,1301,1373,-72,净空,0,4
20260728,棕榈油,p2611,11,国投安信期货,0,0,0,持平,0,0
20260728,棕榈油,p2611,11,国泰君安期货,10575,10920,-345,净空,433,22
20260728,棕榈油,p2611,11,广发期货,785,0,785,净多,18,0
20260728,棕榈油,p2611,11,摩根大通期货,0,0,0,持平,0,0
20260728,棕榈油,p2611,11,海通期货,4803,4907,-104,净空,0,93
20260728,棕榈油,p2611,11,瑞达期货,302,0,302,净多,0,0
20260728,棕榈油,p2611,11,瑞银期货,0,0,0,持平,0,0
20260728,棕榈油,p2611,11,高盛期货,0,0,0,持平,0,0
20260728,棕榈油,p2701,01,一德期货,31687,15937,15750,净多,175,-53
20260728,棕榈油,p2701,01,东证期货,10457,12211,-1754,净空,60,-71
20260728,棕榈油,p2701,01,中信期货,6093,10293,-4200,净空,436,760
20260728,棕榈油,p2701,01,中粮期货,16209,27898,-11689,净空,1355,-68
20260728,棕榈油,p2701,01,乾坤期货,0,0,0,持平,0,0
20260728,棕榈油,p2701,01,五矿期货,7226,0,7226,净多,-106,0
20260728,棕榈油,p2701,01,华泰期货,5449,6066,-617,净空,1039,-299
20260728,棕榈油,p2701,01,国投安信期货,0,0,0,持平,0,0
20260728,棕榈油,p2701,01,国泰君安期货,16791,20638,-3847,净空,174,-5986
20260728,棕榈油,p2701,01,广发期货,6403,10157,-3754,净空,195,1586
20260728,棕榈油,p2701,01,摩根大通期货,10675,4001,6674,净多,-5167,502
20260728,棕榈油,p2701,01,永安期货,5839,4830,1009,净多,320,-65
20260728,棕榈油,p2701,01,海通期货,0,10970,-10970,净空,0,9202
20260728,棕榈油,p2701,01,瑞达期货,7413,7818,-405,净空,87,8
20260728,棕榈油,p2701,01,瑞银期货,0,0,0,持平,0,0
20260728,棕榈油,p2701,01,高盛期货,3548,3672,-124,净空,626,817
20260728,棕榈油,p2705,05,一德期货,4489,12906,-8417,净空,-9,11
20260728,棕榈油,p2705,05,东证期货,2258,1502,756,净多,110,-118
20260728,棕榈油,p2705,05,中信期货,2110,1909,201,净多,-35,-7
20260728,棕榈油,p2705,05,中粮期货,931,6277,-5346,净空,224,340
20260728,棕榈油,p2705,05,乾坤期货,0,0,0,持平,0,0
20260728,棕榈油,p2705,05,五矿期货,0,0,0,持平,0,0
20260728,棕榈油,p2705,05,华泰期货,2819,0,2819,净多,72,0
20260728,棕榈油,p2705,05,国投安信期货,0,0,0,持平,0,0
20260728,棕榈油,p2705,05,国泰君安期货,7783,1219,6564,净多,733,-46
20260728,棕榈油,p2705,05,广发期货,2329,2459,-130,净空,290,279
20260728,棕榈油,p2705,05,摩根大通期货,0,0,0,持平,0,0
20260728,棕榈油,p2705,05,永安期货,1733,1040,693,净多,-6,28
20260728,棕榈油,p2705,05,海通期货,0,0,0,持平,0,0
20260728,棕榈油,p2705,05,瑞达期货,0,0,0,持平,0,0
20260728,棕榈油,p2705,05,瑞银期货,0,0,0,持平,0,0
20260728,棕榈油,p2705,05,高盛期货,0,0,0,持平,0,0
20260729,棕榈油,p2609,09,一德期货,18673,11228,7445,净多,828,-158
20260729,棕榈油,p2609,09,东证期货,26249,35527,-9278,净空,477,5347
20260729,棕榈油,p2609,09,中信期货,9452,35246,-25794,净空,768,-955
20260729,棕榈油,p2609,09,中粮期货,13263,7007,6256,净多,-713,728
20260729,棕榈油,p2609,09,乾坤期货,0,0,0,持平,0,0
20260729,棕榈油,p2609,09,五矿期货,11223,0,11223,净多,593,0
20260729,棕榈油,p2609,09,华泰期货,12811,13022,-211,净空,-1479,2060
20260729,棕榈油,p2609,09,国投安信期货,0,0,0,持平,0,0
20260729,棕榈油,p2609,09,国泰君安期货,35896,26174,9722,净多,-406,-1102
20260729,棕榈油,p2609,09,广发期货,10588,0,10588,净多,-848,0
20260729,棕榈油,p2609,09,摩根大通期货,9413,10298,-885,净空,-692,-4549
20260729,棕榈油,p2609,09,永安期货,14428,5267,9161,净多,-79,132
20260729,棕榈油,p2609,09,海通期货,11653,6216,5437,净多,-136,-11486
20260729,棕榈油,p2609,09,瑞达期货,0,0,0,持平,0,0
20260729,棕榈油,p2609,09,瑞银期货,0,0,0,持平,0,0
20260729,棕榈油,p2609,09,高盛期货,0,24672,-24672,净空,0,-3412
20260729,棕榈油,p2611,11,一德期货,0,0,0,持平,0,0
20260729,棕榈油,p2611,11,东证期货,2500,2719,-219,净空,-18,97
20260729,棕榈油,p2611,11,中信期货,5115,4610,505,净多,-120,-8
20260729,棕榈油,p2611,11,中粮期货,561,558,3,净多,151,151
20260729,棕榈油,p2611,11,五矿期货,0,0,0,持平,0,0
20260729,棕榈油,p2611,11,华泰期货,1701,1379,322,净多,400,6
20260729,棕榈油,p2611,11,国投安信期货,0,0,0,持平,0,0
20260729,棕榈油,p2611,11,国泰君安期货,10811,10934,-123,净空,236,14
20260729,棕榈油,p2611,11,广发期货,473,0,473,净多,-312,0
20260729,棕榈油,p2611,11,摩根大通期货,0,0,0,持平,0,0
20260729,棕榈油,p2611,11,海通期货,4803,4898,-95,净空,0,-9
20260729,棕榈油,p2611,11,瑞达期货,297,0,297,净多,-5,0
20260729,棕榈油,p2611,11,瑞银期货,0,0,0,持平,0,0
20260729,棕榈油,p2611,11,高盛期货,0,0,0,持平,0,0
20260729,棕榈油,p2701,01,一德期货,29062,16314,12748,净多,-2625,377
20260729,棕榈油,p2701,01,东证期货,13311,14727,-1416,净空,2854,2516
20260729,棕榈油,p2701,01,中信期货,7190,12591,-5401,净空,1097,2298
20260729,棕榈油,p2701,01,中粮期货,18058,28564,-10506,净空,1849,666
20260729,棕榈油,p2701,01,乾坤期货,0,0,0,持平,0,0
20260729,棕榈油,p2701,01,五矿期货,7306,0,7306,净多,80,0
20260729,棕榈油,p2701,01,华泰期货,6584,5565,1019,净多,1135,-501
20260729,棕榈油,p2701,01,国投安信期货,0,0,0,持平,0,0
20260729,棕榈油,p2701,01,国泰君安期货,20392,18614,1778,净多,3601,-2024
20260729,棕榈油,p2701,01,广发期货,6351,9386,-3035,净空,-52,-771
20260729,棕榈油,p2701,01,摩根大通期货,10710,4453,6257,净多,35,452
20260729,棕榈油,p2701,01,永安期货,5777,5085,692,净多,-62,255
20260729,棕榈油,p2701,01,海通期货,0,11113,-11113,净空,0,143
20260729,棕榈油,p2701,01,瑞达期货,7178,7726,-548,净空,-235,-92
20260729,棕榈油,p2701,01,瑞银期货,0,0,0,持平,0,0
20260729,棕榈油,p2701,01,高盛期货,0,0,0,持平,0,0
20260729,棕榈油,p2705,05,一德期货,4486,12910,-8424,净空,-3,4
20260729,棕榈油,p2705,05,东证期货,2045,1471,574,净多,-213,-31
20260729,棕榈油,p2705,05,中信期货,2090,1832,258,净多,-20,-77
20260729,棕榈油,p2705,05,中粮期货,0,6220,-6220,净空,0,-57
20260729,棕榈油,p2705,05,乾坤期货,0,0,0,持平,0,0
20260729,棕榈油,p2705,05,五矿期货,0,0,0,持平,0,0
20260729,棕榈油,p2705,05,华泰期货,2408,637,1771,净多,-411,115
20260729,棕榈油,p2705,05,国投安信期货,0,0,0,持平,0,0
20260729,棕榈油,p2705,05,国泰君安期货,7623,1438,6185,净多,-160,219
20260729,棕榈油,p2705,05,广发期货,2452,2598,-146,净空,123,139
20260729,棕榈油,p2705,05,摩根大通期货,0,0,0,持平,0,0
20260729,棕榈油,p2705,05,永安期货,1788,1018,770,净多,55,-22
20260729,棕榈油,p2705,05,海通期货,0,0,0,持平,0,0
20260729,棕榈油,p2705,05,瑞达期货,0,0,0,持平,0,0
20260729,棕榈油,p2705,05,瑞银期货,0,0,0,持平,0,0
20260729,棕榈油,p2705,05,高盛期货,0,0,0,持平,0,0
20260730,棕榈油,p2609,09,一德期货,17142,11201,5941,净多,-1531,-27
20260730,棕榈油,p2609,09,东证期货,18464,31556,-13092,净空,-7785,-3971
20260730,棕榈油,p2609,09,中信期货,9535,34416,-24881,净空,83,-830
20260730,棕榈油,p2609,09,中粮期货,11988,8848,3140,净多,-1275,1841
20260730,棕榈油,p2609,09,乾坤期货,0,0,0,持平,0,0
20260730,棕榈油,p2609,09,五矿期货,10508,0,10508,净多,-715,0
20260730,棕榈油,p2609,09,华泰期货,13041,12338,703,净多,230,-684
20260730,棕榈油,p2609,09,国投安信期货,0,0,0,持平,0,0
20260730,棕榈油,p2609,09,国泰君安期货,34727,25597,9130,净多,-1169,-577
20260730,棕榈油,p2609,09,广发期货,12718,5769,6949,净多,2130,775
20260730,棕榈油,p2609,09,摩根大通期货,10577,7825,2752,净多,1164,-2473
20260730,棕榈油,p2609,09,永安期货,14147,5097,9050,净多,-281,-170
20260730,棕榈油,p2609,09,海通期货,11062,0,11062,净多,-591,0
20260730,棕榈油,p2609,09,瑞达期货,0,0,0,持平,0,0
20260730,棕榈油,p2609,09,瑞银期货,0,0,0,持平,0,0
20260730,棕榈油,p2609,09,高盛期货,0,21375,-21375,净空,0,-3297
20260730,棕榈油,p2611,11,一德期货,0,0,0,持平,0,0
20260730,棕榈油,p2611,11,东证期货,2488,2715,-227,净空,-12,-4
20260730,棕榈油,p2611,11,中信期货,5029,4593,436,净多,-86,-17
20260730,棕榈油,p2611,11,中粮期货,605,610,-5,净空,44,52
20260730,棕榈油,p2611,11,五矿期货,0,52,-52,净空,0,0
20260730,棕榈油,p2611,11,华泰期货,1790,1375,415,净多,89,-4
20260730,棕榈油,p2611,11,国投安信期货,0,0,0,持平,0,0
20260730,棕榈油,p2611,11,国泰君安期货,11038,10940,98,净多,227,6
20260730,棕榈油,p2611,11,广发期货,343,0,343,净多,-130,0
20260730,棕榈油,p2611,11,摩根大通期货,0,0,0,持平,0,0
20260730,棕榈油,p2611,11,海通期货,4826,4884,-58,净空,23,-14
20260730,棕榈油,p2611,11,瑞达期货,321,0,321,净多,24,0
20260730,棕榈油,p2611,11,瑞银期货,0,0,0,持平,0,0
20260730,棕榈油,p2611,11,高盛期货,0,0,0,持平,0,0
20260730,棕榈油,p2701,01,一德期货,28899,16381,12518,净多,-163,67
20260730,棕榈油,p2701,01,东证期货,18091,19400,-1309,净空,4780,4673
20260730,棕榈油,p2701,01,中信期货,7745,13396,-5651,净空,555,805
20260730,棕榈油,p2701,01,中粮期货,19456,29305,-9849,净空,1398,741
20260730,棕榈油,p2701,01,乾坤期货,0,0,0,持平,0,0
20260730,棕榈油,p2701,01,五矿期货,7732,0,7732,净多,426,0
20260730,棕榈油,p2701,01,华泰期货,7659,5534,2125,净多,1075,-31
20260730,棕榈油,p2701,01,国投安信期货,0,0,0,持平,0,0
20260730,棕榈油,p2701,01,国泰君安期货,22132,19111,3021,净多,1740,497
20260730,棕榈油,p2701,01,广发期货,6820,9695,-2875,净空,469,309
20260730,棕榈油,p2701,01,摩根大通期货,8578,4352,4226,净多,-2132,-101
20260730,棕榈油,p2701,01,永安期货,6447,4165,2282,净多,670,-920
20260730,棕榈油,p2701,01,海通期货,0,11967,-11967,净空,0,854
20260730,棕榈油,p2701,01,瑞达期货,5221,7689,-2468,净空,-1957,-37
20260730,棕榈油,p2701,01,瑞银期货,0,0,0,持平,0,0
20260730,棕榈油,p2701,01,高盛期货,0,5137,-5137,净空,0,925
20260730,棕榈油,p2705,05,一德期货,4501,12921,-8420,净空,15,11
20260730,棕榈油,p2705,05,东证期货,1958,1485,473,净多,-87,14
20260730,棕榈油,p2705,05,中信期货,2946,1925,1021,净多,856,93
20260730,棕榈油,p2705,05,中粮期货,0,5983,-5983,净空,0,-237
20260730,棕榈油,p2705,05,乾坤期货,0,0,0,持平,0,0
20260730,棕榈油,p2705,05,五矿期货,0,0,0,持平,0,0
20260730,棕榈油,p2705,05,华泰期货,2403,639,1764,净多,-5,2
20260730,棕榈油,p2705,05,国投安信期货,0,0,0,持平,0,0
20260730,棕榈油,p2705,05,国泰君安期货,8170,1468,6702,净多,547,30
20260730,棕榈油,p2705,05,广发期货,2546,2696,-150,净空,94,98
20260730,棕榈油,p2705,05,摩根大通期货,0,0,0,持平,0,0
20260730,棕榈油,p2705,05,永安期货,1209,1020,189,净多,-579,2
20260730,棕榈油,p2705,05,海通期货,0,0,0,持平,0,0
20260730,棕榈油,p2705,05,瑞达期货,0,0,0,持平,0,0
20260730,棕榈油,p2705,05,瑞银期货,0,0,0,持平,0,0
20260730,棕榈油,p2705,05,高盛期货,0,0,0,持平,0,0
20260731,棕榈油,p2609,09,一德期货,17050,11935,5115,净多,-92,734
20260731,棕榈油,p2609,09,东证期货,14630,30863,-16233,净空,-3834,-693
20260731,棕榈油,p2609,09,中信期货,8180,36698,-28518,净空,-1355,2282
20260731,棕榈油,p2609,09,中粮期货,13238,7920,5318,净多,1250,-928
20260731,棕榈油,p2609,09,乾坤期货,0,0,0,持平,0,0
20260731,棕榈油,p2609,09,五矿期货,7574,0,7574,净多,-2934,0
20260731,棕榈油,p2609,09,华泰期货,14056,11904,2152,净多,1015,-434
20260731,棕榈油,p2609,09,国投安信期货,0,0,0,持平,0,0
20260731,棕榈油,p2609,09,国泰君安期货,37684,27495,10189,净多,2957,1898
20260731,棕榈油,p2609,09,广发期货,12169,5814,6355,净多,-549,45
20260731,棕榈油,p2609,09,摩根大通期货,7224,10976,-3752,净空,-3353,3151
20260731,棕榈油,p2609,09,永安期货,14417,5024,9393,净多,270,-73
20260731,棕榈油,p2609,09,海通期货,11500,0,11500,净多,438,0
20260731,棕榈油,p2609,09,瑞达期货,0,6281,-6281,净空,0,1433
20260731,棕榈油,p2609,09,瑞银期货,0,0,0,持平,0,0
20260731,棕榈油,p2609,09,高盛期货,0,22241,-22241,净空,0,866
20260731,棕榈油,p2611,11,一德期货,0,0,0,持平,0,0
20260731,棕榈油,p2611,11,东证期货,2461,2732,-271,净空,-27,17
20260731,棕榈油,p2611,11,中信期货,4838,4605,233,净多,-191,12
20260731,棕榈油,p2611,11,中粮期货,610,606,4,净多,5,-4
20260731,棕榈油,p2611,11,五矿期货,0,0,0,持平,0,0
20260731,棕榈油,p2611,11,华泰期货,1790,1370,420,净多,0,-5
20260731,棕榈油,p2611,11,国投安信期货,0,0,0,持平,0,0
20260731,棕榈油,p2611,11,国泰君安期货,11026,10954,72,净多,-12,14
20260731,棕榈油,p2611,11,广发期货,454,0,454,净多,111,0
20260731,棕榈油,p2611,11,摩根大通期货,0,0,0,持平,0,0
20260731,棕榈油,p2611,11,海通期货,4824,4888,-64,净空,-2,4
20260731,棕榈油,p2611,11,瑞达期货,297,0,297,净多,-24,0
20260731,棕榈油,p2611,11,瑞银期货,0,0,0,持平,0,0
20260731,棕榈油,p2611,11,高盛期货,0,0,0,持平,0,0
20260731,棕榈油,p2701,01,一德期货,29347,16260,13087,净多,448,-121
20260731,棕榈油,p2701,01,东证期货,14521,15331,-810,净空,-3570,-4069
20260731,棕榈油,p2701,01,中信期货,7092,14330,-7238,净空,-653,934
20260731,棕榈油,p2701,01,中粮期货,19887,31911,-12024,净空,431,2606
20260731,棕榈油,p2701,01,乾坤期货,0,0,0,持平,0,0
20260731,棕榈油,p2701,01,五矿期货,6695,0,6695,净多,-1037,0
20260731,棕榈油,p2701,01,华泰期货,7260,5739,1521,净多,-399,205
20260731,棕榈油,p2701,01,国投安信期货,0,0,0,持平,0,0
20260731,棕榈油,p2701,01,国泰君安期货,23707,17534,6173,净多,1575,-1577
20260731,棕榈油,p2701,01,广发期货,6686,7995,-1309,净空,-134,-1700
20260731,棕榈油,p2701,01,摩根大通期货,7745,4160,3585,净多,-833,-192
20260731,棕榈油,p2701,01,永安期货,6388,4201,2187,净多,-59,36
20260731,棕榈油,p2701,01,海通期货,0,12082,-12082,净空,0,115
20260731,棕榈油,p2701,01,瑞达期货,5280,7656,-2376,净空,59,-33
20260731,棕榈油,p2701,01,瑞银期货,0,0,0,持平,0,0
20260731,棕榈油,p2701,01,高盛期货,0,6809,-6809,净空,0,1672
20260731,棕榈油,p2705,05,一德期货,4502,12926,-8424,净空,1,5
20260731,棕榈油,p2705,05,东证期货,1939,1700,239,净多,-19,215
20260731,棕榈油,p2705,05,中信期货,2877,1907,970,净多,-69,-18
20260731,棕榈油,p2705,05,中粮期货,0,5684,-5684,净空,0,-299
20260731,棕榈油,p2705,05,乾坤期货,0,0,0,持平,0,0
20260731,棕榈油,p2705,05,五矿期货,0,0,0,持平,0,0
20260731,棕榈油,p2705,05,华泰期货,2408,642,1766,净多,5,3
20260731,棕榈油,p2705,05,国投安信期货,0,0,0,持平,0,0
20260731,棕榈油,p2705,05,国泰君安期货,8268,1473,6795,净多,98,5
20260731,棕榈油,p2705,05,广发期货,2694,2762,-68,净空,148,66
20260731,棕榈油,p2705,05,摩根大通期货,0,0,0,持平,0,0
20260731,棕榈油,p2705,05,永安期货,1130,1021,109,净多,-79,1
20260731,棕榈油,p2705,05,海通期货,0,0,0,持平,0,0
20260731,棕榈油,p2705,05,瑞达期货,0,0,0,持平,0,0
20260731,棕榈油,p2705,05,瑞银期货,0,0,0,持平,0,0
20260731,棕榈油,p2705,05,高盛期货,0,0,0,持平,0,0
20260803,棕榈油,p2609,09,一德期货,15857,10991,4866,净多,-1193,-944
20260803,棕榈油,p2609,09,东证期货,16076,28419,-12343,净空,1446,-2444
20260803,棕榈油,p2609,09,中信期货,7415,36875,-29460,净空,-765,177
20260803,棕榈油,p2609,09,中粮期货,13889,6745,7144,净多,651,-1175
20260803,棕榈油,p2609,09,乾坤期货,0,0,0,持平,0,0
20260803,棕榈油,p2609,09,五矿期货,8279,0,8279,净多,705,0
20260803,棕榈油,p2609,09,华泰期货,13890,12560,1330,净多,-166,656
20260803,棕榈油,p2609,09,国投安信期货,0,0,0,持平,0,0
20260803,棕榈油,p2609,09,国泰君安期货,34272,28169,6103,净多,-3412,674
20260803,棕榈油,p2609,09,广发期货,14272,5826,8446,净多,2103,12
20260803,棕榈油,p2609,09,摩根大通期货,5955,9399,-3444,净空,-1269,-1577
20260803,棕榈油,p2609,09,永安期货,14038,5244,8794,净多,-379,220
20260803,棕榈油,p2609,09,海通期货,12338,0,12338,净多,838,0
20260803,棕榈油,p2609,09,瑞达期货,0,5691,-5691,净空,0,-590
20260803,棕榈油,p2609,09,瑞银期货,0,0,0,持平,0,0
20260803,棕榈油,p2609,09,高盛期货,0,21406,-21406,净空,0,-835
20260803,棕榈油,p2611,11,一德期货,0,0,0,持平,0,0
20260803,棕榈油,p2611,11,东证期货,2450,2751,-301,净空,-11,19
20260803,棕榈油,p2611,11,中信期货,4704,4641,63,净多,-134,36
20260803,棕榈油,p2611,11,中粮期货,602,605,-3,净空,-8,-1
20260803,棕榈油,p2611,11,五矿期货,0,52,-52,净空,0,0
20260803,棕榈油,p2611,11,华泰期货,1761,1378,383,净多,-29,8
20260803,棕榈油,p2611,11,国投安信期货,0,0,0,持平,0,0
20260803,棕榈油,p2611,11,国泰君安期货,11068,11148,-80,净空,42,194
20260803,棕榈油,p2611,11,广发期货,694,0,694,净多,240,0
20260803,棕榈油,p2611,11,摩根大通期货,0,0,0,持平,0,0
20260803,棕榈油,p2611,11,海通期货,4858,4893,-35,净空,34,5
20260803,棕榈油,p2611,11,瑞达期货,342,0,342,净多,45,0
20260803,棕榈油,p2611,11,瑞银期货,0,0,0,持平,0,0
20260803,棕榈油,p2611,11,高盛期货,0,0,0,持平,0,0
20260803,棕榈油,p2701,01,一德期货,30039,16439,13600,净多,692,179
20260803,棕榈油,p2701,01,东证期货,15198,15085,113,净多,677,-246
20260803,棕榈油,p2701,01,中信期货,5609,14243,-8634,净空,-1483,-87
20260803,棕榈油,p2701,01,中粮期货,19467,31616,-12149,净空,-420,-295
20260803,棕榈油,p2701,01,乾坤期货,0,0,0,持平,0,0
20260803,棕榈油,p2701,01,五矿期货,7105,0,7105,净多,410,0
20260803,棕榈油,p2701,01,华泰期货,7169,5965,1204,净多,-91,226
20260803,棕榈油,p2701,01,国投安信期货,0,0,0,持平,0,0
20260803,棕榈油,p2701,01,国泰君安期货,23318,15617,7701,净多,-389,-1917
20260803,棕榈油,p2701,01,广发期货,6939,8691,-1752,净空,253,696
20260803,棕榈油,p2701,01,摩根大通期货,11956,0,11956,净多,4211,0
20260803,棕榈油,p2701,01,永安期货,6473,4429,2044,净多,85,228
20260803,棕榈油,p2701,01,海通期货,0,12651,-12651,净空,0,569
20260803,棕榈油,p2701,01,瑞达期货,5257,7712,-2455,净空,-23,56
20260803,棕榈油,p2701,01,瑞银期货,0,0,0,持平,0,0
20260803,棕榈油,p2701,01,高盛期货,0,9691,-9691,净空,0,2882
20260803,棕榈油,p2705,05,一德期货,5069,12938,-7869,净空,567,12
20260803,棕榈油,p2705,05,东证期货,1882,1493,389,净多,-57,-207
20260803,棕榈油,p2705,05,中信期货,3266,1972,1294,净多,389,65
20260803,棕榈油,p2705,05,中粮期货,1141,5785,-4644,净空,557,101
20260803,棕榈油,p2705,05,乾坤期货,0,0,0,持平,0,0
20260803,棕榈油,p2705,05,五矿期货,0,0,0,持平,0,0
20260803,棕榈油,p2705,05,华泰期货,2378,0,2378,净多,-30,0
20260803,棕榈油,p2705,05,国投安信期货,0,0,0,持平,0,0
20260803,棕榈油,p2705,05,国泰君安期货,8530,1621,6909,净多,262,148
20260803,棕榈油,p2705,05,广发期货,2897,2775,122,净多,203,13
20260803,棕榈油,p2705,05,摩根大通期货,0,890,-890,净空,0,825
20260803,棕榈油,p2705,05,永安期货,1099,1029,70,净多,-31,8
20260803,棕榈油,p2705,05,海通期货,0,0,0,持平,0,0
20260803,棕榈油,p2705,05,瑞达期货,0,0,0,持平,0,0
20260803,棕榈油,p2705,05,瑞银期货,0,0,0,持平,0,0
20260803,棕榈油,p2705,05,高盛期货,0,0,0,持平,0,0
20260804,棕榈油,p2609,09,一德期货,16266,10997,5269,净多,409,6
20260804,棕榈油,p2609,09,东证期货,15514,26132,-10618,净空,-562,-2287
20260804,棕榈油,p2609,09,中信期货,7365,38750,-31385,净空,-50,1875
20260804,棕榈油,p2609,09,中粮期货,14541,5481,9060,净多,652,-1264
20260804,棕榈油,p2609,09,乾坤期货,0,0,0,持平,0,0
20260804,棕榈油,p2609,09,五矿期货,5984,0,5984,净多,-2295,0
20260804,棕榈油,p2609,09,华泰期货,13944,9843,4101,净多,54,-2717
20260804,棕榈油,p2609,09,国投安信期货,0,0,0,持平,0,0
20260804,棕榈油,p2609,09,国泰君安期货,26532,24250,2282,净多,-7740,-3919
20260804,棕榈油,p2609,09,广发期货,15190,5164,10026,净多,918,-662
20260804,棕榈油,p2609,09,摩根大通期货,0,9736,-9736,净空,0,337
20260804,棕榈油,p2609,09,永安期货,12353,5100,7253,净多,-1685,-144
20260804,棕榈油,p2609,09,海通期货,13175,0,13175,净多,837,0
20260804,棕榈油,p2609,09,瑞达期货,0,5018,-5018,净空,0,-673
20260804,棕榈油,p2609,09,瑞银期货,0,0,0,持平,0,0
20260804,棕榈油,p2609,09,高盛期货,0,21502,-21502,净空,0,96
20260804,棕榈油,p2611,11,一德期货,0,0,0,持平,0,0
20260804,棕榈油,p2611,11,东证期货,2356,2763,-407,净空,-94,12
20260804,棕榈油,p2611,11,中信期货,4526,4613,-87,净空,-178,-28
20260804,棕榈油,p2611,11,中粮期货,612,607,5,净多,10,2
20260804,棕榈油,p2611,11,五矿期货,126,65,61,净多,71,13
20260804,棕榈油,p2611,11,华泰期货,1830,1361,469,净多,69,-17
20260804,棕榈油,p2611,11,国投安信期货,0,0,0,持平,0,0
20260804,棕榈油,p2611,11,国泰君安期货,11337,11102,235,净多,269,-46
20260804,棕榈油,p2611,11,广发期货,267,0,267,净多,-427,0
20260804,棕榈油,p2611,11,摩根大通期货,0,0,0,持平,0,0
20260804,棕榈油,p2611,11,海通期货,4886,4897,-11,净空,28,4
20260804,棕榈油,p2611,11,瑞达期货,343,0,343,净多,1,0
20260804,棕榈油,p2611,11,瑞银期货,0,0,0,持平,0,0
20260804,棕榈油,p2611,11,高盛期货,0,0,0,持平,0,0
20260804,棕榈油,p2701,01,一德期货,31179,16863,14316,净多,1140,424
20260804,棕榈油,p2701,01,东证期货,15702,14716,986,净多,504,-369
20260804,棕榈油,p2701,01,中信期货,5581,14621,-9040,净空,-28,378
20260804,棕榈油,p2701,01,中粮期货,18821,30317,-11496,净空,-646,-1299
20260804,棕榈油,p2701,01,乾坤期货,0,0,0,持平,0,0
20260804,棕榈油,p2701,01,五矿期货,6198,0,6198,净多,-907,0
20260804,棕榈油,p2701,01,华泰期货,5810,6506,-696,净空,-1359,541
20260804,棕榈油,p2701,01,国投安信期货,0,0,0,持平,0,0
20260804,棕榈油,p2701,01,国泰君安期货,23322,15427,7895,净多,4,-190
20260804,棕榈油,p2701,01,广发期货,7230,8413,-1183,净空,291,-278
20260804,棕榈油,p2701,01,摩根大通期货,15062,0,15062,净多,3106,0
20260804,棕榈油,p2701,01,永安期货,6390,4301,2089,净多,-83,-128
20260804,棕榈油,p2701,01,海通期货,0,12788,-12788,净空,0,137
20260804,棕榈油,p2701,01,瑞达期货,5821,7619,-1798,净空,564,-93
20260804,棕榈油,p2701,01,瑞银期货,0,0,0,持平,0,0
20260804,棕榈油,p2701,01,高盛期货,0,10950,-10950,净空,0,1259
20260804,棕榈油,p2705,05,一德期货,5405,13874,-8469,净空,336,936
20260804,棕榈油,p2705,05,东证期货,2358,1406,952,净多,476,-87
20260804,棕榈油,p2705,05,中信期货,3661,1865,1796,净多,395,-107
20260804,棕榈油,p2705,05,中粮期货,1300,5843,-4543,净空,159,58
20260804,棕榈油,p2705,05,乾坤期货,0,0,0,持平,0,0
20260804,棕榈油,p2705,05,五矿期货,0,0,0,持平,0,0
20260804,棕榈油,p2705,05,华泰期货,2387,0,2387,净多,9,0
20260804,棕榈油,p2705,05,国投安信期货,0,0,0,持平,0,0
20260804,棕榈油,p2705,05,国泰君安期货,9066,1871,7195,净多,536,250
20260804,棕榈油,p2705,05,广发期货,2873,2866,7,净多,-24,91
20260804,棕榈油,p2705,05,摩根大通期货,0,1177,-1177,净空,0,287
20260804,棕榈油,p2705,05,永安期货,1167,1048,119,净多,68,19
20260804,棕榈油,p2705,05,海通期货,0,0,0,持平,0,0
20260804,棕榈油,p2705,05,瑞达期货,0,0,0,持平,0,0
20260804,棕榈油,p2705,05,瑞银期货,0,0,0,持平,0,0
20260804,棕榈油,p2705,05,高盛期货,0,0,0,持平,0,0
20260805,棕榈油,p2609,09,一德期货,16297,11623,4674,净多,31,626
20260805,棕榈油,p2609,09,东证期货,17877,24698,-6821,净空,2363,-1434
20260805,棕榈油,p2609,09,中信期货,9454,33282,-23828,净空,2089,-5468
20260805,棕榈油,p2609,09,中粮期货,15101,0,15101,净多,560,0
20260805,棕榈油,p2609,09,乾坤期货,0,0,0,持平,0,0
20260805,棕榈油,p2609,09,五矿期货,6391,0,6391,净多,407,0
20260805,棕榈油,p2609,09,华泰期货,11458,8352,3106,净多,-2486,-1491
20260805,棕榈油,p2609,09,国投安信期货,0,0,0,持平,0,0
20260805,棕榈油,p2609,09,国泰君安期货,26177,22728,3449,净多,-355,-1522
20260805,棕榈油,p2609,09,广发期货,14792,6166,8626,净多,-398,1002
20260805,棕榈油,p2609,09,摩根大通期货,4451,7619,-3168,净空,1201,-2117
20260805,棕榈油,p2609,09,永安期货,12088,4856,7232,净多,-265,-244
20260805,棕榈油,p2609,09,海通期货,12493,0,12493,净多,-682,0
20260805,棕榈油,p2609,09,瑞达期货,0,4693,-4693,净空,0,-325
20260805,棕榈油,p2609,09,瑞银期货,0,0,0,持平,0,0
20260805,棕榈油,p2609,09,高盛期货,0,17008,-17008,净空,0,-4494
20260805,棕榈油,p2611,11,一德期货,0,0,0,持平,0,0
20260805,棕榈油,p2611,11,东证期货,2398,2736,-338,净空,42,-27
20260805,棕榈油,p2611,11,中信期货,4586,4541,45,净多,60,-72
20260805,棕榈油,p2611,11,中粮期货,616,606,10,净多,4,-1
20260805,棕榈油,p2611,11,五矿期货,117,0,117,净多,-9,0
20260805,棕榈油,p2611,11,华泰期货,1880,1357,523,净多,50,-4
20260805,棕榈油,p2611,11,国投安信期货,0,0,0,持平,0,0
20260805,棕榈油,p2611,11,国泰君安期货,11461,11007,454,净多,124,-95
20260805,棕榈油,p2611,11,广发期货,170,0,170,净多,-97,0
20260805,棕榈油,p2611,11,摩根大通期货,0,0,0,持平,0,0
20260805,棕榈油,p2611,11,海通期货,4887,4835,52,净多,1,-62
20260805,棕榈油,p2611,11,瑞达期货,316,0,316,净多,-27,0
20260805,棕榈油,p2611,11,瑞银期货,0,0,0,持平,0,0
20260805,棕榈油,p2611,11,高盛期货,0,0,0,持平,0,0
20260805,棕榈油,p2701,01,一德期货,30145,16605,13540,净多,-1034,-258
20260805,棕榈油,p2701,01,东证期货,18942,15869,3073,净多,3240,1153
20260805,棕榈油,p2701,01,中信期货,7685,15696,-8011,净空,2104,1075
20260805,棕榈油,p2701,01,中粮期货,17261,29431,-12170,净空,-1560,-886
20260805,棕榈油,p2701,01,乾坤期货,0,0,0,持平,0,0
20260805,棕榈油,p2701,01,五矿期货,5791,0,5791,净多,-407,0
20260805,棕榈油,p2701,01,华泰期货,5853,6800,-947,净空,43,294
20260805,棕榈油,p2701,01,国投安信期货,0,0,0,持平,0,0
20260805,棕榈油,p2701,01,国泰君安期货,26138,16745,9393,净多,2816,1318
20260805,棕榈油,p2701,01,广发期货,7986,8290,-304,净空,756,-123
20260805,棕榈油,p2701,01,摩根大通期货,13618,0,13618,净多,-1444,0
20260805,棕榈油,p2701,01,永安期货,11109,4692,6417,净多,4719,391
20260805,棕榈油,p2701,01,海通期货,0,12942,-12942,净空,0,154
20260805,棕榈油,p2701,01,瑞达期货,5723,7809,-2086,净空,-98,190
20260805,棕榈油,p2701,01,瑞银期货,0,0,0,持平,0,0
20260805,棕榈油,p2701,01,高盛期货,0,10017,-10017,净空,0,-933
20260805,棕榈油,p2705,05,一德期货,6458,14964,-8506,净空,1053,1090
20260805,棕榈油,p2705,05,东证期货,2960,2697,263,净多,602,1291
20260805,棕榈油,p2705,05,中信期货,3947,1945,2002,净多,286,80
20260805,棕榈油,p2705,05,中粮期货,1390,6350,-4960,净空,90,507
20260805,棕榈油,p2705,05,乾坤期货,0,0,0,持平,0,0
20260805,棕榈油,p2705,05,五矿期货,1117,0,1117,净多,270,0
20260805,棕榈油,p2705,05,华泰期货,2665,0,2665,净多,278,0
20260805,棕榈油,p2705,05,国投安信期货,0,0,0,持平,0,0
20260805,棕榈油,p2705,05,国泰君安期货,9335,2349,6986,净多,269,478
20260805,棕榈油,p2705,05,广发期货,3032,3031,1,净多,159,165
20260805,棕榈油,p2705,05,摩根大通期货,0,1181,-1181,净空,0,4
20260805,棕榈油,p2705,05,永安期货,1716,1103,613,净多,549,55
20260805,棕榈油,p2705,05,海通期货,0,0,0,持平,0,0
20260805,棕榈油,p2705,05,瑞达期货,0,0,0,持平,0,0
20260805,棕榈油,p2705,05,瑞银期货,0,0,0,持平,0,0
20260805,棕榈油,p2705,05,高盛期货,1065,0,1065,净多,205,0
20260806,棕榈油,p2609,09,一德期货,15808,11583,4225,净多,-489,-40
20260806,棕榈油,p2609,09,东证期货,14953,24927,-9974,净空,-2924,229
20260806,棕榈油,p2609,09,中信期货,7341,32665,-25324,净空,-2113,-617
20260806,棕榈油,p2609,09,中粮期货,14870,0,14870,净多,-231,0
20260806,棕榈油,p2609,09,乾坤期货,0,0,0,持平,0,0
20260806,棕榈油,p2609,09,五矿期货,5220,0,5220,净多,-1171,0
20260806,棕榈油,p2609,09,华泰期货,12573,8037,4536,净多,1115,-315
20260806,棕榈油,p2609,09,国投安信期货,0,0,0,持平,0,0
20260806,棕榈油,p2609,09,国泰君安期货,26271,24086,2185,净多,94,1358
20260806,棕榈油,p2609,09,广发期货,14414,5851,8563,净多,-378,-315
20260806,棕榈油,p2609,09,摩根大通期货,0,9650,-9650,净空,0,2031
20260806,棕榈油,p2609,09,永安期货,10321,4739,5582,净多,-1767,-117
20260806,棕榈油,p2609,09,海通期货,12016,0,12016,净多,-477,0
20260806,棕榈油,p2609,09,瑞达期货,0,4343,-4343,净空,0,-350
20260806,棕榈油,p2609,09,瑞银期货,0,0,0,持平,0,0
20260806,棕榈油,p2609,09,高盛期货,0,15012,-15012,净空,0,-1996
20260806,棕榈油,p2611,11,一德期货,0,0,0,持平,0,0
20260806,棕榈油,p2611,11,东证期货,2566,2724,-158,净空,168,-12
20260806,棕榈油,p2611,11,中信期货,4634,4537,97,净多,48,-4
20260806,棕榈油,p2611,11,中粮期货,611,620,-9,净空,-5,14
20260806,棕榈油,p2611,11,五矿期货,135,0,135,净多,18,0
20260806,棕榈油,p2611,11,华泰期货,1880,1363,517,净多,0,6
20260806,棕榈油,p2611,11,国投安信期货,0,0,0,持平,0,0
20260806,棕榈油,p2611,11,国泰君安期货,11350,10925,425,净多,-111,-82
20260806,棕榈油,p2611,11,广发期货,113,0,113,净多,-57,0
20260806,棕榈油,p2611,11,摩根大通期货,0,0,0,持平,0,0
20260806,棕榈油,p2611,11,海通期货,4906,4819,87,净多,19,-16
20260806,棕榈油,p2611,11,瑞达期货,292,0,292,净多,-24,0
20260806,棕榈油,p2611,11,瑞银期货,0,0,0,持平,0,0
20260806,棕榈油,p2611,11,高盛期货,0,0,0,持平,0,0
20260806,棕榈油,p2701,01,一德期货,30551,16623,13928,净多,406,18
20260806,棕榈油,p2701,01,东证期货,18985,16555,2430,净多,43,686
20260806,棕榈油,p2701,01,中信期货,7293,16745,-9452,净空,-392,1049
20260806,棕榈油,p2701,01,中粮期货,18275,29205,-10930,净空,1014,-226
20260806,棕榈油,p2701,01,乾坤期货,0,0,0,持平,0,0
20260806,棕榈油,p2701,01,五矿期货,5679,0,5679,净多,-112,0
20260806,棕榈油,p2701,01,华泰期货,6411,8067,-1656,净空,558,1267
20260806,棕榈油,p2701,01,国投安信期货,0,0,0,持平,0,0
20260806,棕榈油,p2701,01,国泰君安期货,29042,18208,10834,净多,2904,1463
20260806,棕榈油,p2701,01,广发期货,8569,8528,41,净多,583,238
20260806,棕榈油,p2701,01,摩根大通期货,12743,0,12743,净多,-875,0
20260806,棕榈油,p2701,01,永安期货,11392,5032,6360,净多,283,340
20260806,棕榈油,p2701,01,海通期货,0,13939,-13939,净空,0,997
20260806,棕榈油,p2701,01,瑞达期货,7025,8107,-1082,净空,1302,298
20260806,棕榈油,p2701,01,瑞银期货,0,0,0,持平,0,0
20260806,棕榈油,p2701,01,高盛期货,0,10880,-10880,净空,0,863
20260806,棕榈油,p2705,05,一德期货,7044,14964,-7920,净空,586,0
20260806,棕榈油,p2705,05,东证期货,2950,2806,144,净多,-10,109
20260806,棕榈油,p2705,05,中信期货,3851,1983,1868,净多,-96,38
20260806,棕榈油,p2705,05,中粮期货,1434,6244,-4810,净空,44,-106
20260806,棕榈油,p2705,05,乾坤期货,0,0,0,持平,0,0
20260806,棕榈油,p2705,05,五矿期货,1167,0,1167,净多,50,0
20260806,棕榈油,p2705,05,华泰期货,2838,0,2838,净多,173,0
20260806,棕榈油,p2705,05,国投安信期货,0,0,0,持平,0,0
20260806,棕榈油,p2705,05,国泰君安期货,9528,2610,6918,净多,193,261
20260806,棕榈油,p2705,05,广发期货,3097,3111,-14,净空,65,80
20260806,棕榈油,p2705,05,摩根大通期货,0,1512,-1512,净空,0,331
20260806,棕榈油,p2705,05,永安期货,1789,1127,662,净多,73,24
20260806,棕榈油,p2705,05,海通期货,0,0,0,持平,0,0
20260806,棕榈油,p2705,05,瑞达期货,0,0,0,持平,0,0
20260806,棕榈油,p2705,05,瑞银期货,0,0,0,持平,0,0
20260806,棕榈油,p2705,05,高盛期货,1330,0,1330,净多,265,0
20260807,棕榈油,p2609,09,一德期货,11640,11060,580,净多,-4168,-523
20260807,棕榈油,p2609,09,东证期货,11873,22273,-10400,净空,-3080,-2654
20260807,棕榈油,p2609,09,中信期货,6258,32596,-26338,净空,-1083,-69
20260807,棕榈油,p2609,09,中粮期货,14773,0,14773,净多,-97,0
20260807,棕榈油,p2609,09,乾坤期货,0,0,0,持平,0,0
20260807,棕榈油,p2609,09,五矿期货,3830,0,3830,净多,-1390,0
20260807,棕榈油,p2609,09,华泰期货,11575,7620,3955,净多,-998,-417
20260807,棕榈油,p2609,09,国投安信期货,0,0,0,持平,0,0
20260807,棕榈油,p2609,09,国泰君安期货,22719,22991,-272,净空,-3552,-1095
20260807,棕榈油,p2609,09,广发期货,12127,4710,7417,净多,-2287,-1141
20260807,棕榈油,p2609,09,摩根大通期货,0,10613,-10613,净空,0,963
20260807,棕榈油,p2609,09,永安期货,8189,3838,4351,净多,-2132,-901
20260807,棕榈油,p2609,09,海通期货,12220,0,12220,净多,204,0
20260807,棕榈油,p2609,09,瑞达期货,0,4491,-4491,净空,0,148
20260807,棕榈油,p2609,09,瑞银期货,0,0,0,持平,0,0
20260807,棕榈油,p2609,09,高盛期货,0,6526,-6526,净空,0,-8486
20260807,棕榈油,p2611,11,一德期货,0,0,0,持平,0,0
20260807,棕榈油,p2611,11,东证期货,2431,2720,-289,净空,-135,-4
20260807,棕榈油,p2611,11,中信期货,4783,4546,237,净多,149,9
20260807,棕榈油,p2611,11,中粮期货,616,605,11,净多,5,-15
20260807,棕榈油,p2611,11,五矿期货,174,0,174,净多,39,0
20260807,棕榈油,p2611,11,华泰期货,1861,1366,495,净多,-19,3
20260807,棕榈油,p2611,11,国投安信期货,0,0,0,持平,0,0
20260807,棕榈油,p2611,11,国泰君安期货,11164,10763,401,净多,-186,-162
20260807,棕榈油,p2611,11,广发期货,0,0,0,持平,0,0
20260807,棕榈油,p2611,11,摩根大通期货,0,0,0,持平,0,0
20260807,棕榈油,p2611,11,海通期货,4930,4821,109,净多,24,2
20260807,棕榈油,p2611,11,瑞达期货,295,0,295,净多,3,0
20260807,棕榈油,p2611,11,瑞银期货,0,0,0,持平,0,0
20260807,棕榈油,p2611,11,高盛期货,0,0,0,持平,0,0
20260807,棕榈油,p2701,01,一德期货,31641,17733,13908,净多,1090,1110
20260807,棕榈油,p2701,01,东证期货,19478,19358,120,净多,493,2803
20260807,棕榈油,p2701,01,中信期货,7150,20781,-13631,净空,-143,4036
20260807,棕榈油,p2701,01,中粮期货,20565,28528,-7963,净空,2290,-677
20260807,棕榈油,p2701,01,乾坤期货,0,0,0,持平,0,0
20260807,棕榈油,p2701,01,五矿期货,8218,0,8218,净多,2539,0
20260807,棕榈油,p2701,01,华泰期货,6651,8454,-1803,净空,240,387
20260807,棕榈油,p2701,01,国投安信期货,0,0,0,持平,0,0
20260807,棕榈油,p2701,01,国泰君安期货,29469,19114,10355,净多,427,906
20260807,棕榈油,p2701,01,广发期货,7995,6345,1650,净多,-574,-2183
20260807,棕榈油,p2701,01,摩根大通期货,14097,0,14097,净多,1354,0
20260807,棕榈油,p2701,01,永安期货,14142,5609,8533,净多,2750,577
20260807,棕榈油,p2701,01,海通期货,0,14053,-14053,净空,0,114
20260807,棕榈油,p2701,01,瑞达期货,7502,9114,-1612,净空,477,1007
20260807,棕榈油,p2701,01,瑞银期货,0,0,0,持平,0,0
20260807,棕榈油,p2701,01,高盛期货,0,20399,-20399,净空,0,9519
20260807,棕榈油,p2705,05,一德期货,7060,14962,-7902,净空,16,-2
20260807,棕榈油,p2705,05,东证期货,3271,3502,-231,净空,321,696
20260807,棕榈油,p2705,05,中信期货,4195,1982,2213,净多,344,-1
20260807,棕榈油,p2705,05,中粮期货,1458,6396,-4938,净空,24,152
20260807,棕榈油,p2705,05,乾坤期货,0,0,0,持平,0,0
20260807,棕榈油,p2705,05,五矿期货,1167,0,1167,净多,0,0
20260807,棕榈油,p2705,05,华泰期货,2838,0,2838,净多,0,0
20260807,棕榈油,p2705,05,国投安信期货,0,0,0,持平,0,0
20260807,棕榈油,p2705,05,国泰君安期货,9677,3472,6205,净多,149,862
20260807,棕榈油,p2705,05,广发期货,3024,3145,-121,净空,-73,34
20260807,棕榈油,p2705,05,摩根大通期货,0,2046,-2046,净空,0,534
20260807,棕榈油,p2705,05,永安期货,1758,1078,680,净多,-31,-49
20260807,棕榈油,p2705,05,海通期货,0,0,0,持平,0,0
20260807,棕榈油,p2705,05,瑞达期货,0,0,0,持平,0,0
20260807,棕榈油,p2705,05,瑞银期货,0,0,0,持平,0,0
20260807,棕榈油,p2705,05,高盛期货,1294,0,1294,净多,-36,0
20260810,棕榈油,p2609,09,一德期货,10801,10905,-104,净空,-839,-155
20260810,棕榈油,p2609,09,东证期货,12397,18372,-5975,净空,524,-3901
20260810,棕榈油,p2609,09,中信期货,6371,21863,-15492,净空,113,-10733
20260810,棕榈油,p2609,09,中粮期货,11717,3250,8467,净多,-3056,-184
20260810,棕榈油,p2609,09,乾坤期货,0,0,0,持平,0,0
20260810,棕榈油,p2609,09,五矿期货,0,0,0,持平,0,0
20260810,棕榈油,p2609,09,华泰期货,9778,7852,1926,净多,-1797,232
20260810,棕榈油,p2609,09,国投安信期货,0,0,0,持平,0,0
20260810,棕榈油,p2609,09,国泰君安期货,20957,18945,2012,净多,-1762,-4046
20260810,棕榈油,p2609,09,广发期货,8896,5011,3885,净多,-3231,301
20260810,棕榈油,p2609,09,摩根大通期货,3197,7915,-4718,净空,90,-2698
20260810,棕榈油,p2609,09,永安期货,7462,3017,4445,净多,-727,-821
20260810,棕榈油,p2609,09,海通期货,11643,0,11643,净多,-577,0
20260810,棕榈油,p2609,09,瑞达期货,0,3898,-3898,净空,0,-593
20260810,棕榈油,p2609,09,瑞银期货,0,0,0,持平,0,0
20260810,棕榈油,p2609,09,高盛期货,0,0,0,持平,0,0
20260810,棕榈油,p2611,11,一德期货,0,0,0,持平,0,0
20260810,棕榈油,p2611,11,东证期货,2447,2735,-288,净空,16,15
20260810,棕榈油,p2611,11,中信期货,4891,4548,343,净多,108,2
20260810,棕榈油,p2611,11,中粮期货,514,516,-2,净空,-102,-89
20260810,棕榈油,p2611,11,五矿期货,156,0,156,净多,-18,0
20260810,棕榈油,p2611,11,华泰期货,1902,1414,488,净多,41,48
20260810,棕榈油,p2611,11,国投安信期货,0,0,0,持平,0,0
20260810,棕榈油,p2611,11,国泰君安期货,11342,10761,581,净多,178,-2
20260810,棕榈油,p2611,11,广发期货,0,0,0,持平,0,0
20260810,棕榈油,p2611,11,摩根大通期货,0,0,0,持平,0,0
20260810,棕榈油,p2611,11,海通期货,4983,4826,157,净多,53,5
20260810,棕榈油,p2611,11,瑞达期货,318,0,318,净多,23,0
20260810,棕榈油,p2611,11,瑞银期货,0,0,0,持平,0,0
20260810,棕榈油,p2611,11,高盛期货,0,0,0,持平,0,0
20260810,棕榈油,p2701,01,一德期货,33474,17713,15761,净多,1833,-20
20260810,棕榈油,p2701,01,东证期货,22107,25664,-3557,净空,2629,6306
20260810,棕榈油,p2701,01,中信期货,7957,30540,-22583,净空,807,9759
20260810,棕榈油,p2701,01,中粮期货,19303,34657,-15354,净空,-1262,6129
20260810,棕榈油,p2701,01,乾坤期货,0,0,0,持平,0,0
20260810,棕榈油,p2701,01,五矿期货,8639,0,8639,净多,421,0
20260810,棕榈油,p2701,01,华泰期货,8343,8670,-327,净空,1692,216
20260810,棕榈油,p2701,01,国投安信期货,0,0,0,持平,0,0
20260810,棕榈油,p2701,01,国泰君安期货,34734,20691,14043,净多,5265,1577
20260810,棕榈油,p2701,01,广发期货,9999,5648,4351,净多,2004,-697
20260810,棕榈油,p2701,01,摩根大通期货,16510,6156,10354,净多,2413,2186
20260810,棕榈油,p2701,01,永安期货,15001,6497,8504,净多,859,888
20260810,棕榈油,p2701,01,海通期货,0,14041,-14041,净空,0,-12
20260810,棕榈油,p2701,01,瑞达期货,8157,9459,-1302,净空,655,345
20260810,棕榈油,p2701,01,瑞银期货,0,0,0,持平,0,0
20260810,棕榈油,p2701,01,高盛期货,0,23986,-23986,净空,0,3587
20260810,棕榈油,p2705,05,一德期货,7500,14973,-7473,净空,440,11
20260810,棕榈油,p2705,05,东证期货,3642,4406,-764,净空,371,904
20260810,棕榈油,p2705,05,中信期货,4835,2147,2688,净多,640,165
20260810,棕榈油,p2705,05,中粮期货,1545,6276,-4731,净空,87,-120
20260810,棕榈油,p2705,05,乾坤期货,0,0,0,持平,0,0
20260810,棕榈油,p2705,05,五矿期货,1439,0,1439,净多,272,0
20260810,棕榈油,p2705,05,华泰期货,2905,0,2905,净多,67,0
20260810,棕榈油,p2705,05,国投安信期货,0,0,0,持平,0,0
20260810,棕榈油,p2705,05,国泰君安期货,10482,5292,5190,净多,805,1820
20260810,棕榈油,p2705,05,广发期货,3103,3185,-82,净空,79,40
20260810,棕榈油,p2705,05,摩根大通期货,0,2046,-2046,净空,0,0
20260810,棕榈油,p2705,05,永安期货,2021,1102,919,净多,263,24
20260810,棕榈油,p2705,05,海通期货,0,0,0,持平,0,0
20260810,棕榈油,p2705,05,瑞达期货,0,0,0,持平,0,0
20260810,棕榈油,p2705,05,瑞银期货,0,0,0,持平,0,0
20260810,棕榈油,p2705,05,高盛期货,1401,0,1401,净多,107,0
20260811,棕榈油,p2609,09,一德期货,6961,10947,-3986,净空,-3840,42
20260811,棕榈油,p2609,09,东证期货,11762,12049,-287,净空,-635,-6323
20260811,棕榈油,p2609,09,中信期货,5836,17005,-11169,净空,-535,-4858
20260811,棕榈油,p2609,09,中粮期货,10101,3455,6646,净多,-1616,205
20260811,棕榈油,p2609,09,乾坤期货,0,0,0,持平,0,0
20260811,棕榈油,p2609,09,五矿期货,0,0,0,持平,0,0
20260811,棕榈油,p2609,09,华泰期货,8605,5788,2817,净多,-1173,-2064
20260811,棕榈油,p2609,09,国投安信期货,0,0,0,持平,0,0
20260811,棕榈油,p2609,09,国泰君安期货,15168,16982,-1814,净空,-5789,-1963
20260811,棕榈油,p2609,09,广发期货,8209,3609,4600,净多,-687,-1402
20260811,棕榈油,p2609,09,摩根大通期货,2897,6181,-3284,净空,-300,-1734
20260811,棕榈油,p2609,09,永安期货,6156,0,6156,净多,-1306,0
20260811,棕榈油,p2609,09,海通期货,11048,0,11048,净多,-595,0
20260811,棕榈油,p2609,09,瑞达期货,0,3895,-3895,净空,0,-3
20260811,棕榈油,p2609,09,瑞银期货,0,0,0,持平,0,0
20260811,棕榈油,p2609,09,高盛期货,0,0,0,持平,0,0
20260811,棕榈油,p2611,11,一德期货,0,0,0,持平,0,0
20260811,棕榈油,p2611,11,东证期货,2505,2734,-229,净空,58,-1
20260811,棕榈油,p2611,11,中信期货,4899,4552,347,净多,8,4
20260811,棕榈油,p2611,11,中粮期货,423,412,11,净多,-91,-104
20260811,棕榈油,p2611,11,五矿期货,146,0,146,净多,-10,0
20260811,棕榈油,p2611,11,华泰期货,1895,1510,385,净多,-7,96
20260811,棕榈油,p2611,11,国投安信期货,0,0,0,持平,0,0
20260811,棕榈油,p2611,11,国泰君安期货,11670,10814,856,净多,328,53
20260811,棕榈油,p2611,11,广发期货,0,0,0,持平,0,0
20260811,棕榈油,p2611,11,摩根大通期货,0,0,0,持平,0,0
20260811,棕榈油,p2611,11,海通期货,4991,4821,170,净多,8,-5
20260811,棕榈油,p2611,11,瑞达期货,318,0,318,净多,0,0
20260811,棕榈油,p2611,11,瑞银期货,0,0,0,持平,0,0
20260811,棕榈油,p2611,11,高盛期货,0,0,0,持平,0,0
20260811,棕榈油,p2701,01,一德期货,29634,15683,13951,净多,-3840,-2030
20260811,棕榈油,p2701,01,东证期货,24048,27760,-3712,净空,1941,2096
20260811,棕榈油,p2701,01,中信期货,8097,34534,-26437,净空,140,3994
20260811,棕榈油,p2701,01,中粮期货,21159,31696,-10537,净空,1856,-2961
20260811,棕榈油,p2701,01,乾坤期货,0,0,0,持平,0,0
20260811,棕榈油,p2701,01,五矿期货,8438,0,8438,净多,-201,0
20260811,棕榈油,p2701,01,华泰期货,8702,10841,-2139,净空,359,2171
20260811,棕榈油,p2701,01,国投安信期货,0,0,0,持平,0,0
20260811,棕榈油,p2701,01,国泰君安期货,42181,21830,20351,净多,7447,1139
20260811,棕榈油,p2701,01,广发期货,10878,6635,4243,净多,879,987
20260811,棕榈油,p2701,01,摩根大通期货,16453,8840,7613,净多,-57,2684
20260811,棕榈油,p2701,01,永安期货,12442,7754,4688,净多,-2559,1257
20260811,棕榈油,p2701,01,海通期货,0,16413,-16413,净空,0,2372
20260811,棕榈油,p2701,01,瑞达期货,8313,9593,-1280,净空,156,134
20260811,棕榈油,p2701,01,瑞银期货,0,0,0,持平,0,0
20260811,棕榈油,p2701,01,高盛期货,0,23638,-23638,净空,0,-348
20260811,棕榈油,p2705,05,一德期货,7492,14974,-7482,净空,-8,1
20260811,棕榈油,p2705,05,东证期货,3837,4775,-938,净空,195,369
20260811,棕榈油,p2705,05,中信期货,4956,2078,2878,净多,121,-69
20260811,棕榈油,p2705,05,中粮期货,0,6465,-6465,净空,0,189
20260811,棕榈油,p2705,05,乾坤期货,0,0,0,持平,0,0
20260811,棕榈油,p2705,05,五矿期货,1523,0,1523,净多,84,0
20260811,棕榈油,p2705,05,华泰期货,3386,0,3386,净多,481,0
20260811,棕榈油,p2705,05,国投安信期货,0,0,0,持平,0,0
20260811,棕榈油,p2705,05,国泰君安期货,10666,5320,5346,净多,184,28
20260811,棕榈油,p2705,05,广发期货,3499,3194,305,净多,396,9
20260811,棕榈油,p2705,05,摩根大通期货,0,2056,-2056,净空,0,10
20260811,棕榈油,p2705,05,永安期货,1871,0,1871,净多,-150,0
20260811,棕榈油,p2705,05,海通期货,0,0,0,持平,0,0
20260811,棕榈油,p2705,05,瑞达期货,0,0,0,持平,0,0
20260811,棕榈油,p2705,05,瑞银期货,0,0,0,持平,0,0
20260811,棕榈油,p2705,05,高盛期货,1319,0,1319,净多,-82,0
20260812,棕榈油,p2609,09,一德期货,7458,10609,-3151,净空,497,-338
20260812,棕榈油,p2609,09,东证期货,9480,11319,-1839,净空,-2282,-730
20260812,棕榈油,p2609,09,中信期货,4745,14274,-9529,净空,-1091,-2731
20260812,棕榈油,p2609,09,中粮期货,10315,3161,7154,净多,214,-294
20260812,棕榈油,p2609,09,乾坤期货,0,0,0,持平,0,0
20260812,棕榈油,p2609,09,五矿期货,0,0,0,持平,0,0
20260812,棕榈油,p2609,09,华泰期货,8750,4953,3797,净多,145,-835
20260812,棕榈油,p2609,09,国投安信期货,0,0,0,持平,0,0
20260812,棕榈油,p2609,09,国泰君安期货,13871,18884,-5013,净空,-1297,1902
20260812,棕榈油,p2609,09,广发期货,5108,3233,1875,净多,-3101,-376
20260812,棕榈油,p2609,09,摩根大通期货,2977,4938,-1961,净空,80,-1243
20260812,棕榈油,p2609,09,永安期货,5568,0,5568,净多,-588,0
20260812,棕榈油,p2609,09,海通期货,11571,0,11571,净多,523,0
20260812,棕榈油,p2609,09,瑞达期货,0,3281,-3281,净空,0,-614
20260812,棕榈油,p2609,09,瑞银期货,0,2551,-2551,净空,0,882
20260812,棕榈油,p2609,09,高盛期货,0,0,0,持平,0,0
20260812,棕榈油,p2611,11,一德期货,0,0,0,持平,0,0
20260812,棕榈油,p2611,11,东证期货,2524,2729,-205,净空,19,-5
20260812,棕榈油,p2611,11,中信期货,4838,4545,293,净多,-61,-7
20260812,棕榈油,p2611,11,中粮期货,403,412,-9,净空,-20,0
20260812,棕榈油,p2611,11,五矿期货,172,0,172,净多,26,0
20260812,棕榈油,p2611,11,华泰期货,1901,1665,236,净多,6,155
20260812,棕榈油,p2611,11,国投安信期货,0,0,0,持平,0,0
20260812,棕榈油,p2611,11,国泰君安期货,11791,11077,714,净多,121,263
20260812,棕榈油,p2611,11,广发期货,0,0,0,持平,0,0
20260812,棕榈油,p2611,11,摩根大通期货,0,0,0,持平,0,0
20260812,棕榈油,p2611,11,海通期货,4993,4822,171,净多,2,1
20260812,棕榈油,p2611,11,瑞达期货,364,0,364,净多,46,0
20260812,棕榈油,p2611,11,瑞银期货,0,0,0,持平,0,0
20260812,棕榈油,p2611,11,高盛期货,0,0,0,持平,0,0
20260812,棕榈油,p2701,01,一德期货,29204,16752,12452,净多,-430,1069
20260812,棕榈油,p2701,01,东证期货,25556,31203,-5647,净空,1508,3443
20260812,棕榈油,p2701,01,中信期货,8300,38394,-30094,净空,203,3860
20260812,棕榈油,p2701,01,中粮期货,22180,30429,-8249,净空,1021,-1267
20260812,棕榈油,p2701,01,乾坤期货,0,0,0,持平,0,0
20260812,棕榈油,p2701,01,五矿期货,9111,0,9111,净多,673,0
20260812,棕榈油,p2701,01,华泰期货,9671,11027,-1356,净空,969,186
20260812,棕榈油,p2701,01,国投安信期货,0,0,0,持平,0,0
20260812,棕榈油,p2701,01,国泰君安期货,49088,22521,26567,净多,6907,691
20260812,棕榈油,p2701,01,广发期货,14751,5851,8900,净多,3873,-784
20260812,棕榈油,p2701,01,摩根大通期货,15938,14437,1501,净多,-515,5597
20260812,棕榈油,p2701,01,永安期货,12544,6511,6033,净多,102,-1243
20260812,棕榈油,p2701,01,海通期货,0,18722,-18722,净空,0,2309
20260812,棕榈油,p2701,01,瑞达期货,8425,9762,-1337,净空,112,169
20260812,棕榈油,p2701,01,瑞银期货,0,0,0,持平,0,0
20260812,棕榈油,p2701,01,高盛期货,0,26013,-26013,净空,0,2375
20260812,棕榈油,p2705,05,一德期货,7958,14965,-7007,净空,466,-9
20260812,棕榈油,p2705,05,东证期货,4431,5151,-720,净空,594,376
20260812,棕榈油,p2705,05,中信期货,4465,2178,2287,净多,-491,100
20260812,棕榈油,p2705,05,中粮期货,0,6549,-6549,净空,0,84
20260812,棕榈油,p2705,05,乾坤期货,0,0,0,持平,0,0
20260812,棕榈油,p2705,05,五矿期货,1652,0,1652,净多,129,0
20260812,棕榈油,p2705,05,华泰期货,3062,0,3062,净多,-324,0
20260812,棕榈油,p2705,05,国投安信期货,0,0,0,持平,0,0
20260812,棕榈油,p2705,05,国泰君安期货,12269,6295,5974,净多,1603,975
20260812,棕榈油,p2705,05,广发期货,3828,3182,646,净多,329,-12
20260812,棕榈油,p2705,05,摩根大通期货,0,2645,-2645,净空,0,589
20260812,棕榈油,p2705,05,永安期货,2131,0,2131,净多,260,0
20260812,棕榈油,p2705,05,海通期货,0,0,0,持平,0,0
20260812,棕榈油,p2705,05,瑞达期货,0,0,0,持平,0,0
20260812,棕榈油,p2705,05,瑞银期货,0,0,0,持平,0,0
20260812,棕榈油,p2705,05,高盛期货,0,0,0,持平,0,0
20260813,棕榈油,p2609,09,一德期货,7066,10056,-2990,净空,-392,-553
20260813,棕榈油,p2609,09,东证期货,8249,11311,-3062,净空,-1231,-8
20260813,棕榈油,p2609,09,中信期货,4784,11886,-7102,净空,39,-2388
20260813,棕榈油,p2609,09,中粮期货,9462,3379,6083,净多,-853,218
20260813,棕榈油,p2609,09,乾坤期货,0,0,0,持平,0,0
20260813,棕榈油,p2609,09,五矿期货,0,0,0,持平,0,0
20260813,棕榈油,p2609,09,华泰期货,9082,4067,5015,净多,332,-886
20260813,棕榈油,p2609,09,国投安信期货,0,0,0,持平,0,0
20260813,棕榈油,p2609,09,国泰君安期货,11734,18145,-6411,净空,-2137,-739
20260813,棕榈油,p2609,09,广发期货,4136,0,4136,净多,-972,0
20260813,棕榈油,p2609,09,摩根大通期货,2977,2843,134,净多,0,-2095
20260813,棕榈油,p2609,09,永安期货,5272,1828,3444,净多,-296,-234
20260813,棕榈油,p2609,09,海通期货,10280,0,10280,净多,-1291,0
20260813,棕榈油,p2609,09,瑞达期货,0,2537,-2537,净空,0,-744
20260813,棕榈油,p2609,09,瑞银期货,0,0,0,持平,0,0
20260813,棕榈油,p2609,09,高盛期货,0,0,0,持平,0,0
20260813,棕榈油,p2611,11,一德期货,0,0,0,持平,0,0
20260813,棕榈油,p2611,11,东证期货,2682,3122,-440,净空,158,393
20260813,棕榈油,p2611,11,中信期货,4889,4537,352,净多,51,-8
20260813,棕榈油,p2611,11,中粮期货,404,407,-3,净空,1,-5
20260813,棕榈油,p2611,11,五矿期货,145,0,145,净多,-27,0
20260813,棕榈油,p2611,11,华泰期货,2089,1658,431,净多,188,-7
20260813,棕榈油,p2611,11,国投安信期货,0,0,0,持平,0,0
20260813,棕榈油,p2611,11,国泰君安期货,11747,11027,720,净多,-44,-50
20260813,棕榈油,p2611,11,广发期货,0,296,-296,净空,0,259
20260813,棕榈油,p2611,11,摩根大通期货,0,0,0,持平,0,0
20260813,棕榈油,p2611,11,海通期货,4976,4827,149,净多,-17,5
20260813,棕榈油,p2611,11,瑞达期货,244,161,83,净多,-120,150
20260813,棕榈油,p2611,11,瑞银期货,0,0,0,持平,0,0
20260813,棕榈油,p2611,11,高盛期货,176,0,176,净多,89,0
20260813,棕榈油,p2701,01,一德期货,30538,16959,13579,净多,1334,207
20260813,棕榈油,p2701,01,东证期货,31464,27658,3806,净多,5908,-3545
20260813,棕榈油,p2701,01,中信期货,8923,40543,-31620,净空,623,2149
20260813,棕榈油,p2701,01,中粮期货,20729,35330,-14601,净空,-1451,4901
20260813,棕榈油,p2701,01,乾坤期货,0,0,0,持平,0,0
20260813,棕榈油,p2701,01,五矿期货,9783,0,9783,净多,672,0
20260813,棕榈油,p2701,01,华泰期货,9198,11192,-1994,净空,-473,165
20260813,棕榈油,p2701,01,国投安信期货,0,0,0,持平,0,0
20260813,棕榈油,p2701,01,国泰君安期货,53120,26513,26607,净多,4032,3992
20260813,棕榈油,p2701,01,广发期货,15100,6933,8167,净多,349,1082
20260813,棕榈油,p2701,01,摩根大通期货,16439,16600,-161,净空,501,2163
20260813,棕榈油,p2701,01,永安期货,13256,6150,7106,净多,712,-361
20260813,棕榈油,p2701,01,海通期货,0,18631,-18631,净空,0,-91
20260813,棕榈油,p2701,01,瑞达期货,8757,10585,-1828,净空,332,823
20260813,棕榈油,p2701,01,瑞银期货,0,0,0,持平,0,0
20260813,棕榈油,p2701,01,高盛期货,0,28780,-28780,净空,0,2767
20260813,棕榈油,p2705,05,一德期货,8309,19768,-11459,净空,351,4803
20260813,棕榈油,p2705,05,东证期货,4639,6076,-1437,净空,208,925
20260813,棕榈油,p2705,05,中信期货,5529,2054,3475,净多,1064,-124
20260813,棕榈油,p2705,05,中粮期货,1526,6099,-4573,净空,261,-450
20260813,棕榈油,p2705,05,乾坤期货,0,0,0,持平,0,0
20260813,棕榈油,p2705,05,五矿期货,1586,0,1586,净多,-66,0
20260813,棕榈油,p2705,05,华泰期货,2726,0,2726,净多,-336,0
20260813,棕榈油,p2705,05,国投安信期货,0,0,0,持平,0,0
20260813,棕榈油,p2705,05,国泰君安期货,13349,11491,1858,净多,1080,5196
20260813,棕榈油,p2705,05,广发期货,5277,3064,2213,净多,1449,-118
20260813,棕榈油,p2705,05,摩根大通期货,0,2550,-2550,净空,0,-95
20260813,棕榈油,p2705,05,永安期货,2660,1966,694,净多,529,827
20260813,棕榈油,p2705,05,海通期货,0,0,0,持平,0,0
20260813,棕榈油,p2705,05,瑞达期货,0,0,0,持平,0,0
20260813,棕榈油,p2705,05,瑞银期货,0,0,0,持平,0,0
20260813,棕榈油,p2705,05,高盛期货,1635,0,1635,净多,284,0
20260814,棕榈油,p2609,09,一德期货,6928,8754,-1826,净空,-138,-1302
20260814,棕榈油,p2609,09,东证期货,8806,10241,-1435,净空,557,-1070
20260814,棕榈油,p2609,09,中信期货,4522,9799,-5277,净空,-262,-2087
20260814,棕榈油,p2609,09,中粮期货,7989,2107,5882,净多,-1473,-1272
20260814,棕榈油,p2609,09,乾坤期货,0,0,0,持平,0,0
20260814,棕榈油,p2609,09,五矿期货,0,0,0,持平,0,0
20260814,棕榈油,p2609,09,华泰期货,5852,3493,2359,净多,-3230,-574
20260814,棕榈油,p2609,09,国投安信期货,0,0,0,持平,0,0
20260814,棕榈油,p2609,09,国泰君安期货,10210,16247,-6037,净空,-1524,-1898
20260814,棕榈油,p2609,09,广发期货,2633,0,2633,净多,-1503,0
20260814,棕榈油,p2609,09,摩根大通期货,2872,0,2872,净多,-105,0
20260814,棕榈油,p2609,09,永安期货,4315,0,4315,净多,-957,0
20260814,棕榈油,p2609,09,海通期货,7938,0,7938,净多,-2342,0
20260814,棕榈油,p2609,09,瑞达期货,0,2224,-2224,净空,0,-313
20260814,棕榈油,p2609,09,瑞银期货,0,0,0,持平,0,0
20260814,棕榈油,p2609,09,高盛期货,0,0,0,持平,0,0
20260814,棕榈油,p2611,11,一德期货,0,0,0,持平,0,0
20260814,棕榈油,p2611,11,东证期货,2756,3832,-1076,净空,74,710
20260814,棕榈油,p2611,11,中信期货,4935,4520,415,净多,46,-17
20260814,棕榈油,p2611,11,中粮期货,383,383,0,持平,-21,-24
20260814,棕榈油,p2611,11,五矿期货,203,0,203,净多,58,0
20260814,棕榈油,p2611,11,华泰期货,2419,1737,682,净多,330,79
20260814,棕榈油,p2611,11,国投安信期货,0,0,0,持平,0,0
20260814,棕榈油,p2611,11,国泰君安期货,12015,11151,864,净多,268,124
20260814,棕榈油,p2611,11,广发期货,0,551,-551,净空,0,255
20260814,棕榈油,p2611,11,摩根大通期货,0,0,0,持平,0,0
20260814,棕榈油,p2611,11,海通期货,4997,4884,113,净多,21,57
20260814,棕榈油,p2611,11,瑞达期货,206,321,-115,净空,-38,160
20260814,棕榈油,p2611,11,瑞银期货,0,0,0,持平,0,0
20260814,棕榈油,p2611,11,高盛期货,0,0,0,持平,0,0
20260814,棕榈油,p2701,01,一德期货,27193,13574,13619,净多,-3345,-3385
20260814,棕榈油,p2701,01,东证期货,33782,31798,1984,净多,2318,4140
20260814,棕榈油,p2701,01,中信期货,11241,38119,-26878,净空,2318,-2424
20260814,棕榈油,p2701,01,中粮期货,20200,36938,-16738,净空,-529,1608
20260814,棕榈油,p2701,01,乾坤期货,0,0,0,持平,0,0
20260814,棕榈油,p2701,01,五矿期货,9675,0,9675,净多,-108,0
20260814,棕榈油,p2701,01,华泰期货,10641,13358,-2717,净空,1443,2166
20260814,棕榈油,p2701,01,国投安信期货,0,0,0,持平,0,0
20260814,棕榈油,p2701,01,国泰君安期货,56168,32817,23351,净多,3048,6304
20260814,棕榈油,p2701,01,广发期货,17410,10316,7094,净多,2310,3383
20260814,棕榈油,p2701,01,摩根大通期货,14291,14990,-699,净空,-2148,-1610
20260814,棕榈油,p2701,01,永安期货,14432,7413,7019,净多,1176,1263
20260814,棕榈油,p2701,01,海通期货,0,19611,-19611,净空,0,980
20260814,棕榈油,p2701,01,瑞达期货,9586,10582,-996,净空,829,-3
20260814,棕榈油,p2701,01,瑞银期货,0,0,0,持平,0,0
20260814,棕榈油,p2701,01,高盛期货,0,25658,-25658,净空,0,-3122
20260814,棕榈油,p2705,05,一德期货,9600,20574,-10974,净空,1291,806
20260814,棕榈油,p2705,05,东证期货,5206,6445,-1239,净空,567,369
20260814,棕榈油,p2705,05,中信期货,5678,2251,3427,净多,149,197
20260814,棕榈油,p2705,05,中粮期货,2148,5846,-3698,净空,622,-253
20260814,棕榈油,p2705,05,乾坤期货,0,0,0,持平,0,0
20260814,棕榈油,p2705,05,五矿期货,1672,0,1672,净多,86,0
20260814,棕榈油,p2705,05,华泰期货,3319,0,3319,净多,593,0
20260814,棕榈油,p2705,05,国投安信期货,0,0,0,持平,0,0
20260814,棕榈油,p2705,05,国泰君安期货,13511,15314,-1803,净空,162,3823
20260814,棕榈油,p2705,05,广发期货,5484,3110,2374,净多,207,46
20260814,棕榈油,p2705,05,摩根大通期货,0,2438,-2438,净空,0,-112
20260814,棕榈油,p2705,05,永安期货,3004,2616,388,净多,344,650
20260814,棕榈油,p2705,05,海通期货,0,0,0,持平,0,0
20260814,棕榈油,p2705,05,瑞达期货,0,0,0,持平,0,0
20260814,棕榈油,p2705,05,瑞银期货,0,0,0,持平,0,0
20260814,棕榈油,p2705,05,高盛期货,1619,0,1619,净多,-16,0
20260817,棕榈油,p2609,09,一德期货,6889,7778,-889,净空,-39,-976
20260817,棕榈油,p2609,09,东证期货,8382,9293,-911,净空,-424,-948
20260817,棕榈油,p2609,09,中信期货,4206,8249,-4043,净空,-316,-1550
20260817,棕榈油,p2609,09,中粮期货,7643,1379,6264,净多,-346,-728
20260817,棕榈油,p2609,09,乾坤期货,0,0,0,持平,0,0
20260817,棕榈油,p2609,09,五矿期货,0,0,0,持平,0,0
20260817,棕榈油,p2609,09,华泰期货,5162,4039,1123,净多,-690,546
20260817,棕榈油,p2609,09,国投安信期货,0,0,0,持平,0,0
20260817,棕榈油,p2609,09,国泰君安期货,7972,13486,-5514,净空,-2238,-2761
20260817,棕榈油,p2609,09,广发期货,0,0,0,持平,0,0
20260817,棕榈油,p2609,09,摩根大通期货,2515,0,2515,净多,-357,0
20260817,棕榈油,p2609,09,永安期货,4105,0,4105,净多,-210,0
20260817,棕榈油,p2609,09,海通期货,5871,0,5871,净多,-2067,0
20260817,棕榈油,p2609,09,瑞达期货,0,2005,-2005,净空,0,-219
20260817,棕榈油,p2609,09,瑞银期货,0,0,0,持平,0,0
20260817,棕榈油,p2609,09,高盛期货,0,0,0,持平,0,0
20260817,棕榈油,p2611,11,一德期货,0,0,0,持平,0,0
20260817,棕榈油,p2611,11,东证期货,2706,2982,-276,净空,-50,-850
20260817,棕榈油,p2611,11,中信期货,4944,4553,391,净多,9,33
20260817,棕榈油,p2611,11,中粮期货,304,307,-3,净空,-79,-76
20260817,棕榈油,p2611,11,五矿期货,0,0,0,持平,0,0
20260817,棕榈油,p2611,11,华泰期货,2293,2103,190,净多,-126,366
20260817,棕榈油,p2611,11,国投安信期货,0,0,0,持平,0,0
20260817,棕榈油,p2611,11,国泰君安期货,12073,11389,684,净多,58,238
20260817,棕榈油,p2611,11,广发期货,0,0,0,持平,0,0
20260817,棕榈油,p2611,11,摩根大通期货,0,0,0,持平,0,0
20260817,棕榈油,p2611,11,海通期货,4963,4940,23,净多,-34,56
20260817,棕榈油,p2611,11,瑞达期货,183,0,183,净多,-23,0
20260817,棕榈油,p2611,11,瑞银期货,0,0,0,持平,0,0
20260817,棕榈油,p2611,11,高盛期货,176,0,176,净多,-5,0
20260817,棕榈油,p2701,01,一德期货,28184,13668,14516,净多,991,94
20260817,棕榈油,p2701,01,东证期货,33221,34986,-1765,净空,-561,3188
20260817,棕榈油,p2701,01,中信期货,10774,38070,-27296,净空,-467,-49
20260817,棕榈油,p2701,01,中粮期货,20240,37056,-16816,净空,40,118
20260817,棕榈油,p2701,01,乾坤期货,0,0,0,持平,0,0
20260817,棕榈油,p2701,01,五矿期货,9623,0,9623,净多,-52,0
20260817,棕榈油,p2701,01,华泰期货,10753,12179,-1426,净空,112,-1179
20260817,棕榈油,p2701,01,国投安信期货,0,0,0,持平,0,0
20260817,棕榈油,p2701,01,国泰君安期货,57461,36362,21099,净多,1293,3545
20260817,棕榈油,p2701,01,广发期货,16414,9467,6947,净多,-996,-849
20260817,棕榈油,p2701,01,摩根大通期货,15437,15384,53,净多,1146,394
20260817,棕榈油,p2701,01,永安期货,12823,7303,5520,净多,-1609,-110
20260817,棕榈油,p2701,01,海通期货,0,19387,-19387,净空,0,-224
20260817,棕榈油,p2701,01,瑞达期货,9622,10811,-1189,净空,36,229
20260817,棕榈油,p2701,01,瑞银期货,0,0,0,持平,0,0
20260817,棕榈油,p2701,01,高盛期货,0,29025,-29025,净空,0,3367
20260817,棕榈油,p2705,05,一德期货,9732,20580,-10848,净空,132,6
20260817,棕榈油,p2705,05,东证期货,5070,7032,-1962,净空,-136,587
20260817,棕榈油,p2705,05,中信期货,5807,2404,3403,净多,129,153
20260817,棕榈油,p2705,05,中粮期货,2207,5026,-2819,净空,59,-820
20260817,棕榈油,p2705,05,乾坤期货,0,0,0,持平,0,0
20260817,棕榈油,p2705,05,五矿期货,1721,0,1721,净多,49,0
20260817,棕榈油,p2705,05,华泰期货,3851,0,3851,净多,532,0
20260817,棕榈油,p2705,05,国投安信期货,0,0,0,持平,0,0
20260817,棕榈油,p2705,05,国泰君安期货,13745,16153,-2408,净空,234,839
20260817,棕榈油,p2705,05,广发期货,5388,2935,2453,净多,-96,-175
20260817,棕榈油,p2705,05,摩根大通期货,0,2767,-2767,净空,0,329
20260817,棕榈油,p2705,05,永安期货,3676,3403,273,净多,672,787
20260817,棕榈油,p2705,05,海通期货,0,0,0,持平,0,0
20260817,棕榈油,p2705,05,瑞达期货,0,0,0,持平,0,0
20260817,棕榈油,p2705,05,瑞银期货,0,0,0,持平,0,0
20260817,棕榈油,p2705,05,高盛期货,1933,0,1933,净多,314,0
20260818,棕榈油,p2609,09,一德期货,4393,0,4393,净多,-2496,0
20260818,棕榈油,p2609,09,东证期货,7684,8772,-1088,净空,-698,-521
20260818,棕榈油,p2609,09,中信期货,3554,2977,577,净多,-652,-5272
20260818,棕榈油,p2609,09,中粮期货,7385,1823,5562,净多,-258,444
20260818,棕榈油,p2609,09,乾坤期货,0,0,0,持平,0,0
20260818,棕榈油,p2609,09,五矿期货,0,0,0,持平,0,0
20260818,棕榈油,p2609,09,华泰期货,4806,3355,1451,净多,-356,-684
20260818,棕榈油,p2609,09,国投安信期货,0,0,0,持平,0,0
20260818,棕榈油,p2609,09,国泰君安期货,7943,10432,-2489,净空,-29,-3054
20260818,棕榈油,p2609,09,广发期货,1304,0,1304,净多,-64,0
20260818,棕榈油,p2609,09,摩根大通期货,0,0,0,持平,0,0
20260818,棕榈油,p2609,09,永安期货,3772,0,3772,净多,-333,0
20260818,棕榈油,p2609,09,海通期货,1779,0,1779,净多,-4092,0
20260818,棕榈油,p2609,09,瑞达期货,0,1291,-1291,净空,0,-714
20260818,棕榈油,p2609,09,瑞银期货,0,0,0,持平,0,0
20260818,棕榈油,p2609,09,高盛期货,0,0,0,持平,0,0
20260818,棕榈油,p2611,11,一德期货,0,0,0,持平,0,0
20260818,棕榈油,p2611,11,东证期货,2741,3047,-306,净空,35,65
20260818,棕榈油,p2611,11,中信期货,5059,4602,457,净多,115,49
20260818,棕榈油,p2611,11,中粮期货,424,422,2,净多,120,115
20260818,棕榈油,p2611,11,五矿期货,257,0,257,净多,118,0
20260818,棕榈油,p2611,11,华泰期货,2302,2069,233,净多,9,-34
20260818,棕榈油,p2611,11,国投安信期货,0,0,0,持平,0,0
20260818,棕榈油,p2611,11,国泰君安期货,12290,12305,-15,净空,217,916
20260818,棕榈油,p2611,11,广发期货,222,0,222,净多,181,0
20260818,棕榈油,p2611,11,摩根大通期货,0,0,0,持平,0,0
20260818,棕榈油,p2611,11,海通期货,4995,4975,20,净多,32,35
20260818,棕榈油,p2611,11,瑞达期货,0,0,0,持平,0,0
20260818,棕榈油,p2611,11,瑞银期货,0,0,0,持平,0,0
20260818,棕榈油,p2611,11,高盛期货,0,0,0,持平,0,0
20260818,棕榈油,p2701,01,一德期货,28319,13999,14320,净多,135,331
20260818,棕榈油,p2701,01,东证期货,34697,40838,-6141,净空,1476,5852
20260818,棕榈油,p2701,01,中信期货,17261,37787,-20526,净空,6487,-283
20260818,棕榈油,p2701,01,中粮期货,19464,37857,-18393,净空,-776,801
20260818,棕榈油,p2701,01,乾坤期货,0,0,0,持平,0,0
20260818,棕榈油,p2701,01,五矿期货,10141,0,10141,净多,518,0
20260818,棕榈油,p2701,01,华泰期货,11007,13347,-2340,净空,254,1168
20260818,棕榈油,p2701,01,国投安信期货,0,0,0,持平,0,0
20260818,棕榈油,p2701,01,国泰君安期货,61805,41294,20511,净多,4344,4932
20260818,棕榈油,p2701,01,广发期货,18333,9519,8814,净多,1919,52
20260818,棕榈油,p2701,01,摩根大通期货,21451,12999,8452,净多,6014,-2385
20260818,棕榈油,p2701,01,永安期货,12958,7942,5016,净多,135,639
20260818,棕榈油,p2701,01,海通期货,0,21254,-21254,净空,0,1867
20260818,棕榈油,p2701,01,瑞达期货,8258,10739,-2481,净空,-1364,-72
20260818,棕榈油,p2701,01,瑞银期货,0,0,0,持平,0,0
20260818,棕榈油,p2701,01,高盛期货,7905,22939,-15034,净空,4321,-6086
20260818,棕榈油,p2705,05,一德期货,9872,29463,-19591,净空,140,8883
20260818,棕榈油,p2705,05,东证期货,6617,7707,-1090,净空,1547,675
20260818,棕榈油,p2705,05,中信期货,6556,2731,3825,净多,749,327
20260818,棕榈油,p2705,05,中粮期货,2845,3480,-635,净空,638,-1546
20260818,棕榈油,p2705,05,乾坤期货,0,0,0,持平,0,0
20260818,棕榈油,p2705,05,五矿期货,0,0,0,持平,0,0
20260818,棕榈油,p2705,05,华泰期货,4303,0,4303,净多,452,0
20260818,棕榈油,p2705,05,国投安信期货,0,0,0,持平,0,0
20260818,棕榈油,p2705,05,国泰君安期货,15512,16267,-755,净空,1767,114
20260818,棕榈油,p2705,05,广发期货,5973,3294,2679,净多,585,359
20260818,棕榈油,p2705,05,摩根大通期货,0,2851,-2851,净空,0,84
20260818,棕榈油,p2705,05,永安期货,4030,5294,-1264,净空,354,1891
20260818,棕榈油,p2705,05,海通期货,0,0,0,持平,0,0
20260818,棕榈油,p2705,05,瑞达期货,0,0,0,持平,0,0
20260818,棕榈油,p2705,05,瑞银期货,0,0,0,持平,0,0
20260818,棕榈油,p2705,05,高盛期货,2071,0,2071,净多,138,0
20260819,棕榈油,p2609,09,一德期货,2955,0,2955,净多,-1438,0
20260819,棕榈油,p2609,09,东证期货,5126,4445,681,净多,-2558,-4327
20260819,棕榈油,p2609,09,中信期货,1564,1805,-241,净空,-1990,-1172
20260819,棕榈油,p2609,09,中粮期货,4288,1499,2789,净多,-3097,-324
20260819,棕榈油,p2609,09,乾坤期货,0,0,0,持平,0,0
20260819,棕榈油,p2609,09,五矿期货,0,0,0,持平,0,0
20260819,棕榈油,p2609,09,华泰期货,3293,2539,754,净多,-1513,-816
20260819,棕榈油,p2609,09,国投安信期货,0,0,0,持平,0,0
20260819,棕榈油,p2609,09,国泰君安期货,6350,5826,524,净多,-1593,-4606
20260819,棕榈油,p2609,09,广发期货,1212,0,1212,净多,-92,0
20260819,棕榈油,p2609,09,摩根大通期货,940,981,-41,净空,0,297
20260819,棕榈油,p2609,09,永安期货,2263,0,2263,净多,-1509,0
20260819,棕榈油,p2609,09,海通期货,0,0,0,持平,0,0
20260819,棕榈油,p2609,09,瑞达期货,0,0,0,持平,0,0
20260819,棕榈油,p2609,09,瑞银期货,0,0,0,持平,0,0
20260819,棕榈油,p2609,09,高盛期货,0,0,0,持平,0,0
20260819,棕榈油,p2611,11,一德期货,0,0,0,持平,0,0
20260819,棕榈油,p2611,11,东证期货,2782,2904,-122,净空,41,-143
20260819,棕榈油,p2611,11,中信期货,5242,4571,671,净多,183,-31
20260819,棕榈油,p2611,11,中粮期货,510,509,1,净多,86,87
20260819,棕榈油,p2611,11,五矿期货,302,0,302,净多,45,0
20260819,棕榈油,p2611,11,华泰期货,2338,1850,488,净多,36,-219
20260819,棕榈油,p2611,11,国投安信期货,0,0,0,持平,0,0
20260819,棕榈油,p2611,11,国泰君安期货,12634,11886,748,净多,344,-419
20260819,棕榈油,p2611,11,广发期货,229,0,229,净多,7,0
20260819,棕榈油,p2611,11,摩根大通期货,0,0,0,持平,0,0
20260819,棕榈油,p2611,11,海通期货,4989,4990,-1,净空,-6,15
20260819,棕榈油,p2611,11,瑞达期货,0,0,0,持平,0,0
20260819,棕榈油,p2611,11,瑞银期货,0,0,0,持平,0,0
20260819,棕榈油,p2611,11,高盛期货,0,0,0,持平,0,0
20260819,棕榈油,p2701,01,一德期货,29641,11978,17663,净多,1322,-2021
20260819,棕榈油,p2701,01,东证期货,34519,43104,-8585,净空,-178,2266
20260819,棕榈油,p2701,01,中信期货,19590,38974,-19384,净空,2329,1187
20260819,棕榈油,p2701,01,中粮期货,20204,40969,-20765,净空,740,3112
20260819,棕榈油,p2701,01,乾坤期货,0,0,0,持平,0,0
20260819,棕榈油,p2701,01,五矿期货,10609,0,10609,净多,468,0
20260819,棕榈油,p2701,01,华泰期货,9750,13430,-3680,净空,-1257,83
20260819,棕榈油,p2701,01,国投安信期货,0,0,0,持平,0,0
20260819,棕榈油,p2701,01,国泰君安期货,55623,44934,10689,净多,-6182,3640
20260819,棕榈油,p2701,01,广发期货,17180,10524,6656,净多,-1153,1005
20260819,棕榈油,p2701,01,摩根大通期货,25002,13682,11320,净多,3551,683
20260819,棕榈油,p2701,01,永安期货,14740,8727,6013,净多,1782,785
20260819,棕榈油,p2701,01,海通期货,0,21024,-21024,净空,0,-230
20260819,棕榈油,p2701,01,瑞达期货,0,9972,-9972,净空,0,-767
20260819,棕榈油,p2701,01,瑞银期货,0,0,0,持平,0,0
20260819,棕榈油,p2701,01,高盛期货,11479,22912,-11433,净空,3574,-27
20260819,棕榈油,p2705,05,一德期货,9961,31365,-21404,净空,89,1902
20260819,棕榈油,p2705,05,东证期货,7786,7802,-16,净空,1169,95
20260819,棕榈油,p2705,05,中信期货,6800,3350,3450,净多,244,619
20260819,棕榈油,p2705,05,中粮期货,5262,4093,1169,净多,2417,613
20260819,棕榈油,p2705,05,乾坤期货,0,0,0,持平,0,0
20260819,棕榈油,p2705,05,五矿期货,0,0,0,持平,0,0
20260819,棕榈油,p2705,05,华泰期货,4741,0,4741,净多,438,0
20260819,棕榈油,p2705,05,国投安信期货,0,0,0,持平,0,0
20260819,棕榈油,p2705,05,国泰君安期货,19102,19026,76,净多,3590,2759
20260819,棕榈油,p2705,05,广发期货,7077,3018,4059,净多,1104,-276
20260819,棕榈油,p2705,05,摩根大通期货,0,2851,-2851,净空,0,0
20260819,棕榈油,p2705,05,永安期货,4519,7829,-3310,净空,489,2535
20260819,棕榈油,p2705,05,海通期货,0,0,0,持平,0,0
20260819,棕榈油,p2705,05,瑞达期货,0,0,0,持平,0,0
20260819,棕榈油,p2705,05,瑞银期货,0,0,0,持平,0,0
20260819,棕榈油,p2705,05,高盛期货,2287,0,2287,净多,216,0
20260820,棕榈油,p2609,09,一德期货,1663,0,1663,净多,-1292,0
20260820,棕榈油,p2609,09,东证期货,3398,1607,1791,净多,-1728,-2838
20260820,棕榈油,p2609,09,中信期货,1303,1315,-12,净空,-261,-490
20260820,棕榈油,p2609,09,中粮期货,2876,1386,1490,净多,-1412,-113
20260820,棕榈油,p2609,09,乾坤期货,0,0,0,持平,0,0
20260820,棕榈油,p2609,09,五矿期货,0,0,0,持平,0,0
20260820,棕榈油,p2609,09,华泰期货,1590,1836,-246,净空,-1703,-703
20260820,棕榈油,p2609,09,国投安信期货,0,0,0,持平,0,0
20260820,棕榈油,p2609,09,国泰君安期货,6183,3206,2977,净多,-167,-2620
20260820,棕榈油,p2609,09,广发期货,1095,815,280,净多,-117,86
20260820,棕榈油,p2609,09,摩根大通期货,0,0,0,持平,0,0
20260820,棕榈油,p2609,09,永安期货,1747,0,1747,净多,-516,0
20260820,棕榈油,p2609,09,海通期货,757,0,757,净多,-141,0
20260820,棕榈油,p2609,09,瑞达期货,0,0,0,持平,0,0
20260820,棕榈油,p2609,09,瑞银期货,0,0,0,持平,0,0
20260820,棕榈油,p2609,09,高盛期货,0,0,0,持平,0,0
20260820,棕榈油,p2611,11,一德期货,0,0,0,持平,0,0
20260820,棕榈油,p2611,11,东证期货,2921,2409,512,净多,139,-495
20260820,棕榈油,p2611,11,中信期货,5000,4579,421,净多,-242,8
20260820,棕榈油,p2611,11,中粮期货,538,751,-213,净空,28,242
20260820,棕榈油,p2611,11,五矿期货,0,0,0,持平,0,0
20260820,棕榈油,p2611,11,华泰期货,2250,1547,703,净多,-88,-303
20260820,棕榈油,p2611,11,国投安信期货,0,0,0,持平,0,0
20260820,棕榈油,p2611,11,国泰君安期货,12552,11524,1028,净多,-82,-362
20260820,棕榈油,p2611,11,广发期货,242,0,242,净多,13,0
20260820,棕榈油,p2611,11,摩根大通期货,0,0,0,持平,0,0
20260820,棕榈油,p2611,11,海通期货,5006,5029,-23,净空,17,39
20260820,棕榈油,p2611,11,瑞达期货,245,0,245,净多,42,0
20260820,棕榈油,p2611,11,瑞银期货,0,0,0,持平,0,0
20260820,棕榈油,p2611,11,高盛期货,544,0,544,净多,320,0
20260820,棕榈油,p2701,01,一德期货,32368,12997,19371,净多,2727,1019
20260820,棕榈油,p2701,01,东证期货,34935,42743,-7808,净空,416,-361
20260820,棕榈油,p2701,01,中信期货,25174,35842,-10668,净空,5584,-3132
20260820,棕榈油,p2701,01,中粮期货,19592,37979,-18387,净空,-612,-2990
20260820,棕榈油,p2701,01,乾坤期货,0,0,0,持平,0,0
20260820,棕榈油,p2701,01,五矿期货,10885,0,10885,净多,276,0
20260820,棕榈油,p2701,01,华泰期货,10899,14506,-3607,净空,1149,1076
20260820,棕榈油,p2701,01,国投安信期货,0,0,0,持平,0,0
20260820,棕榈油,p2701,01,国泰君安期货,52072,51445,627,净多,-3551,6511
20260820,棕榈油,p2701,01,广发期货,16458,11464,4994,净多,-722,940
20260820,棕榈油,p2701,01,摩根大通期货,28263,12724,15539,净多,3261,-958
20260820,棕榈油,p2701,01,永安期货,16544,10624,5920,净多,1804,1897
20260820,棕榈油,p2701,01,海通期货,0,21837,-21837,净空,0,813
20260820,棕榈油,p2701,01,瑞达期货,8684,9902,-1218,净空,1394,-70
20260820,棕榈油,p2701,01,瑞银期货,0,0,0,持平,0,0
20260820,棕榈油,p2701,01,高盛期货,15908,20941,-5033,净空,4429,-1971
20260820,棕榈油,p2705,05,一德期货,9996,31695,-21699,净空,35,330
20260820,棕榈油,p2705,05,东证期货,10233,11060,-827,净空,2447,3258
20260820,棕榈油,p2705,05,中信期货,7229,3238,3991,净多,429,-112
20260820,棕榈油,p2705,05,中粮期货,5081,4560,521,净多,-181,467
20260820,棕榈油,p2705,05,乾坤期货,0,0,0,持平,0,0
20260820,棕榈油,p2705,05,五矿期货,0,0,0,持平,0,0
20260820,棕榈油,p2705,05,华泰期货,5714,0,5714,净多,973,0
20260820,棕榈油,p2705,05,国投安信期货,0,0,0,持平,0,0
20260820,棕榈油,p2705,05,国泰君安期货,23226,18862,4364,净多,4124,-164
20260820,棕榈油,p2705,05,广发期货,7554,2767,4787,净多,477,-251
20260820,棕榈油,p2705,05,摩根大通期货,0,7051,-7051,净空,0,4200
20260820,棕榈油,p2705,05,永安期货,4315,9744,-5429,净空,-204,1915
20260820,棕榈油,p2705,05,海通期货,0,0,0,持平,0,0
20260820,棕榈油,p2705,05,瑞达期货,0,0,0,持平,0,0
20260820,棕榈油,p2705,05,瑞银期货,0,0,0,持平,0,0
20260820,棕榈油,p2705,05,高盛期货,2171,0,2171,净多,-116,0
20260821,棕榈油,p2609,09,一德期货,1624,0,1624,净多,-39,0
20260821,棕榈油,p2609,09,东证期货,2463,1033,1430,净多,-935,-574
20260821,棕榈油,p2609,09,中信期货,1117,587,530,净多,-186,-728
20260821,棕榈油,p2609,09,中粮期货,2551,650,1901,净多,-325,-736
20260821,棕榈油,p2609,09,乾坤期货,0,0,0,持平,0,0
20260821,棕榈油,p2609,09,五矿期货,0,0,0,持平,0,0
20260821,棕榈油,p2609,09,华泰期货,1457,1403,54,净多,-133,-433
20260821,棕榈油,p2609,09,国投安信期货,0,0,0,持平,0,0
20260821,棕榈油,p2609,09,国泰君安期货,5267,2096,3171,净多,-916,-1110
20260821,棕榈油,p2609,09,广发期货,793,482,311,净多,-302,-333
20260821,棕榈油,p2609,09,摩根大通期货,0,0,0,持平,0,0
20260821,棕榈油,p2609,09,永安期货,1555,456,1099,净多,-192,-57
20260821,棕榈油,p2609,09,海通期货,596,0,596,净多,-161,0
20260821,棕榈油,p2609,09,瑞达期货,0,0,0,持平,0,0
20260821,棕榈油,p2609,09,瑞银期货,0,0,0,持平,0,0
20260821,棕榈油,p2609,09,高盛期货,0,0,0,持平,0,0
20260821,棕榈油,p2611,11,一德期货,0,0,0,持平,0,0
20260821,棕榈油,p2611,11,东证期货,2701,2555,146,净多,-220,146
20260821,棕榈油,p2611,11,中信期货,5099,4602,497,净多,99,23
20260821,棕榈油,p2611,11,中粮期货,804,645,159,净多,266,-106
20260821,棕榈油,p2611,11,五矿期货,0,0,0,持平,0,0
20260821,棕榈油,p2611,11,华泰期货,2179,1637,542,净多,-71,90
20260821,棕榈油,p2611,11,国投安信期货,0,0,0,持平,0,0
20260821,棕榈油,p2611,11,国泰君安期货,12533,11318,1215,净多,-19,-206
20260821,棕榈油,p2611,11,广发期货,235,0,235,净多,-7,0
20260821,棕榈油,p2611,11,摩根大通期货,0,0,0,持平,0,0
20260821,棕榈油,p2611,11,海通期货,5006,4984,22,净多,0,-45
20260821,棕榈油,p2611,11,瑞达期货,230,0,230,净多,-15,0
20260821,棕榈油,p2611,11,瑞银期货,0,0,0,持平,0,0
20260821,棕榈油,p2611,11,高盛期货,391,0,391,净多,-153,0
20260821,棕榈油,p2701,01,一德期货,32531,14539,17992,净多,163,1542
20260821,棕榈油,p2701,01,东证期货,37785,41620,-3835,净空,2850,-1123
20260821,棕榈油,p2701,01,中信期货,26015,33661,-7646,净空,841,-2181
20260821,棕榈油,p2701,01,中粮期货,17770,36782,-19012,净空,-1822,-1197
20260821,棕榈油,p2701,01,乾坤期货,0,0,0,持平,0,0
20260821,棕榈油,p2701,01,五矿期货,10343,0,10343,净多,-542,0
20260821,棕榈油,p2701,01,华泰期货,10801,15046,-4245,净空,-98,540
20260821,棕榈油,p2701,01,国投安信期货,0,0,0,持平,0,0
20260821,棕榈油,p2701,01,国泰君安期货,50405,50182,223,净多,-1667,-1263
20260821,棕榈油,p2701,01,广发期货,14925,12083,2842,净多,-1533,619
20260821,棕榈油,p2701,01,摩根大通期货,24049,12933,11116,净多,-4214,209
20260821,棕榈油,p2701,01,永安期货,12613,10065,2548,净多,-3931,-559
20260821,棕榈油,p2701,01,海通期货,0,21173,-21173,净空,0,-664
20260821,棕榈油,p2701,01,瑞达期货,0,9486,-9486,净空,0,-416
20260821,棕榈油,p2701,01,瑞银期货,0,0,0,持平,0,0
20260821,棕榈油,p2701,01,高盛期货,18996,21463,-2467,净空,3088,522
20260821,棕榈油,p2705,05,一德期货,9986,31170,-21184,净空,-10,-525
20260821,棕榈油,p2705,05,东证期货,11414,11473,-59,净空,1181,413
20260821,棕榈油,p2705,05,中信期货,8282,3394,4888,净多,1053,156
20260821,棕榈油,p2705,05,中粮期货,4941,5281,-340,净空,-140,721
20260821,棕榈油,p2705,05,乾坤期货,0,0,0,持平,0,0
20260821,棕榈油,p2705,05,五矿期货,0,0,0,持平,0,0
20260821,棕榈油,p2705,05,华泰期货,5980,0,5980,净多,266,0
20260821,棕榈油,p2705,05,国投安信期货,0,0,0,持平,0,0
20260821,棕榈油,p2705,05,国泰君安期货,23230,20049,3181,净多,4,1187
20260821,棕榈油,p2705,05,广发期货,7673,3128,4545,净多,119,361
20260821,棕榈油,p2705,05,摩根大通期货,0,3758,-3758,净空,0,-3293
20260821,棕榈油,p2705,05,永安期货,4135,9637,-5502,净空,-180,-107
20260821,棕榈油,p2705,05,海通期货,0,0,0,持平,0,0
20260821,棕榈油,p2705,05,瑞达期货,0,0,0,持平,0,0
20260821,棕榈油,p2705,05,瑞银期货,0,0,0,持平,0,0
20260821,棕榈油,p2705,05,高盛期货,3779,0,3779,净多,1608,0
20260824,棕榈油,p2609,09,一德期货,1592,0,1592,净多,-32,0
20260824,棕榈油,p2609,09,东证期货,1835,968,867,净多,-628,-65
20260824,棕榈油,p2609,09,中信期货,891,625,266,净多,-226,38
20260824,棕榈油,p2609,09,中粮期货,1885,624,1261,净多,-666,-26
20260824,棕榈油,p2609,09,乾坤期货,0,0,0,持平,0,0
20260824,棕榈油,p2609,09,五矿期货,0,0,0,持平,0,0
20260824,棕榈油,p2609,09,华泰期货,1355,1307,48,净多,-102,-96
20260824,棕榈油,p2609,09,国投安信期货,0,0,0,持平,0,0
20260824,棕榈油,p2609,09,国泰君安期货,5130,1852,3278,净多,-137,-244
20260824,棕榈油,p2609,09,广发期货,0,0,0,持平,0,0
20260824,棕榈油,p2609,09,摩根大通期货,0,0,0,持平,0,0
20260824,棕榈油,p2609,09,永安期货,1294,417,877,净多,-261,-39
20260824,棕榈油,p2609,09,海通期货,441,0,441,净多,-155,0
20260824,棕榈油,p2609,09,瑞达期货,0,433,-433,净空,0,-6
20260824,棕榈油,p2609,09,瑞银期货,0,0,0,持平,0,0
20260824,棕榈油,p2609,09,高盛期货,0,0,0,持平,0,0
20260824,棕榈油,p2611,11,一德期货,0,0,0,持平,0,0
20260824,棕榈油,p2611,11,东证期货,2670,2714,-44,净空,-31,159
20260824,棕榈油,p2611,11,中信期货,5109,4629,480,净多,10,27
20260824,棕榈油,p2611,11,中粮期货,800,675,125,净多,-4,30
20260824,棕榈油,p2611,11,五矿期货,361,0,361,净多,142,0
20260824,棕榈油,p2611,11,华泰期货,1917,1348,569,净多,-262,-289
20260824,棕榈油,p2611,11,国投安信期货,0,0,0,持平,0,0
20260824,棕榈油,p2611,11,国泰君安期货,12713,11691,1022,净多,180,373
20260824,棕榈油,p2611,11,广发期货,0,0,0,持平,0,0
20260824,棕榈油,p2611,11,摩根大通期货,0,0,0,持平,0,0
20260824,棕榈油,p2611,11,海通期货,5034,4924,110,净多,28,-60
20260824,棕榈油,p2611,11,瑞达期货,0,0,0,持平,0,0
20260824,棕榈油,p2611,11,瑞银期货,0,0,0,持平,0,0
20260824,棕榈油,p2611,11,高盛期货,333,0,333,净多,-58,0
20260824,棕榈油,p2701,01,一德期货,32346,16320,16026,净多,-185,1781
20260824,棕榈油,p2701,01,东证期货,38937,38746,191,净多,1152,-2874
20260824,棕榈油,p2701,01,中信期货,23360,33321,-9961,净空,-2655,-340
20260824,棕榈油,p2701,01,中粮期货,20498,40263,-19765,净空,2728,3481
20260824,棕榈油,p2701,01,乾坤期货,0,0,0,持平,0,0
20260824,棕榈油,p2701,01,五矿期货,8490,0,8490,净多,-1853,0
20260824,棕榈油,p2701,01,华泰期货,10676,17603,-6927,净空,-125,2557
20260824,棕榈油,p2701,01,国投安信期货,0,0,0,持平,0,0
20260824,棕榈油,p2701,01,国泰君安期货,49937,49374,563,净多,-468,-808
20260824,棕榈油,p2701,01,广发期货,15212,13040,2172,净多,287,957
20260824,棕榈油,p2701,01,摩根大通期货,26333,9725,16608,净多,2284,-3208
20260824,棕榈油,p2701,01,永安期货,12968,11885,1083,净多,355,1820
20260824,棕榈油,p2701,01,海通期货,0,21655,-21655,净空,0,482
20260824,棕榈油,p2701,01,瑞达期货,0,9654,-9654,净空,0,168
20260824,棕榈油,p2701,01,瑞银期货,0,0,0,持平,0,0
20260824,棕榈油,p2701,01,高盛期货,17935,22576,-4641,净空,-1061,1113
20260824,棕榈油,p2705,05,一德期货,9958,32104,-22146,净空,-28,934
20260824,棕榈油,p2705,05,东证期货,12235,9322,2913,净多,821,-2151
20260824,棕榈油,p2705,05,中信期货,8724,3375,5349,净多,442,-19
20260824,棕榈油,p2705,05,中粮期货,5008,5411,-403,净空,67,130
20260824,棕榈油,p2705,05,乾坤期货,0,0,0,持平,0,0
20260824,棕榈油,p2705,05,五矿期货,2454,0,2454,净多,573,0
20260824,棕榈油,p2705,05,华泰期货,6264,0,6264,净多,284,0
20260824,棕榈油,p2705,05,国投安信期货,0,0,0,持平,0,0
20260824,棕榈油,p2705,05,国泰君安期货,23961,21944,2017,净多,731,1895
20260824,棕榈油,p2705,05,广发期货,7398,2922,4476,净多,-275,-206
20260824,棕榈油,p2705,05,摩根大通期货,2716,3111,-395,净空,1603,-647
20260824,棕榈油,p2705,05,永安期货,4221,9186,-4965,净空,86,-451
20260824,棕榈油,p2705,05,海通期货,0,0,0,持平,0,0
20260824,棕榈油,p2705,05,瑞达期货,0,0,0,持平,0,0
20260824,棕榈油,p2705,05,瑞银期货,0,0,0,持平,0,0
20260824,棕榈油,p2705,05,高盛期货,4484,0,4484,净多,705,0
20260825,棕榈油,p2609,09,一德期货,790,0,790,净多,-802,0
20260825,棕榈油,p2609,09,东证期货,1713,667,1046,净多,-122,-301
20260825,棕榈油,p2609,09,中信期货,763,360,403,净多,-128,-265
20260825,棕榈油,p2609,09,中粮期货,3171,391,2780,净多,1286,-233
20260825,棕榈油,p2609,09,五矿期货,0,0,0,持平,0,0
20260825,棕榈油,p2609,09,华泰期货,607,1098,-491,净空,-748,-209
20260825,棕榈油,p2609,09,国投安信期货,0,0,0,持平,0,0
20260825,棕榈油,p2609,09,国泰君安期货,4607,964,3643,净多,-523,-888
20260825,棕榈油,p2609,09,广发期货,0,0,0,持平,0,0
20260825,棕榈油,p2609,09,摩根大通期货,0,0,0,持平,0,0
20260825,棕榈油,p2609,09,海通期货,0,0,0,持平,0,0
20260825,棕榈油,p2609,09,瑞达期货,0,283,-283,净空,0,-150
20260825,棕榈油,p2609,09,瑞银期货,0,0,0,持平,0,0
20260825,棕榈油,p2609,09,高盛期货,0,0,0,持平,0,0
20260825,棕榈油,p2611,11,一德期货,0,0,0,持平,0,0
20260825,棕榈油,p2611,11,东证期货,2310,2518,-208,净空,-360,-196
20260825,棕榈油,p2611,11,中信期货,5014,4703,311,净多,-95,74
20260825,棕榈油,p2611,11,中粮期货,812,888,-76,净空,12,213
20260825,棕榈油,p2611,11,五矿期货,377,0,377,净多,16,0
20260825,棕榈油,p2611,11,华泰期货,1923,1299,624,净多,6,-49
20260825,棕榈油,p2611,11,国投安信期货,0,0,0,持平,0,0
20260825,棕榈油,p2611,11,国泰君安期货,12696,11710,986,净多,-17,19
20260825,棕榈油,p2611,11,广发期货,0,0,0,持平,0,0
20260825,棕榈油,p2611,11,摩根大通期货,0,0,0,持平,0,0
20260825,棕榈油,p2611,11,海通期货,5085,4928,157,净多,51,4
20260825,棕榈油,p2611,11,瑞达期货,0,0,0,持平,0,0
20260825,棕榈油,p2611,11,瑞银期货,0,0,0,持平,0,0
20260825,棕榈油,p2611,11,高盛期货,0,0,0,持平,0,0
20260825,棕榈油,p2701,01,一德期货,32962,15155,17807,净多,616,-1165
20260825,棕榈油,p2701,01,东证期货,31811,32001,-190,净空,-7126,-6745
20260825,棕榈油,p2701,01,中信期货,22386,37237,-14851,净空,-974,3916
20260825,棕榈油,p2701,01,中粮期货,21177,40205,-19028,净空,679,-58
20260825,棕榈油,p2701,01,五矿期货,9724,0,9724,净多,1234,0
20260825,棕榈油,p2701,01,华泰期货,12924,15699,-2775,净空,2248,-1904
20260825,棕榈油,p2701,01,国投安信期货,0,0,0,持平,0,0
20260825,棕榈油,p2701,01,国泰君安期货,53130,47422,5708,净多,3193,-1952
20260825,棕榈油,p2701,01,广发期货,15785,11342,4443,净多,573,-1698
20260825,棕榈油,p2701,01,摩根大通期货,24177,0,24177,净多,-2156,0
20260825,棕榈油,p2701,01,海通期货,0,20199,-20199,净空,0,-1456
20260825,棕榈油,p2701,01,瑞达期货,0,9902,-9902,净空,0,248
20260825,棕榈油,p2701,01,瑞银期货,0,0,0,持平,0,0
20260825,棕榈油,p2701,01,高盛期货,13970,30834,-16864,净空,-3965,8258
20260825,棕榈油,p2705,05,一德期货,10585,32102,-21517,净空,627,-2
20260825,棕榈油,p2705,05,东证期货,9809,7365,2444,净多,-2426,-1957
20260825,棕榈油,p2705,05,中信期货,8895,3929,4966,净多,171,554
20260825,棕榈油,p2705,05,中粮期货,5287,5137,150,净多,279,-274
20260825,棕榈油,p2705,05,五矿期货,0,0,0,持平,0,0
20260825,棕榈油,p2705,05,华泰期货,6397,0,6397,净多,133,0
20260825,棕榈油,p2705,05,国投安信期货,0,0,0,持平,0,0
20260825,棕榈油,p2705,05,国泰君安期货,24269,23268,1001,净多,308,1324
20260825,棕榈油,p2705,05,广发期货,7700,2897,4803,净多,302,-25
20260825,棕榈油,p2705,05,摩根大通期货,3908,3499,409,净多,1192,388
20260825,棕榈油,p2705,05,海通期货,0,0,0,持平,0,0
20260825,棕榈油,p2705,05,瑞达期货,0,0,0,持平,0,0
20260825,棕榈油,p2705,05,瑞银期货,0,0,0,持平,0,0
20260825,棕榈油,p2705,05,高盛期货,4925,0,4925,净多,441,0
20260826,棕榈油,p2609,09,一德期货,678,0,678,净多,-112,0
20260826,棕榈油,p2609,09,东证期货,1375,681,694,净多,-338,14
20260826,棕榈油,p2609,09,中信期货,696,0,696,净多,-67,0
20260826,棕榈油,p2609,09,中粮期货,3669,305,3364,净多,498,-86
20260826,棕榈油,p2609,09,五矿期货,0,0,0,持平,0,0
20260826,棕榈油,p2609,09,华泰期货,404,956,-552,净空,-203,-142
20260826,棕榈油,p2609,09,国投安信期货,0,0,0,持平,0,0
20260826,棕榈油,p2609,09,国泰君安期货,4791,696,4095,净多,184,-268
20260826,棕榈油,p2609,09,广发期货,0,0,0,持平,0,0
20260826,棕榈油,p2609,09,摩根大通期货,200,0,200,净多,0,0
20260826,棕榈油,p2609,09,海通期货,0,0,0,持平,0,0
20260826,棕榈油,p2609,09,瑞达期货,0,228,-228,净空,0,-55
20260826,棕榈油,p2609,09,瑞银期货,0,0,0,持平,0,0
20260826,棕榈油,p2609,09,高盛期货,0,0,0,持平,0,0
20260826,棕榈油,p2611,11,一德期货,0,0,0,持平,0,0
20260826,棕榈油,p2611,11,东证期货,1957,2208,-251,净空,-353,-310
20260826,棕榈油,p2611,11,中信期货,4991,4847,144,净多,-23,144
20260826,棕榈油,p2611,11,中粮期货,821,841,-20,净空,9,-47
20260826,棕榈油,p2611,11,五矿期货,366,0,366,净多,-11,0
20260826,棕榈油,p2611,11,华泰期货,1969,1299,670,净多,46,0
20260826,棕榈油,p2611,11,国投安信期货,0,0,0,持平,0,0
20260826,棕榈油,p2611,11,国泰君安期货,12433,11744,689,净多,-263,34
20260826,棕榈油,p2611,11,广发期货,0,0,0,持平,0,0
20260826,棕榈油,p2611,11,摩根大通期货,0,0,0,持平,0,0
20260826,棕榈油,p2611,11,海通期货,5055,4820,235,净多,-30,-108
20260826,棕榈油,p2611,11,瑞达期货,0,0,0,持平,0,0
20260826,棕榈油,p2611,11,瑞银期货,0,0,0,持平,0,0
20260826,棕榈油,p2611,11,高盛期货,0,0,0,持平,0,0
20260826,棕榈油,p2701,01,一德期货,33979,14271,19708,净多,1017,-884
20260826,棕榈油,p2701,01,东证期货,33668,30187,3481,净多,1857,-1814
20260826,棕榈油,p2701,01,中信期货,22102,36185,-14083,净空,-284,-1052
20260826,棕榈油,p2701,01,中粮期货,19124,38039,-18915,净空,-2053,-2166
20260826,棕榈油,p2701,01,五矿期货,10774,0,10774,净多,1050,0
20260826,棕榈油,p2701,01,华泰期货,13542,15333,-1791,净空,618,-366
20260826,棕榈油,p2701,01,国投安信期货,0,0,0,持平,0,0
20260826,棕榈油,p2701,01,国泰君安期货,47111,47226,-115,净空,-6019,-196
20260826,棕榈油,p2701,01,广发期货,14745,12205,2540,净多,-1040,863
20260826,棕榈油,p2701,01,摩根大通期货,23551,0,23551,净多,-626,0
20260826,棕榈油,p2701,01,海通期货,0,20274,-20274,净空,0,75
20260826,棕榈油,p2701,01,瑞达期货,0,10993,-10993,净空,0,1091
20260826,棕榈油,p2701,01,瑞银期货,0,0,0,持平,0,0
20260826,棕榈油,p2701,01,高盛期货,14108,36815,-22707,净空,138,5981
20260826,棕榈油,p2705,05,一德期货,10872,31845,-20973,净空,287,-257
20260826,棕榈油,p2705,05,东证期货,9632,7652,1980,净多,-177,287
20260826,棕榈油,p2705,05,中信期货,8660,4105,4555,净多,-235,176
20260826,棕榈油,p2705,05,中粮期货,5125,5353,-228,净空,-162,216
20260826,棕榈油,p2705,05,五矿期货,0,0,0,持平,0,0
20260826,棕榈油,p2705,05,华泰期货,7028,0,7028,净多,631,0
20260826,棕榈油,p2705,05,国投安信期货,0,0,0,持平,0,0
20260826,棕榈油,p2705,05,国泰君安期货,19847,23792,-3945,净空,-4422,524
20260826,棕榈油,p2705,05,广发期货,8389,2866,5523,净多,689,-31
20260826,棕榈油,p2705,05,摩根大通期货,3808,4499,-691,净空,-100,1000
20260826,棕榈油,p2705,05,海通期货,0,0,0,持平,0,0
20260826,棕榈油,p2705,05,瑞达期货,0,0,0,持平,0,0
20260826,棕榈油,p2705,05,瑞银期货,0,0,0,持平,0,0
20260826,棕榈油,p2705,05,高盛期货,4597,0,4597,净多,-328,0
20260827,棕榈油,p2611,11,一德期货,0,0,0,持平,0,0
20260827,棕榈油,p2611,11,东证期货,1420,1935,-515,净空,-537,-273
20260827,棕榈油,p2611,11,中信期货,5074,4920,154,净多,83,73
20260827,棕榈油,p2611,11,中粮期货,817,808,9,净多,-4,-33
20260827,棕榈油,p2611,11,五矿期货,463,0,463,净多,97,0
20260827,棕榈油,p2611,11,华泰期货,2157,1037,1120,净多,188,-262
20260827,棕榈油,p2611,11,国投安信期货,0,0,0,持平,0,0
20260827,棕榈油,p2611,11,国泰君安期货,12512,11659,853,净多,79,-85
20260827,棕榈油,p2611,11,广发期货,0,0,0,持平,0,0
20260827,棕榈油,p2611,11,摩根大通期货,0,0,0,持平,0,0
20260827,棕榈油,p2611,11,海通期货,5105,4822,283,净多,50,2
20260827,棕榈油,p2611,11,瑞达期货,0,0,0,持平,0,0
20260827,棕榈油,p2611,11,瑞银期货,0,0,0,持平,0,0
20260827,棕榈油,p2611,11,高盛期货,0,0,0,持平,0,0
20260827,棕榈油,p2701,01,一德期货,32781,12992,19789,净多,-1198,-1279
20260827,棕榈油,p2701,01,东证期货,33762,31039,2723,净多,94,852
20260827,棕榈油,p2701,01,中信期货,24607,37163,-12556,净空,2505,978
20260827,棕榈油,p2701,01,中粮期货,18445,37899,-19454,净空,-679,-140
20260827,棕榈油,p2701,01,五矿期货,13032,0,13032,净多,2258,0
20260827,棕榈油,p2701,01,华泰期货,14103,15224,-1121,净空,561,-109
20260827,棕榈油,p2701,01,国投安信期货,0,0,0,持平,0,0
20260827,棕榈油,p2701,01,国泰君安期货,48187,47466,721,净多,1076,240
20260827,棕榈油,p2701,01,广发期货,14465,12386,2079,净多,-280,181
20260827,棕榈油,p2701,01,摩根大通期货,24111,11963,12148,净多,560,3347
20260827,棕榈油,p2701,01,海通期货,0,20454,-20454,净空,0,180
20260827,棕榈油,p2701,01,瑞达期货,9752,11469,-1717,净空,2900,476
20260827,棕榈油,p2701,01,瑞银期货,0,0,0,持平,0,0
20260827,棕榈油,p2701,01,高盛期货,15710,38002,-22292,净空,1602,1187
20260827,棕榈油,p2705,05,一德期货,11014,32947,-21933,净空,142,1102
20260827,棕榈油,p2705,05,东证期货,9685,8531,1154,净多,53,879
20260827,棕榈油,p2705,05,中信期货,8239,4382,3857,净多,-421,277
20260827,棕榈油,p2705,05,中粮期货,5840,5193,647,净多,715,-160
20260827,棕榈油,p2705,05,五矿期货,0,0,0,持平,0,0
20260827,棕榈油,p2705,05,华泰期货,6084,2555,3529,净多,-944,839
20260827,棕榈油,p2705,05,国投安信期货,0,0,0,持平,0,0
20260827,棕榈油,p2705,05,国泰君安期货,20336,24784,-4448,净空,489,992
20260827,棕榈油,p2705,05,广发期货,8388,3218,5170,净多,-1,352
20260827,棕榈油,p2705,05,摩根大通期货,3708,4460,-752,净空,-100,-39
20260827,棕榈油,p2705,05,海通期货,0,0,0,持平,0,0
20260827,棕榈油,p2705,05,瑞达期货,0,0,0,持平,0,0
20260827,棕榈油,p2705,05,瑞银期货,0,0,0,持平,0,0
20260827,棕榈油,p2705,05,高盛期货,5116,0,5116,净多,519,0
20260828,棕榈油,p2611,11,一德期货,0,341,-341,净空,0,244
20260828,棕榈油,p2611,11,东证期货,1048,1129,-81,净空,-372,-806
20260828,棕榈油,p2611,11,中信期货,5051,4782,269,净多,-23,-138
20260828,棕榈油,p2611,11,中粮期货,611,786,-175,净空,-206,-22
20260828,棕榈油,p2611,11,五矿期货,460,0,460,净多,-3,0
20260828,棕榈油,p2611,11,华泰期货,2188,514,1674,净多,31,-523
20260828,棕榈油,p2611,11,国投安信期货,0,0,0,持平,0,0
20260828,棕榈油,p2611,11,国泰君安期货,11926,11399,527,净多,-586,-260
20260828,棕榈油,p2611,11,广发期货,0,0,0,持平,0,0
20260828,棕榈油,p2611,11,摩根大通期货,0,0,0,持平,0,0
20260828,棕榈油,p2611,11,海通期货,5098,4828,270,净多,-7,6
20260828,棕榈油,p2611,11,瑞达期货,0,0,0,持平,0,0
20260828,棕榈油,p2611,11,瑞银期货,0,0,0,持平,0,0
20260828,棕榈油,p2611,11,高盛期货,0,0,0,持平,0,0
20260828,棕榈油,p2701,01,一德期货,32306,12904,19402,净多,-475,-88
20260828,棕榈油,p2701,01,东证期货,34001,31995,2006,净多,239,956
20260828,棕榈油,p2701,01,中信期货,29176,33485,-4309,净空,4569,-3678
20260828,棕榈油,p2701,01,中粮期货,19145,33305,-14160,净空,700,-4594
20260828,棕榈油,p2701,01,五矿期货,15059,0,15059,净多,2027,0
20260828,棕榈油,p2701,01,华泰期货,11126,15010,-3884,净空,-2977,-214
20260828,棕榈油,p2701,01,国投安信期货,0,0,0,持平,0,0
20260828,棕榈油,p2701,01,国泰君安期货,48363,46805,1558,净多,176,-661
20260828,棕榈油,p2701,01,广发期货,14759,12864,1895,净多,294,478
20260828,棕榈油,p2701,01,摩根大通期货,21611,16763,4848,净多,-2500,4800
20260828,棕榈油,p2701,01,海通期货,0,20503,-20503,净空,0,49
20260828,棕榈油,p2701,01,瑞达期货,0,11290,-11290,净空,0,-179
20260828,棕榈油,p2701,01,瑞银期货,0,0,0,持平,0,0
20260828,棕榈油,p2701,01,高盛期货,16465,38021,-21556,净空,755,19
20260828,棕榈油,p2705,05,一德期货,11700,34363,-22663,净空,686,1416
20260828,棕榈油,p2705,05,东证期货,9649,12341,-2692,净空,-36,3810
20260828,棕榈油,p2705,05,中信期货,7852,4399,3453,净多,-387,17
20260828,棕榈油,p2705,05,中粮期货,5957,6031,-74,净空,117,838
20260828,棕榈油,p2705,05,五矿期货,0,0,0,持平,0,0
20260828,棕榈油,p2705,05,华泰期货,6139,2508,3631,净多,55,-47
20260828,棕榈油,p2705,05,国投安信期货,0,0,0,持平,0,0
20260828,棕榈油,p2705,05,国泰君安期货,21057,26022,-4965,净空,721,1238
20260828,棕榈油,p2705,05,广发期货,8857,2972,5885,净多,469,-246
20260828,棕榈油,p2705,05,摩根大通期货,0,4734,-4734,净空,0,274
20260828,棕榈油,p2705,05,海通期货,0,0,0,持平,0,0
20260828,棕榈油,p2705,05,瑞达期货,0,0,0,持平,0,0
20260828,棕榈油,p2705,05,瑞银期货,0,0,0,持平,0,0
20260828,棕榈油,p2705,05,高盛期货,5328,0,5328,净多,212,0
20260831,棕榈油,p2611,11,一德期货,0,335,-335,净空,0,-6
20260831,棕榈油,p2611,11,东证期货,1152,1120,32,净多,104,-9
20260831,棕榈油,p2611,11,中信期货,4946,5027,-81,净空,-105,245
20260831,棕榈油,p2611,11,中粮期货,620,798,-178,净空,9,12
20260831,棕榈油,p2611,11,五矿期货,557,0,557,净多,97,0
20260831,棕榈油,p2611,11,华泰期货,2202,515,1687,净多,14,1
20260831,棕榈油,p2611,11,国投安信期货,0,0,0,持平,0,0
20260831,棕榈油,p2611,11,国泰君安期货,12201,11965,236,净多,275,566
20260831,棕榈油,p2611,11,广发期货,0,0,0,持平,0,0
20260831,棕榈油,p2611,11,摩根大通期货,0,0,0,持平,0,0
20260831,棕榈油,p2611,11,海通期货,5195,4825,370,净多,97,-3
20260831,棕榈油,p2611,11,瑞达期货,0,0,0,持平,0,0
20260831,棕榈油,p2611,11,瑞银期货,0,0,0,持平,0,0
20260831,棕榈油,p2611,11,高盛期货,0,0,0,持平,0,0
20260831,棕榈油,p2701,01,一德期货,35279,18354,16925,净多,2973,5450
20260831,棕榈油,p2701,01,东证期货,37408,33204,4204,净多,3407,1209
20260831,棕榈油,p2701,01,中信期货,34812,33570,1242,净多,5636,85
20260831,棕榈油,p2701,01,中粮期货,21204,32254,-11050,净空,2059,-1051
20260831,棕榈油,p2701,01,五矿期货,15901,0,15901,净多,842,0
20260831,棕榈油,p2701,01,华泰期货,10623,15837,-5214,净空,-503,827
20260831,棕榈油,p2701,01,国投安信期货,0,0,0,持平,0,0
20260831,棕榈油,p2701,01,国泰君安期货,47161,50309,-3148,净空,-1202,3504
20260831,棕榈油,p2701,01,广发期货,15930,12420,3510,净多,1171,-444
20260831,棕榈油,p2701,01,摩根大通期货,22716,14978,7738,净多,1105,-1785
20260831,棕榈油,p2701,01,海通期货,0,21081,-21081,净空,0,578
20260831,棕榈油,p2701,01,瑞达期货,0,13868,-13868,净空,0,2578
20260831,棕榈油,p2701,01,瑞银期货,0,0,0,持平,0,0
20260831,棕榈油,p2701,01,高盛期货,16643,38076,-21433,净空,178,55
20260831,棕榈油,p2705,05,一德期货,10953,36423,-25470,净空,-747,2060
20260831,棕榈油,p2705,05,东证期货,9725,14400,-4675,净空,76,2059
20260831,棕榈油,p2705,05,中信期货,9152,4523,4629,净多,1300,124
20260831,棕榈油,p2705,05,中粮期货,6268,5713,555,净多,311,-318
20260831,棕榈油,p2705,05,五矿期货,0,0,0,持平,0,0
20260831,棕榈油,p2705,05,华泰期货,6640,2697,3943,净多,501,189
20260831,棕榈油,p2705,05,国投安信期货,0,0,0,持平,0,0
20260831,棕榈油,p2705,05,国泰君安期货,24064,26070,-2006,净空,3007,48
20260831,棕榈油,p2705,05,广发期货,10143,4653,5490,净多,1286,1681
20260831,棕榈油,p2705,05,摩根大通期货,0,8088,-8088,净空,0,3354
20260831,棕榈油,p2705,05,海通期货,0,0,0,持平,0,0
20260831,棕榈油,p2705,05,瑞达期货,0,0,0,持平,0,0
20260831,棕榈油,p2705,05,瑞银期货,0,0,0,持平,0,0
20260831,棕榈油,p2705,05,高盛期货,5266,0,5266,净多,-62,0
20260901,棕榈油,p2611,11,一德期货,0,350,-350,净空,0,15
20260901,棕榈油,p2611,11,东证期货,1332,1226,106,净多,180,106
20260901,棕榈油,p2611,11,中信期货,4836,5216,-380,净空,-110,189
20260901,棕榈油,p2611,11,中粮期货,778,974,-196,净空,158,176
20260901,棕榈油,p2611,11,五矿期货,577,0,577,净多,20,0
20260901,棕榈油,p2611,11,华泰期货,2188,0,2188,净多,-14,0
20260901,棕榈油,p2611,11,国投安信期货,0,0,0,持平,0,0
20260901,棕榈油,p2611,11,国泰君安期货,12274,11905,369,净多,73,-60
20260901,棕榈油,p2611,11,广发期货,0,0,0,持平,0,0
20260901,棕榈油,p2611,11,摩根大通期货,0,0,0,持平,0,0
20260901,棕榈油,p2611,11,海通期货,5147,4929,218,净多,-48,104
20260901,棕榈油,p2611,11,瑞达期货,0,0,0,持平,0,0
20260901,棕榈油,p2611,11,瑞银期货,0,0,0,持平,0,0
20260901,棕榈油,p2611,11,高盛期货,0,0,0,持平,0,0
20260901,棕榈油,p2701,01,一德期货,33893,20197,13696,净多,-1386,1843
20260901,棕榈油,p2701,01,东证期货,37317,33660,3657,净多,-91,456
20260901,棕榈油,p2701,01,中信期货,36183,33306,2877,净多,1371,-264
20260901,棕榈油,p2701,01,中粮期货,23501,33637,-10136,净空,2297,1383
20260901,棕榈油,p2701,01,五矿期货,16097,0,16097,净多,196,0
20260901,棕榈油,p2701,01,华泰期货,9898,15962,-6064,净空,-725,125
20260901,棕榈油,p2701,01,国投安信期货,0,0,0,持平,0,0
20260901,棕榈油,p2701,01,国泰君安期货,51877,52968,-1091,净空,4716,2659
20260901,棕榈油,p2701,01,广发期货,15600,12303,3297,净多,-330,-117
20260901,棕榈油,p2701,01,摩根大通期货,25603,14406,11197,净多,2887,-572
20260901,棕榈油,p2701,01,海通期货,0,21383,-21383,净空,0,302
20260901,棕榈油,p2701,01,瑞达期货,0,14128,-14128,净空,0,260
20260901,棕榈油,p2701,01,瑞银期货,0,0,0,持平,0,0
20260901,棕榈油,p2701,01,高盛期货,15650,32458,-16808,净空,-993,-5618
20260901,棕榈油,p2705,05,一德期货,10901,35101,-24200,净空,-52,-1322
20260901,棕榈油,p2705,05,东证期货,9877,16899,-7022,净空,152,2499
20260901,棕榈油,p2705,05,中信期货,11222,5443,5779,净多,2070,920
20260901,棕榈油,p2705,05,中粮期货,7081,7366,-285,净空,813,1653
20260901,棕榈油,p2705,05,五矿期货,5684,0,5684,净多,2865,0
20260901,棕榈油,p2705,05,华泰期货,7817,3060,4757,净多,1177,363
20260901,棕榈油,p2705,05,国投安信期货,0,0,0,持平,0,0
20260901,棕榈油,p2705,05,国泰君安期货,27366,29726,-2360,净空,3302,3656
20260901,棕榈油,p2705,05,广发期货,10029,4553,5476,净多,-114,-100
20260901,棕榈油,p2705,05,摩根大通期货,0,9537,-9537,净空,0,1449
20260901,棕榈油,p2705,05,海通期货,0,0,0,持平,0,0
20260901,棕榈油,p2705,05,瑞达期货,0,0,0,持平,0,0
20260901,棕榈油,p2705,05,瑞银期货,0,0,0,持平,0,0
20260901,棕榈油,p2705,05,高盛期货,5039,0,5039,净多,-227,0
