日期,品种,合约,合约月份,席位,多头持仓,空头持仓,净持仓,净持仓方向,多头增减仓,空头增减仓
20260105,豆油,y2609,09,一德期货,1203,0,1203,净多,10,0
20260105,豆油,y2609,09,中信期货,1065,832,233,净多,-16,234
20260105,豆油,y2609,09,中粮期货,0,7905,-7905,净空,0,1200
20260105,豆油,y2609,09,乾坤期货,0,0,0,持平,0,0
20260105,豆油,y2609,09,国泰君安期货,1720,6025,-4305,净空,-175,-43
20260105,豆油,y2609,09,摩根大通期货,938,1369,-431,净空,50,0
20260105,豆油,y2609,09,永安期货,733,987,-254,净空,78,151
20260105,豆油,y2609,09,瑞银期货,0,0,0,持平,0,0
20260105,豆油,y2609,09,高盛期货,0,0,0,持平,0,0
20260106,豆油,y2609,09,一德期货,7878,0,7878,净多,6675,0
20260106,豆油,y2609,09,中信期货,1763,1358,405,净多,698,526
20260106,豆油,y2609,09,中粮期货,0,13903,-13903,净空,0,5998
20260106,豆油,y2609,09,乾坤期货,0,0,0,持平,0,0
20260106,豆油,y2609,09,国泰君安期货,3438,6556,-3118,净空,1718,531
20260106,豆油,y2609,09,摩根大通期货,1399,1369,30,净多,461,0
20260106,豆油,y2609,09,永安期货,1049,3273,-2224,净空,316,2286
20260106,豆油,y2609,09,瑞银期货,0,0,0,持平,0,0
20260106,豆油,y2609,09,高盛期货,0,0,0,持平,0,0
20260107,豆油,y2609,09,一德期货,10761,0,10761,净多,2883,0
20260107,豆油,y2609,09,中信期货,2526,967,1559,净多,763,-391
20260107,豆油,y2609,09,中粮期货,0,18243,-18243,净空,0,4340
20260107,豆油,y2609,09,乾坤期货,0,0,0,持平,0,0
20260107,豆油,y2609,09,国泰君安期货,3997,4690,-693,净空,559,-1866
20260107,豆油,y2609,09,摩根大通期货,1671,1369,302,净多,272,0
20260107,豆油,y2609,09,永安期货,1062,4011,-2949,净空,13,738
20260107,豆油,y2609,09,瑞银期货,0,0,0,持平,0,0
20260107,豆油,y2609,09,高盛期货,0,0,0,持平,0,0
20260108,豆油,y2609,09,一德期货,11917,0,11917,净多,1156,0
20260108,豆油,y2609,09,中信期货,2533,992,1541,净多,7,25
20260108,豆油,y2609,09,中粮期货,964,18425,-17461,净空,601,182
20260108,豆油,y2609,09,乾坤期货,0,0,0,持平,0,0
20260108,豆油,y2609,09,国泰君安期货,4429,4390,39,净多,432,-300
20260108,豆油,y2609,09,摩根大通期货,1676,2249,-573,净空,5,880
20260108,豆油,y2609,09,永安期货,1049,3077,-2028,净空,-13,-934
20260108,豆油,y2609,09,瑞银期货,0,0,0,持平,0,0
20260108,豆油,y2609,09,高盛期货,0,0,0,持平,0,0
20260109,豆油,y2609,09,一德期货,11913,0,11913,净多,-4,0
20260109,豆油,y2609,09,中信期货,3063,1429,1634,净多,530,437
20260109,豆油,y2609,09,中粮期货,1134,18411,-17277,净空,170,-14
20260109,豆油,y2609,09,乾坤期货,0,0,0,持平,0,0
20260109,豆油,y2609,09,国泰君安期货,5160,4400,760,净多,731,10
20260109,豆油,y2609,09,摩根大通期货,3544,1761,1783,净多,1868,-488
20260109,豆油,y2609,09,永安期货,1088,5023,-3935,净空,39,1946
20260109,豆油,y2609,09,瑞银期货,0,0,0,持平,0,0
20260109,豆油,y2609,09,高盛期货,0,0,0,持平,0,0
20260112,豆油,y2609,09,一德期货,12606,0,12606,净多,693,0
20260112,豆油,y2609,09,中信期货,2665,1391,1274,净多,-398,-38
20260112,豆油,y2609,09,中粮期货,1218,18360,-17142,净空,84,-51
20260112,豆油,y2609,09,乾坤期货,0,0,0,持平,0,0
20260112,豆油,y2609,09,国泰君安期货,5117,4295,822,净多,-43,-105
20260112,豆油,y2609,09,摩根大通期货,3534,1761,1773,净多,-10,0
20260112,豆油,y2609,09,永安期货,1171,3571,-2400,净空,83,-1452
20260112,豆油,y2609,09,瑞银期货,0,0,0,持平,0,0
20260112,豆油,y2609,09,高盛期货,0,0,0,持平,0,0
20260113,豆油,y2609,09,一德期货,13148,0,13148,净多,542,0
20260113,豆油,y2609,09,中信期货,3717,1537,2180,净多,1052,146
20260113,豆油,y2609,09,中粮期货,1009,20756,-19747,净空,-209,2396
20260113,豆油,y2609,09,乾坤期货,0,0,0,持平,0,0
20260113,豆油,y2609,09,国泰君安期货,5530,4357,1173,净多,413,62
20260113,豆油,y2609,09,摩根大通期货,5091,2331,2760,净多,1557,570
20260113,豆油,y2609,09,永安期货,1220,3009,-1789,净空,49,-562
20260113,豆油,y2609,09,瑞银期货,0,0,0,持平,0,0
20260113,豆油,y2609,09,高盛期货,0,0,0,持平,0,0
20260114,豆油,y2609,09,一德期货,16059,0,16059,净多,2911,0
20260114,豆油,y2609,09,中信期货,4450,1935,2515,净多,733,398
20260114,豆油,y2609,09,中粮期货,1160,20310,-19150,净空,151,-446
20260114,豆油,y2609,09,乾坤期货,0,0,0,持平,0,0
20260114,豆油,y2609,09,国泰君安期货,5154,4289,865,净多,-376,-68
20260114,豆油,y2609,09,摩根大通期货,4511,2140,2371,净多,-580,-191
20260114,豆油,y2609,09,永安期货,1279,1620,-341,净空,59,-1389
20260114,豆油,y2609,09,瑞银期货,0,0,0,持平,0,0
20260114,豆油,y2609,09,高盛期货,0,0,0,持平,0,0
20260115,豆油,y2609,09,一德期货,16159,0,16159,净多,100,0
20260115,豆油,y2609,09,中信期货,4693,2508,2185,净多,243,573
20260115,豆油,y2609,09,中粮期货,1799,22836,-21037,净空,639,2526
20260115,豆油,y2609,09,乾坤期货,0,0,0,持平,0,0
20260115,豆油,y2609,09,国泰君安期货,4731,4453,278,净多,-423,164
20260115,豆油,y2609,09,摩根大通期货,4491,2140,2351,净多,-20,0
20260115,豆油,y2609,09,永安期货,1397,1522,-125,净空,118,-98
20260115,豆油,y2609,09,瑞银期货,0,0,0,持平,0,0
20260115,豆油,y2609,09,高盛期货,0,0,0,持平,0,0
20260116,豆油,y2609,09,一德期货,18172,0,18172,净多,2013,0
20260116,豆油,y2609,09,中信期货,5110,2417,2693,净多,417,-91
20260116,豆油,y2609,09,中粮期货,1690,23748,-22058,净空,-109,912
20260116,豆油,y2609,09,乾坤期货,0,0,0,持平,0,0
20260116,豆油,y2609,09,国泰君安期货,4733,4694,39,净多,2,241
20260116,豆油,y2609,09,摩根大通期货,4691,2140,2551,净多,200,0
20260116,豆油,y2609,09,永安期货,2006,1383,623,净多,609,-139
20260116,豆油,y2609,09,瑞银期货,0,0,0,持平,0,0
20260116,豆油,y2609,09,高盛期货,966,0,966,净多,-18,0
20260119,豆油,y2609,09,一德期货,18452,0,18452,净多,280,0
20260119,豆油,y2609,09,中信期货,5612,2481,3131,净多,502,64
20260119,豆油,y2609,09,中粮期货,1924,23287,-21363,净空,234,-461
20260119,豆油,y2609,09,乾坤期货,0,0,0,持平,0,0
20260119,豆油,y2609,09,国泰君安期货,5537,5000,537,净多,804,306
20260119,豆油,y2609,09,摩根大通期货,4721,2140,2581,净多,30,0
20260119,豆油,y2609,09,永安期货,2024,1428,596,净多,18,45
20260119,豆油,y2609,09,瑞银期货,0,0,0,持平,0,0
20260119,豆油,y2609,09,高盛期货,0,0,0,持平,0,0
20260120,豆油,y2609,09,一德期货,18449,0,18449,净多,-3,0
20260120,豆油,y2609,09,中信期货,5934,2533,3401,净多,322,52
20260120,豆油,y2609,09,中粮期货,2203,25419,-23216,净空,279,2132
20260120,豆油,y2609,09,乾坤期货,0,0,0,持平,0,0
20260120,豆油,y2609,09,国泰君安期货,6145,4504,1641,净多,608,-496
20260120,豆油,y2609,09,摩根大通期货,4778,2140,2638,净多,57,0
20260120,豆油,y2609,09,永安期货,2034,1365,669,净多,10,-63
20260120,豆油,y2609,09,瑞银期货,0,0,0,持平,0,0
20260120,豆油,y2609,09,高盛期货,0,0,0,持平,0,0
20260121,豆油,y2609,09,一德期货,19552,0,19552,净多,1103,0
20260121,豆油,y2609,09,中信期货,7136,2005,5131,净多,1202,-528
20260121,豆油,y2609,09,中粮期货,2856,26673,-23817,净空,653,1254
20260121,豆油,y2609,09,乾坤期货,0,0,0,持平,0,0
20260121,豆油,y2609,09,国泰君安期货,5675,4594,1081,净多,-470,90
20260121,豆油,y2609,09,摩根大通期货,4955,2140,2815,净多,177,0
20260121,豆油,y2609,09,永安期货,2051,1366,685,净多,17,1
20260121,豆油,y2609,09,瑞银期货,0,0,0,持平,0,0
20260121,豆油,y2609,09,高盛期货,0,0,0,持平,0,0
20260122,豆油,y2609,09,一德期货,20676,0,20676,净多,1124,0
20260122,豆油,y2609,09,中信期货,8826,1999,6827,净多,1690,-6
20260122,豆油,y2609,09,中粮期货,2972,34841,-31869,净空,116,8168
20260122,豆油,y2609,09,乾坤期货,0,0,0,持平,0,0
20260122,豆油,y2609,09,国泰君安期货,6417,6906,-489,净空,742,2312
20260122,豆油,y2609,09,摩根大通期货,4955,2405,2550,净多,0,265
20260122,豆油,y2609,09,永安期货,2260,1371,889,净多,209,5
20260122,豆油,y2609,09,瑞银期货,0,0,0,持平,0,0
20260122,豆油,y2609,09,高盛期货,0,0,0,持平,0,0
20260123,豆油,y2609,09,一德期货,21392,0,21392,净多,716,0
20260123,豆油,y2609,09,中信期货,8768,1989,6779,净多,-58,-10
20260123,豆油,y2609,09,中粮期货,3658,38612,-34954,净空,686,3771
20260123,豆油,y2609,09,乾坤期货,0,0,0,持平,0,0
20260123,豆油,y2609,09,国泰君安期货,6300,7914,-1614,净空,-117,1008
20260123,豆油,y2609,09,摩根大通期货,4958,2405,2553,净多,3,0
20260123,豆油,y2609,09,永安期货,2977,2648,329,净多,717,1277
20260123,豆油,y2609,09,瑞银期货,0,0,0,持平,0,0
20260123,豆油,y2609,09,高盛期货,0,0,0,持平,0,0
20260126,豆油,y2609,09,一德期货,21922,0,21922,净多,530,0
20260126,豆油,y2609,09,中信期货,9562,2169,7393,净多,794,180
20260126,豆油,y2609,09,中粮期货,5020,41819,-36799,净空,1362,3207
20260126,豆油,y2609,09,乾坤期货,0,0,0,持平,0,0
20260126,豆油,y2609,09,国泰君安期货,6986,8074,-1088,净空,686,160
20260126,豆油,y2609,09,摩根大通期货,4973,2405,2568,净多,15,0
20260126,豆油,y2609,09,永安期货,2996,2660,336,净多,19,12
20260126,豆油,y2609,09,瑞银期货,0,0,0,持平,0,0
20260126,豆油,y2609,09,高盛期货,0,0,0,持平,0,0
20260127,豆油,y2609,09,一德期货,22087,0,22087,净多,165,0
20260127,豆油,y2609,09,中信期货,10053,2075,7978,净多,491,-94
20260127,豆油,y2609,09,中粮期货,5382,44052,-38670,净空,362,2233
20260127,豆油,y2609,09,乾坤期货,0,0,0,持平,0,0
20260127,豆油,y2609,09,国泰君安期货,7079,8149,-1070,净空,93,75
20260127,豆油,y2609,09,摩根大通期货,5320,3323,1997,净多,347,918
20260127,豆油,y2609,09,永安期货,2870,3806,-936,净空,-126,1146
20260127,豆油,y2609,09,瑞银期货,0,0,0,持平,0,0
20260127,豆油,y2609,09,高盛期货,4348,0,4348,净多,3613,0
20260128,豆油,y2609,09,一德期货,22890,0,22890,净多,803,0
20260128,豆油,y2609,09,中信期货,9779,2219,7560,净多,-274,144
20260128,豆油,y2609,09,中粮期货,5570,46334,-40764,净空,188,2282
20260128,豆油,y2609,09,乾坤期货,0,0,0,持平,0,0
20260128,豆油,y2609,09,国泰君安期货,6963,8222,-1259,净空,-116,73
20260128,豆油,y2609,09,摩根大通期货,5489,3645,1844,净多,169,322
20260128,豆油,y2609,09,永安期货,2892,3793,-901,净空,22,-13
20260128,豆油,y2609,09,瑞银期货,0,0,0,持平,0,0
20260128,豆油,y2609,09,高盛期货,7851,0,7851,净多,3503,0
20260129,豆油,y2609,09,一德期货,24542,0,24542,净多,1652,0
20260129,豆油,y2609,09,中信期货,10254,2220,8034,净多,475,1
20260129,豆油,y2609,09,中粮期货,6511,52838,-46327,净空,941,6504
20260129,豆油,y2609,09,乾坤期货,0,0,0,持平,0,0
20260129,豆油,y2609,09,国泰君安期货,8407,9726,-1319,净空,1444,1504
20260129,豆油,y2609,09,摩根大通期货,5488,5276,212,净多,-1,1631
20260129,豆油,y2609,09,永安期货,2971,3825,-854,净空,79,32
20260129,豆油,y2609,09,瑞银期货,0,0,0,持平,0,0
20260129,豆油,y2609,09,高盛期货,9634,0,9634,净多,1783,0
20260130,豆油,y2609,09,一德期货,28586,0,28586,净多,4044,0
20260130,豆油,y2609,09,中信期货,9759,2247,7512,净多,-495,27
20260130,豆油,y2609,09,中粮期货,6251,54075,-47824,净空,-260,1237
20260130,豆油,y2609,09,乾坤期货,0,0,0,持平,0,0
20260130,豆油,y2609,09,国泰君安期货,9250,9162,88,净多,843,-564
20260130,豆油,y2609,09,摩根大通期货,6459,6215,244,净多,971,939
20260130,豆油,y2609,09,永安期货,2981,3785,-804,净空,10,-40
20260130,豆油,y2609,09,瑞银期货,0,0,0,持平,0,0
20260130,豆油,y2609,09,高盛期货,9689,0,9689,净多,55,0
20260202,豆油,y2609,09,一德期货,29025,1234,27791,净多,439,1218
20260202,豆油,y2609,09,中信期货,9669,2351,7318,净多,-90,104
20260202,豆油,y2609,09,中粮期货,6432,56918,-50486,净空,181,2843
20260202,豆油,y2609,09,乾坤期货,0,0,0,持平,0,0
20260202,豆油,y2609,09,国泰君安期货,7539,9695,-2156,净空,-1711,533
20260202,豆油,y2609,09,摩根大通期货,6852,5298,1554,净多,393,-917
20260202,豆油,y2609,09,永安期货,3516,3764,-248,净空,535,-21
20260202,豆油,y2609,09,瑞银期货,0,0,0,持平,0,0
20260202,豆油,y2609,09,高盛期货,9725,0,9725,净多,36,0
20260203,豆油,y2609,09,一德期货,28577,1231,27346,净多,-448,-3
20260203,豆油,y2609,09,中信期货,9843,2409,7434,净多,174,58
20260203,豆油,y2609,09,中粮期货,7472,59916,-52444,净空,1040,2998
20260203,豆油,y2609,09,乾坤期货,0,0,0,持平,0,0
20260203,豆油,y2609,09,国泰君安期货,8324,9153,-829,净空,785,-542
20260203,豆油,y2609,09,摩根大通期货,6852,5554,1298,净多,0,256
20260203,豆油,y2609,09,永安期货,3592,4981,-1389,净空,76,1217
20260203,豆油,y2609,09,瑞银期货,0,0,0,持平,0,0
20260203,豆油,y2609,09,高盛期货,9722,0,9722,净多,-3,0
20260204,豆油,y2609,09,一德期货,29847,1231,28616,净多,1270,0
20260204,豆油,y2609,09,中信期货,10154,2417,7737,净多,311,8
20260204,豆油,y2609,09,中粮期货,8524,59918,-51394,净空,1052,2
20260204,豆油,y2609,09,乾坤期货,0,0,0,持平,0,0
20260204,豆油,y2609,09,国泰君安期货,8985,9851,-866,净空,661,698
20260204,豆油,y2609,09,摩根大通期货,6849,6914,-65,净空,-3,1360
20260204,豆油,y2609,09,永安期货,4141,4981,-840,净空,549,0
20260204,豆油,y2609,09,瑞银期货,0,0,0,持平,0,0
20260204,豆油,y2609,09,高盛期货,9720,0,9720,净多,-2,0
20260205,豆油,y2609,09,一德期货,33188,1231,31957,净多,3341,0
20260205,豆油,y2609,09,中信期货,9913,2512,7401,净多,-241,95
20260205,豆油,y2609,09,中粮期货,8176,60099,-51923,净空,-348,181
20260205,豆油,y2609,09,乾坤期货,0,0,0,持平,0,0
20260205,豆油,y2609,09,国泰君安期货,10124,12706,-2582,净空,1139,2855
20260205,豆油,y2609,09,摩根大通期货,7591,11241,-3650,净空,742,4327
20260205,豆油,y2609,09,永安期货,4123,5577,-1454,净空,-18,596
20260205,豆油,y2609,09,瑞银期货,0,0,0,持平,0,0
20260205,豆油,y2609,09,高盛期货,9740,0,9740,净多,20,0
20260206,豆油,y2609,09,一德期货,33263,1231,32032,净多,75,0
20260206,豆油,y2609,09,中信期货,9691,2560,7131,净多,-222,48
20260206,豆油,y2609,09,中粮期货,8273,60246,-51973,净空,97,147
20260206,豆油,y2609,09,乾坤期货,0,0,0,持平,0,0
20260206,豆油,y2609,09,国泰君安期货,9557,12528,-2971,净空,-567,-178
20260206,豆油,y2609,09,摩根大通期货,7695,11241,-3546,净空,104,0
20260206,豆油,y2609,09,永安期货,4336,6077,-1741,净空,213,500
20260206,豆油,y2609,09,瑞银期货,0,0,0,持平,0,0
20260206,豆油,y2609,09,高盛期货,9750,0,9750,净多,10,0
20260209,豆油,y2609,09,一德期货,32572,1231,31341,净多,-691,0
20260209,豆油,y2609,09,中信期货,9564,2653,6911,净多,-127,93
20260209,豆油,y2609,09,中粮期货,8267,60498,-52231,净空,-6,252
20260209,豆油,y2609,09,乾坤期货,0,0,0,持平,0,0
20260209,豆油,y2609,09,国泰君安期货,9282,10084,-802,净空,-275,-2444
20260209,豆油,y2609,09,摩根大通期货,9617,11241,-1624,净空,1922,0
20260209,豆油,y2609,09,永安期货,4272,6077,-1805,净空,-64,0
20260209,豆油,y2609,09,瑞银期货,0,0,0,持平,0,0
20260209,豆油,y2609,09,高盛期货,9767,0,9767,净多,17,0
20260210,豆油,y2609,09,一德期货,32397,1231,31166,净多,-175,0
20260210,豆油,y2609,09,中信期货,10001,2345,7656,净多,437,-308
20260210,豆油,y2609,09,中粮期货,8560,60478,-51918,净空,293,-20
20260210,豆油,y2609,09,乾坤期货,0,0,0,持平,0,0
20260210,豆油,y2609,09,国泰君安期货,9453,9893,-440,净空,171,-191
20260210,豆油,y2609,09,摩根大通期货,10592,11241,-649,净空,975,0
20260210,豆油,y2609,09,永安期货,4072,5778,-1706,净空,-200,-299
20260210,豆油,y2609,09,瑞银期货,0,0,0,持平,0,0
20260210,豆油,y2609,09,高盛期货,9837,0,9837,净多,70,0
20260211,豆油,y2609,09,一德期货,32456,1231,31225,净多,59,0
20260211,豆油,y2609,09,中信期货,9903,2477,7426,净多,-98,132
20260211,豆油,y2609,09,中粮期货,9100,61020,-51920,净空,540,542
20260211,豆油,y2609,09,乾坤期货,0,0,0,持平,0,0
20260211,豆油,y2609,09,国泰君安期货,9034,10399,-1365,净空,-419,506
20260211,豆油,y2609,09,摩根大通期货,11842,11241,601,净多,1250,0
20260211,豆油,y2609,09,永安期货,3848,5818,-1970,净空,-224,40
20260211,豆油,y2609,09,瑞银期货,0,0,0,持平,0,0
20260211,豆油,y2609,09,高盛期货,9922,0,9922,净多,85,0
20260212,豆油,y2609,09,一德期货,36383,1231,35152,净多,3927,0
20260212,豆油,y2609,09,中信期货,9960,2693,7267,净多,57,216
20260212,豆油,y2609,09,中粮期货,9054,60420,-51366,净空,-46,-600
20260212,豆油,y2609,09,乾坤期货,0,0,0,持平,0,0
20260212,豆油,y2609,09,国泰君安期货,8458,10809,-2351,净空,-576,410
20260212,豆油,y2609,09,摩根大通期货,12147,11241,906,净多,305,0
20260212,豆油,y2609,09,永安期货,3910,5880,-1970,净空,62,62
20260212,豆油,y2609,09,瑞银期货,0,0,0,持平,0,0
20260212,豆油,y2609,09,高盛期货,9985,0,9985,净多,63,0
20260213,豆油,y2609,09,一德期货,37710,1231,36479,净多,1327,0
20260213,豆油,y2609,09,中信期货,9738,2321,7417,净多,-222,-372
20260213,豆油,y2609,09,中粮期货,9658,60411,-50753,净空,604,-9
20260213,豆油,y2609,09,乾坤期货,0,0,0,持平,0,0
20260213,豆油,y2609,09,国泰君安期货,7591,11324,-3733,净空,-867,515
20260213,豆油,y2609,09,摩根大通期货,11641,13181,-1540,净空,-506,1940
20260213,豆油,y2609,09,永安期货,3990,5960,-1970,净空,80,80
20260213,豆油,y2609,09,瑞银期货,0,0,0,持平,0,0
20260213,豆油,y2609,09,高盛期货,9803,0,9803,净多,-182,0
20260224,豆油,y2609,09,一德期货,39049,1231,37818,净多,1339,0
20260224,豆油,y2609,09,中信期货,10055,2574,7481,净多,317,253
20260224,豆油,y2609,09,中粮期货,9731,60421,-50690,净空,73,10
20260224,豆油,y2609,09,乾坤期货,0,0,0,持平,0,0
20260224,豆油,y2609,09,国泰君安期货,7079,11496,-4417,净空,-512,172
20260224,豆油,y2609,09,摩根大通期货,11320,13181,-1861,净空,-321,0
20260224,豆油,y2609,09,永安期货,3990,5700,-1710,净空,0,-260
20260224,豆油,y2609,09,瑞银期货,0,0,0,持平,0,0
20260224,豆油,y2609,09,高盛期货,9831,0,9831,净多,28,0
20260225,豆油,y2609,09,一德期货,39159,1231,37928,净多,110,0
20260225,豆油,y2609,09,中信期货,11007,2240,8767,净多,952,-334
20260225,豆油,y2609,09,中粮期货,9481,60648,-51167,净空,-250,227
20260225,豆油,y2609,09,乾坤期货,0,0,0,持平,0,0
20260225,豆油,y2609,09,国泰君安期货,7911,13828,-5917,净空,832,2332
20260225,豆油,y2609,09,摩根大通期货,10244,14986,-4742,净空,-1076,1805
20260225,豆油,y2609,09,永安期货,3667,5603,-1936,净空,-323,-97
20260225,豆油,y2609,09,瑞银期货,0,0,0,持平,0,0
20260225,豆油,y2609,09,高盛期货,9872,0,9872,净多,41,0
20260226,豆油,y2609,09,一德期货,40927,1231,39696,净多,1768,0
20260226,豆油,y2609,09,中信期货,11506,2455,9051,净多,499,215
20260226,豆油,y2609,09,中粮期货,8352,60647,-52295,净空,-1129,-1
20260226,豆油,y2609,09,乾坤期货,0,0,0,持平,0,0
20260226,豆油,y2609,09,国泰君安期货,8810,16027,-7217,净空,899,2199
20260226,豆油,y2609,09,摩根大通期货,10120,14986,-4866,净空,-124,0
20260226,豆油,y2609,09,永安期货,0,6048,-6048,净空,0,445
20260226,豆油,y2609,09,瑞银期货,0,0,0,持平,0,0
20260226,豆油,y2609,09,高盛期货,9914,0,9914,净多,42,0
20260227,豆油,y2609,09,一德期货,41095,1231,39864,净多,168,0
20260227,豆油,y2609,09,中信期货,11250,2489,8761,净多,-256,34
20260227,豆油,y2609,09,中粮期货,8328,62607,-54279,净空,-24,1960
20260227,豆油,y2609,09,乾坤期货,0,0,0,持平,0,0
20260227,豆油,y2609,09,国泰君安期货,9416,17245,-7829,净空,606,1218
20260227,豆油,y2609,09,摩根大通期货,10461,14640,-4179,净空,341,-346
20260227,豆油,y2609,09,永安期货,3348,7307,-3959,净空,181,1259
20260227,豆油,y2609,09,瑞银期货,0,0,0,持平,0,0
20260227,豆油,y2609,09,高盛期货,9946,0,9946,净多,32,0
20260302,豆油,y2609,09,一德期货,40829,1231,39598,净多,-266,0
20260302,豆油,y2609,09,中信期货,11895,2540,9355,净多,645,51
20260302,豆油,y2609,09,中粮期货,9871,65801,-55930,净空,1543,3194
20260302,豆油,y2609,09,乾坤期货,0,0,0,持平,0,0
20260302,豆油,y2609,09,国泰君安期货,9526,17364,-7838,净空,110,119
20260302,豆油,y2609,09,摩根大通期货,10645,14357,-3712,净空,184,-283
20260302,豆油,y2609,09,永安期货,3290,9084,-5794,净空,-58,1777
20260302,豆油,y2609,09,瑞银期货,0,0,0,持平,0,0
20260302,豆油,y2609,09,高盛期货,9990,0,9990,净多,44,0
20260303,豆油,y2609,09,一德期货,39569,1233,38336,净多,-1260,2
20260303,豆油,y2609,09,中信期货,12582,3379,9203,净多,687,839
20260303,豆油,y2609,09,中粮期货,9897,65998,-56101,净空,26,197
20260303,豆油,y2609,09,乾坤期货,0,0,0,持平,0,0
20260303,豆油,y2609,09,国泰君安期货,10231,14943,-4712,净空,705,-2421
20260303,豆油,y2609,09,摩根大通期货,10640,14537,-3897,净空,-5,180
20260303,豆油,y2609,09,永安期货,0,9303,-9303,净空,0,219
20260303,豆油,y2609,09,瑞银期货,0,0,0,持平,0,0
20260303,豆油,y2609,09,高盛期货,10462,0,10462,净多,472,0
20260304,豆油,y2609,09,一德期货,40855,1234,39621,净多,1286,1
20260304,豆油,y2609,09,中信期货,11902,3356,8546,净多,-680,-23
20260304,豆油,y2609,09,中粮期货,10096,69004,-58908,净空,199,3006
20260304,豆油,y2609,09,乾坤期货,0,0,0,持平,0,0
20260304,豆油,y2609,09,国泰君安期货,10613,14840,-4227,净空,382,-103
20260304,豆油,y2609,09,摩根大通期货,11825,14537,-2712,净空,1185,0
20260304,豆油,y2609,09,永安期货,0,9217,-9217,净空,0,-86
20260304,豆油,y2609,09,瑞银期货,0,0,0,持平,0,0
20260304,豆油,y2609,09,高盛期货,10448,0,10448,净多,-14,0
20260305,豆油,y2609,09,一德期货,40716,1234,39482,净多,-139,0
20260305,豆油,y2609,09,中信期货,11876,3179,8697,净多,-26,-177
20260305,豆油,y2609,09,中粮期货,11436,69328,-57892,净空,1340,324
20260305,豆油,y2609,09,乾坤期货,0,0,0,持平,0,0
20260305,豆油,y2609,09,国泰君安期货,10331,13691,-3360,净空,-282,-1149
20260305,豆油,y2609,09,摩根大通期货,12117,14537,-2420,净空,292,0
20260305,豆油,y2609,09,永安期货,3508,9132,-5624,净空,327,-85
20260305,豆油,y2609,09,瑞银期货,0,0,0,持平,0,0
20260305,豆油,y2609,09,高盛期货,10436,0,10436,净多,-12,0
20260306,豆油,y2609,09,一德期货,43602,1235,42367,净多,2886,1
20260306,豆油,y2609,09,中信期货,12073,2903,9170,净多,197,-276
20260306,豆油,y2609,09,中粮期货,13076,78736,-65660,净空,1640,9408
20260306,豆油,y2609,09,乾坤期货,0,0,0,持平,0,0
20260306,豆油,y2609,09,国泰君安期货,11155,10671,484,净多,824,-3020
20260306,豆油,y2609,09,摩根大通期货,12033,14537,-2504,净空,-84,0
20260306,豆油,y2609,09,永安期货,3423,9472,-6049,净空,-85,340
20260306,豆油,y2609,09,瑞银期货,0,0,0,持平,0,0
20260306,豆油,y2609,09,高盛期货,10410,0,10410,净多,-26,0
20260309,豆油,y2609,09,一德期货,53012,1309,51703,净多,9410,74
20260309,豆油,y2609,09,中信期货,12568,3750,8818,净多,495,847
20260309,豆油,y2609,09,中粮期货,10501,87284,-76783,净空,-2575,8548
20260309,豆油,y2609,09,乾坤期货,0,0,0,持平,0,0
20260309,豆油,y2609,09,国泰君安期货,14586,10087,4499,净多,3431,-584
20260309,豆油,y2609,09,摩根大通期货,11853,15843,-3990,净空,-180,1306
20260309,豆油,y2609,09,永安期货,3292,8419,-5127,净空,-131,-1053
20260309,豆油,y2609,09,瑞银期货,0,0,0,持平,0,0
20260309,豆油,y2609,09,高盛期货,10386,0,10386,净多,-24,0
20260310,豆油,y2609,09,一德期货,51943,1258,50685,净多,-1069,-51
20260310,豆油,y2609,09,中信期货,12838,3192,9646,净多,270,-558
20260310,豆油,y2609,09,中粮期货,11561,88423,-76862,净空,1060,1139
20260310,豆油,y2609,09,乾坤期货,0,0,0,持平,0,0
20260310,豆油,y2609,09,国泰君安期货,15431,9655,5776,净多,845,-432
20260310,豆油,y2609,09,摩根大通期货,10518,16640,-6122,净空,-1335,797
20260310,豆油,y2609,09,永安期货,3735,7887,-4152,净空,443,-532
20260310,豆油,y2609,09,瑞银期货,0,0,0,持平,0,0
20260310,豆油,y2609,09,高盛期货,7987,0,7987,净多,-2399,0
20260311,豆油,y2609,09,一德期货,54633,0,54633,净多,2690,0
20260311,豆油,y2609,09,中信期货,12867,3014,9853,净多,29,-178
20260311,豆油,y2609,09,中粮期货,12654,89489,-76835,净空,1093,1066
20260311,豆油,y2609,09,乾坤期货,0,0,0,持平,0,0
20260311,豆油,y2609,09,国泰君安期货,16276,8021,8255,净多,845,-1634
20260311,豆油,y2609,09,摩根大通期货,9510,16390,-6880,净空,-1008,-250
20260311,豆油,y2609,09,永安期货,3884,7102,-3218,净空,149,-785
20260311,豆油,y2609,09,瑞银期货,0,0,0,持平,0,0
20260311,豆油,y2609,09,高盛期货,6682,0,6682,净多,-1305,0
20260312,豆油,y2609,09,一德期货,54443,0,54443,净多,-190,0
20260312,豆油,y2609,09,中信期货,12349,3152,9197,净多,-518,138
20260312,豆油,y2609,09,中粮期货,13191,89931,-76740,净空,537,442
20260312,豆油,y2609,09,乾坤期货,0,0,0,持平,0,0
20260312,豆油,y2609,09,国泰君安期货,15904,8336,7568,净多,-372,315
20260312,豆油,y2609,09,摩根大通期货,10041,15910,-5869,净空,531,-480
20260312,豆油,y2609,09,永安期货,3805,7038,-3233,净空,-79,-64
20260312,豆油,y2609,09,瑞银期货,0,0,0,持平,0,0
20260312,豆油,y2609,09,高盛期货,6714,0,6714,净多,32,0
20260313,豆油,y2609,09,一德期货,57442,2654,54788,净多,2999,1399
20260313,豆油,y2609,09,中信期货,12168,3647,8521,净多,-181,495
20260313,豆油,y2609,09,中粮期货,14154,89869,-75715,净空,963,-62
20260313,豆油,y2609,09,乾坤期货,0,0,0,持平,0,0
20260313,豆油,y2609,09,国泰君安期货,13691,6183,7508,净多,-2213,-2153
20260313,豆油,y2609,09,摩根大通期货,10047,14840,-4793,净空,6,-1070
20260313,豆油,y2609,09,永安期货,3928,7535,-3607,净空,123,497
20260313,豆油,y2609,09,瑞银期货,0,0,0,持平,0,0
20260313,豆油,y2609,09,高盛期货,6756,0,6756,净多,42,0
20260316,豆油,y2609,09,一德期货,58925,0,58925,净多,1483,0
20260316,豆油,y2609,09,中信期货,13897,3319,10578,净多,1729,-328
20260316,豆油,y2609,09,中粮期货,13053,91276,-78223,净空,-1101,1407
20260316,豆油,y2609,09,乾坤期货,0,0,0,持平,0,0
20260316,豆油,y2609,09,国泰君安期货,14748,6925,7823,净多,1057,742
20260316,豆油,y2609,09,摩根大通期货,7853,13675,-5822,净空,-2194,-1165
20260316,豆油,y2609,09,永安期货,0,9150,-9150,净空,0,1615
20260316,豆油,y2609,09,瑞银期货,0,0,0,持平,0,0
20260316,豆油,y2609,09,高盛期货,6749,0,6749,净多,-7,0
20260317,豆油,y2609,09,一德期货,58599,0,58599,净多,-326,0
20260317,豆油,y2609,09,中信期货,14122,3601,10521,净多,225,282
20260317,豆油,y2609,09,中粮期货,12166,94255,-82089,净空,-887,2979
20260317,豆油,y2609,09,乾坤期货,0,0,0,持平,0,0
20260317,豆油,y2609,09,国泰君安期货,16209,6607,9602,净多,1461,-318
20260317,豆油,y2609,09,摩根大通期货,5612,13747,-8135,净空,-2241,72
20260317,豆油,y2609,09,永安期货,4002,10049,-6047,净空,189,899
20260317,豆油,y2609,09,瑞银期货,0,0,0,持平,0,0
20260317,豆油,y2609,09,高盛期货,6867,0,6867,净多,118,0
20260318,豆油,y2609,09,一德期货,57197,0,57197,净多,-1402,0
20260318,豆油,y2609,09,中信期货,14122,3501,10621,净多,0,-100
20260318,豆油,y2609,09,中粮期货,12555,94374,-81819,净空,389,119
20260318,豆油,y2609,09,乾坤期货,0,0,0,持平,0,0
20260318,豆油,y2609,09,国泰君安期货,16360,6260,10100,净多,151,-347
20260318,豆油,y2609,09,摩根大通期货,5636,14965,-9329,净空,24,1218
20260318,豆油,y2609,09,永安期货,3868,9899,-6031,净空,-134,-150
20260318,豆油,y2609,09,瑞银期货,0,0,0,持平,0,0
20260318,豆油,y2609,09,高盛期货,6799,0,6799,净多,-68,0
20260319,豆油,y2609,09,一德期货,58157,0,58157,净多,960,0
20260319,豆油,y2609,09,中信期货,15123,4724,10399,净多,1001,1223
20260319,豆油,y2609,09,中粮期货,13702,94072,-80370,净空,1147,-302
20260319,豆油,y2609,09,乾坤期货,0,0,0,持平,0,0
20260319,豆油,y2609,09,国泰君安期货,14703,6393,8310,净多,-1657,133
20260319,豆油,y2609,09,摩根大通期货,5635,15449,-9814,净空,-1,484
20260319,豆油,y2609,09,永安期货,4247,10165,-5918,净空,379,266
20260319,豆油,y2609,09,瑞银期货,0,0,0,持平,0,0
20260319,豆油,y2609,09,高盛期货,6725,0,6725,净多,-74,0
20260320,豆油,y2609,09,一德期货,57589,0,57589,净多,-568,0
20260320,豆油,y2609,09,中信期货,15791,4688,11103,净多,668,-36
20260320,豆油,y2609,09,中粮期货,14491,94348,-79857,净空,789,276
20260320,豆油,y2609,09,乾坤期货,0,0,0,持平,0,0
20260320,豆油,y2609,09,国泰君安期货,14390,6334,8056,净多,-313,-59
20260320,豆油,y2609,09,摩根大通期货,5740,14949,-9209,净空,105,-500
20260320,豆油,y2609,09,永安期货,4258,10421,-6163,净空,11,256
20260320,豆油,y2609,09,瑞银期货,0,0,0,持平,0,0
20260320,豆油,y2609,09,高盛期货,6713,0,6713,净多,-12,0
20260323,豆油,y2609,09,一德期货,59060,0,59060,净多,1471,0
20260323,豆油,y2609,09,中信期货,17537,6181,11356,净多,1746,1493
20260323,豆油,y2609,09,中粮期货,15159,96713,-81554,净空,668,2365
20260323,豆油,y2609,09,乾坤期货,0,0,0,持平,0,0
20260323,豆油,y2609,09,国泰君安期货,17425,7204,10221,净多,3035,870
20260323,豆油,y2609,09,摩根大通期货,5736,14856,-9120,净空,-4,-93
20260323,豆油,y2609,09,永安期货,4422,11393,-6971,净空,164,972
20260323,豆油,y2609,09,瑞银期货,0,0,0,持平,0,0
20260323,豆油,y2609,09,高盛期货,6707,0,6707,净多,-6,0
20260324,豆油,y2609,09,一德期货,58418,0,58418,净多,-642,0
20260324,豆油,y2609,09,中信期货,16933,5825,11108,净多,-604,-356
20260324,豆油,y2609,09,中粮期货,14485,97533,-83048,净空,-674,820
20260324,豆油,y2609,09,乾坤期货,0,0,0,持平,0,0
20260324,豆油,y2609,09,国泰君安期货,16996,8003,8993,净多,-429,799
20260324,豆油,y2609,09,摩根大通期货,6985,14038,-7053,净空,1249,-818
20260324,豆油,y2609,09,永安期货,5494,11179,-5685,净空,1072,-214
20260324,豆油,y2609,09,瑞银期货,0,0,0,持平,0,0
20260324,豆油,y2609,09,高盛期货,6731,0,6731,净多,24,0
20260325,豆油,y2609,09,一德期货,59422,0,59422,净多,1004,0
20260325,豆油,y2609,09,中信期货,17289,5963,11326,净多,356,138
20260325,豆油,y2609,09,中粮期货,14142,101718,-87576,净空,-343,4185
20260325,豆油,y2609,09,乾坤期货,0,0,0,持平,0,0
20260325,豆油,y2609,09,国泰君安期货,18784,5447,13337,净多,1788,-2556
20260325,豆油,y2609,09,摩根大通期货,7367,14397,-7030,净空,382,359
20260325,豆油,y2609,09,永安期货,6862,10987,-4125,净空,1368,-192
20260325,豆油,y2609,09,瑞银期货,0,0,0,持平,0,0
20260325,豆油,y2609,09,高盛期货,6620,0,6620,净多,-111,0
20260326,豆油,y2609,09,一德期货,61753,0,61753,净多,2331,0
20260326,豆油,y2609,09,中信期货,19492,6320,13172,净多,2203,357
20260326,豆油,y2609,09,中粮期货,13086,108335,-95249,净空,-1056,6617
20260326,豆油,y2609,09,乾坤期货,0,0,0,持平,0,0
20260326,豆油,y2609,09,国泰君安期货,19005,7277,11728,净多,221,1830
20260326,豆油,y2609,09,摩根大通期货,8275,13334,-5059,净空,908,-1063
20260326,豆油,y2609,09,永安期货,7068,11208,-4140,净空,206,221
20260326,豆油,y2609,09,瑞银期货,0,0,0,持平,0,0
20260326,豆油,y2609,09,高盛期货,7521,0,7521,净多,901,0
20260327,豆油,y2609,09,一德期货,57464,0,57464,净多,-4289,0
20260327,豆油,y2609,09,中信期货,20307,6701,13606,净多,815,381
20260327,豆油,y2609,09,中粮期货,13575,117352,-103777,净空,489,9017
20260327,豆油,y2609,09,乾坤期货,0,0,0,持平,0,0
20260327,豆油,y2609,09,国泰君安期货,20443,8439,12004,净多,1438,1162
20260327,豆油,y2609,09,摩根大通期货,9052,12549,-3497,净空,777,-785
20260327,豆油,y2609,09,永安期货,9620,11583,-1963,净空,2552,375
20260327,豆油,y2609,09,瑞银期货,0,0,0,持平,0,0
20260327,豆油,y2609,09,高盛期货,8476,0,8476,净多,955,0
20260330,豆油,y2609,09,一德期货,48284,0,48284,净多,-9180,0
20260330,豆油,y2609,09,中信期货,22228,9294,12934,净多,1921,2593
20260330,豆油,y2609,09,中粮期货,12127,119738,-107611,净空,-1448,2386
20260330,豆油,y2609,09,乾坤期货,0,0,0,持平,0,0
20260330,豆油,y2609,09,国泰君安期货,21849,7163,14686,净多,1406,-1276
20260330,豆油,y2609,09,摩根大通期货,9282,14034,-4752,净空,230,1485
20260330,豆油,y2609,09,永安期货,10454,13176,-2722,净空,834,1593
20260330,豆油,y2609,09,瑞银期货,0,0,0,持平,0,0
20260330,豆油,y2609,09,高盛期货,11060,0,11060,净多,2584,0
20260331,豆油,y2609,09,一德期货,37505,0,37505,净多,-10779,0
20260331,豆油,y2609,09,中信期货,22591,11479,11112,净多,363,2185
20260331,豆油,y2609,09,中粮期货,10823,131105,-120282,净空,-1304,11367
20260331,豆油,y2609,09,乾坤期货,0,0,0,持平,0,0
20260331,豆油,y2609,09,国泰君安期货,22994,6482,16512,净多,1145,-681
20260331,豆油,y2609,09,摩根大通期货,27552,9869,17683,净多,18270,-4165
20260331,豆油,y2609,09,永安期货,14254,13595,659,净多,3800,419
20260331,豆油,y2609,09,瑞银期货,0,0,0,持平,0,0
20260331,豆油,y2609,09,高盛期货,13360,0,13360,净多,2300,0
20260401,豆油,y2609,09,一德期货,36523,0,36523,净多,-982,0
20260401,豆油,y2609,09,中信期货,24077,12045,12032,净多,1486,566
20260401,豆油,y2609,09,中粮期货,8682,134874,-126192,净空,-2141,3769
20260401,豆油,y2609,09,乾坤期货,0,0,0,持平,0,0
20260401,豆油,y2609,09,国泰君安期货,26745,9129,17616,净多,3751,2647
20260401,豆油,y2609,09,摩根大通期货,34003,10230,23773,净多,6451,361
20260401,豆油,y2609,09,永安期货,18124,15147,2977,净多,3870,1552
20260401,豆油,y2609,09,瑞银期货,0,0,0,持平,0,0
20260401,豆油,y2609,09,高盛期货,17996,0,17996,净多,4636,0
20260402,豆油,y2609,09,一德期货,37487,0,37487,净多,964,0
20260402,豆油,y2609,09,中信期货,29036,13546,15490,净多,4959,1501
20260402,豆油,y2609,09,中粮期货,11526,140062,-128536,净空,2844,5188
20260402,豆油,y2609,09,乾坤期货,0,0,0,持平,0,0
20260402,豆油,y2609,09,国泰君安期货,29219,9489,19730,净多,2474,360
20260402,豆油,y2609,09,摩根大通期货,36842,9795,27047,净多,2839,-435
20260402,豆油,y2609,09,永安期货,18931,15567,3364,净多,807,420
20260402,豆油,y2609,09,瑞银期货,0,0,0,持平,0,0
20260402,豆油,y2609,09,高盛期货,21083,0,21083,净多,3087,0
20260403,豆油,y2609,09,一德期货,35158,0,35158,净多,-2329,0
20260403,豆油,y2609,09,中信期货,33265,14970,18295,净多,4229,1424
20260403,豆油,y2609,09,中粮期货,13649,144348,-130699,净空,2123,4286
20260403,豆油,y2609,09,乾坤期货,0,0,0,持平,0,0
20260403,豆油,y2609,09,国泰君安期货,32477,10412,22065,净多,3258,923
20260403,豆油,y2609,09,摩根大通期货,37889,10711,27178,净多,1047,916
20260403,豆油,y2609,09,永安期货,24790,15993,8797,净多,5859,426
20260403,豆油,y2609,09,瑞银期货,0,0,0,持平,0,0
20260403,豆油,y2609,09,高盛期货,23508,0,23508,净多,2425,0
20260407,豆油,y2609,09,一德期货,30854,0,30854,净多,-4304,0
20260407,豆油,y2609,09,中信期货,39769,16849,22920,净多,6504,1879
20260407,豆油,y2609,09,中粮期货,13837,150224,-136387,净空,188,5876
20260407,豆油,y2609,09,乾坤期货,0,0,0,持平,0,0
20260407,豆油,y2609,09,国泰君安期货,38419,11972,26447,净多,5942,1560
20260407,豆油,y2609,09,摩根大通期货,36208,10926,25282,净多,-1681,215
20260407,豆油,y2609,09,永安期货,25269,17731,7538,净多,479,1738
20260407,豆油,y2609,09,瑞银期货,8481,0,8481,净多,4567,0
20260407,豆油,y2609,09,高盛期货,25148,0,25148,净多,1640,0
20260408,豆油,y2609,09,一德期货,35423,0,35423,净多,4569,0
20260408,豆油,y2609,09,中信期货,33984,19359,14625,净多,-5785,2510
20260408,豆油,y2609,09,中粮期货,14291,147466,-133175,净空,454,-2758
20260408,豆油,y2609,09,乾坤期货,0,0,0,持平,0,0
20260408,豆油,y2609,09,国泰君安期货,39044,12320,26724,净多,625,348
20260408,豆油,y2609,09,摩根大通期货,37109,14668,22441,净多,901,3742
20260408,豆油,y2609,09,永安期货,14027,18554,-4527,净空,-11242,823
20260408,豆油,y2609,09,瑞银期货,9262,0,9262,净多,781,0
20260408,豆油,y2609,09,高盛期货,24829,0,24829,净多,-319,0
20260409,豆油,y2609,09,一德期货,33418,0,33418,净多,-2005,0
20260409,豆油,y2609,09,中信期货,32323,20025,12298,净多,-1661,666
20260409,豆油,y2609,09,中粮期货,13780,148629,-134849,净空,-511,1163
20260409,豆油,y2609,09,乾坤期货,0,0,0,持平,0,0
20260409,豆油,y2609,09,国泰君安期货,39622,13311,26311,净多,578,991
20260409,豆油,y2609,09,摩根大通期货,39876,14887,24989,净多,2767,219
20260409,豆油,y2609,09,永安期货,14061,17976,-3915,净空,34,-578
20260409,豆油,y2609,09,瑞银期货,9229,0,9229,净多,-33,0
20260409,豆油,y2609,09,高盛期货,24087,0,24087,净多,-742,0
20260410,豆油,y2609,09,一德期货,31050,0,31050,净多,-2368,0
20260410,豆油,y2609,09,中信期货,30942,19069,11873,净多,-1381,-956
20260410,豆油,y2609,09,中粮期货,13981,150096,-136115,净空,201,1467
20260410,豆油,y2609,09,乾坤期货,0,0,0,持平,0,0
20260410,豆油,y2609,09,国泰君安期货,45094,11646,33448,净多,5472,-1665
20260410,豆油,y2609,09,摩根大通期货,39691,13856,25835,净多,-185,-1031
20260410,豆油,y2609,09,永安期货,14182,18445,-4263,净空,121,469
20260410,豆油,y2609,09,瑞银期货,9795,0,9795,净多,566,0
20260410,豆油,y2609,09,高盛期货,23691,0,23691,净多,-396,0
20260413,豆油,y2609,09,一德期货,29111,0,29111,净多,-1939,0
20260413,豆油,y2609,09,中信期货,30281,19070,11211,净多,-661,1
20260413,豆油,y2609,09,中粮期货,15422,150502,-135080,净空,1441,406
20260413,豆油,y2609,09,乾坤期货,0,0,0,持平,0,0
20260413,豆油,y2609,09,国泰君安期货,45350,14748,30602,净多,256,3102
20260413,豆油,y2609,09,摩根大通期货,40551,14266,26285,净多,860,410
20260413,豆油,y2609,09,永安期货,14134,18050,-3916,净空,-48,-395
20260413,豆油,y2609,09,瑞银期货,11117,0,11117,净多,1322,0
20260413,豆油,y2609,09,高盛期货,23886,0,23886,净多,195,0
20260413,豆油,y2701,01,一德期货,0,0,0,持平,0,0
20260413,豆油,y2701,01,中信期货,697,403,294,净多,72,6
20260413,豆油,y2701,01,中粮期货,0,2659,-2659,净空,0,-7
20260413,豆油,y2701,01,乾坤期货,0,0,0,持平,0,0
20260413,豆油,y2701,01,国泰君安期货,1395,2810,-1415,净空,45,311
20260413,豆油,y2701,01,摩根大通期货,1324,1146,178,净多,-3,-9
20260413,豆油,y2701,01,永安期货,185,0,185,净多,20,0
20260413,豆油,y2701,01,瑞银期货,0,0,0,持平,0,0
20260413,豆油,y2701,01,高盛期货,434,0,434,净多,46,0
20260414,豆油,y2609,09,一德期货,28062,0,28062,净多,-1049,0
20260414,豆油,y2609,09,中信期货,27861,18934,8927,净多,-2420,-136
20260414,豆油,y2609,09,中粮期货,17161,154977,-137816,净空,1739,4475
20260414,豆油,y2609,09,乾坤期货,0,0,0,持平,0,0
20260414,豆油,y2609,09,国泰君安期货,44905,17579,27326,净多,-445,2831
20260414,豆油,y2609,09,摩根大通期货,42285,14366,27919,净多,1734,100
20260414,豆油,y2609,09,永安期货,14606,16762,-2156,净空,472,-1288
20260414,豆油,y2609,09,瑞银期货,11525,0,11525,净多,408,0
20260414,豆油,y2609,09,高盛期货,25618,0,25618,净多,1732,0
20260414,豆油,y2701,01,一德期货,0,0,0,持平,0,0
20260414,豆油,y2701,01,中信期货,879,406,473,净多,182,3
20260414,豆油,y2701,01,中粮期货,0,2659,-2659,净空,0,0
20260414,豆油,y2701,01,乾坤期货,0,0,0,持平,0,0
20260414,豆油,y2701,01,国泰君安期货,1405,2936,-1531,净空,10,126
20260414,豆油,y2701,01,摩根大通期货,1381,1135,246,净多,57,-11
20260414,豆油,y2701,01,永安期货,185,0,185,净多,0,0
20260414,豆油,y2701,01,瑞银期货,0,0,0,持平,0,0
20260414,豆油,y2701,01,高盛期货,413,0,413,净多,-21,0
20260415,豆油,y2609,09,一德期货,29554,4974,24580,净多,1492,1039
20260415,豆油,y2609,09,中信期货,27883,19788,8095,净多,22,854
20260415,豆油,y2609,09,中粮期货,17002,157842,-140840,净空,-159,2865
20260415,豆油,y2609,09,乾坤期货,0,0,0,持平,0,0
20260415,豆油,y2609,09,国泰君安期货,45028,21190,23838,净多,123,3611
20260415,豆油,y2609,09,摩根大通期货,40866,14036,26830,净多,-1419,-330
20260415,豆油,y2609,09,永安期货,16242,17767,-1525,净空,1636,1005
20260415,豆油,y2609,09,瑞银期货,11526,0,11526,净多,1,0
20260415,豆油,y2609,09,高盛期货,29746,0,29746,净多,4128,0
20260415,豆油,y2701,01,一德期货,0,0,0,持平,0,0
20260415,豆油,y2701,01,中信期货,1210,419,791,净多,331,13
20260415,豆油,y2701,01,中粮期货,0,2660,-2660,净空,0,1
20260415,豆油,y2701,01,乾坤期货,0,0,0,持平,0,0
20260415,豆油,y2701,01,国泰君安期货,1132,3172,-2040,净空,-273,236
20260415,豆油,y2701,01,摩根大通期货,1345,1135,210,净多,-36,0
20260415,豆油,y2701,01,永安期货,0,0,0,持平,0,0
20260415,豆油,y2701,01,瑞银期货,0,0,0,持平,0,0
20260415,豆油,y2701,01,高盛期货,420,0,420,净多,7,0
20260416,豆油,y2609,09,一德期货,31779,5071,26708,净多,2225,97
20260416,豆油,y2609,09,中信期货,28734,21386,7348,净多,851,1598
20260416,豆油,y2609,09,中粮期货,16832,166409,-149577,净空,-170,8567
20260416,豆油,y2609,09,乾坤期货,0,0,0,持平,0,0
20260416,豆油,y2609,09,国泰君安期货,45714,21872,23842,净多,686,682
20260416,豆油,y2609,09,摩根大通期货,42580,14186,28394,净多,1714,150
20260416,豆油,y2609,09,永安期货,17830,17868,-38,净空,1588,101
20260416,豆油,y2609,09,瑞银期货,11529,0,11529,净多,3,0
20260416,豆油,y2609,09,高盛期货,31727,0,31727,净多,1981,0
20260416,豆油,y2701,01,一德期货,0,0,0,持平,0,0
20260416,豆油,y2701,01,中信期货,1560,208,1352,净多,350,-211
20260416,豆油,y2701,01,中粮期货,0,2671,-2671,净空,0,11
20260416,豆油,y2701,01,乾坤期货,0,0,0,持平,0,0
20260416,豆油,y2701,01,国泰君安期货,1193,2929,-1736,净空,61,-243
20260416,豆油,y2701,01,摩根大通期货,1396,1132,264,净多,51,-3
20260416,豆油,y2701,01,永安期货,0,0,0,持平,0,0
20260416,豆油,y2701,01,瑞银期货,0,0,0,持平,0,0
20260416,豆油,y2701,01,高盛期货,403,0,403,净多,-17,0
20260417,豆油,y2609,09,一德期货,32327,5160,27167,净多,548,89
20260417,豆油,y2609,09,中信期货,28575,22011,6564,净多,-159,625
20260417,豆油,y2609,09,中粮期货,17538,173120,-155582,净空,706,6711
20260417,豆油,y2609,09,乾坤期货,0,0,0,持平,0,0
20260417,豆油,y2609,09,国泰君安期货,49467,22694,26773,净多,3753,822
20260417,豆油,y2609,09,摩根大通期货,43095,14361,28734,净多,515,175
20260417,豆油,y2609,09,永安期货,18696,17858,838,净多,866,-10
20260417,豆油,y2609,09,瑞银期货,11530,0,11530,净多,1,0
20260417,豆油,y2609,09,高盛期货,32877,0,32877,净多,1150,0
20260417,豆油,y2701,01,一德期货,0,0,0,持平,0,0
20260417,豆油,y2701,01,中信期货,2108,252,1856,净多,548,44
20260417,豆油,y2701,01,中粮期货,0,2668,-2668,净空,0,-3
20260417,豆油,y2701,01,乾坤期货,0,0,0,持平,0,0
20260417,豆油,y2701,01,国泰君安期货,1132,2993,-1861,净空,-61,64
20260417,豆油,y2701,01,摩根大通期货,1446,1008,438,净多,50,-124
20260417,豆油,y2701,01,永安期货,0,0,0,持平,0,0
20260417,豆油,y2701,01,瑞银期货,0,0,0,持平,0,0
20260417,豆油,y2701,01,高盛期货,414,0,414,净多,11,0
20260420,豆油,y2609,09,一德期货,31535,7238,24297,净多,-792,2078
20260420,豆油,y2609,09,中信期货,27980,21769,6211,净多,-595,-242
20260420,豆油,y2609,09,中粮期货,17235,174123,-156888,净空,-303,1003
20260420,豆油,y2609,09,乾坤期货,0,0,0,持平,0,0
20260420,豆油,y2609,09,国泰君安期货,51116,24183,26933,净多,1649,1489
20260420,豆油,y2609,09,摩根大通期货,42422,14839,27583,净多,-673,478
20260420,豆油,y2609,09,永安期货,19242,17570,1672,净多,546,-288
20260420,豆油,y2609,09,瑞银期货,11532,0,11532,净多,2,0
20260420,豆油,y2609,09,高盛期货,36592,0,36592,净多,3715,0
20260420,豆油,y2701,01,一德期货,0,0,0,持平,0,0
20260420,豆油,y2701,01,中信期货,2135,246,1889,净多,27,-6
20260420,豆油,y2701,01,中粮期货,0,2664,-2664,净空,0,-4
20260420,豆油,y2701,01,乾坤期货,0,0,0,持平,0,0
20260420,豆油,y2701,01,国泰君安期货,1123,2958,-1835,净空,-9,-35
20260420,豆油,y2701,01,摩根大通期货,1446,991,455,净多,0,-17
20260420,豆油,y2701,01,永安期货,164,219,-55,净空,31,215
20260420,豆油,y2701,01,瑞银期货,0,0,0,持平,0,0
20260420,豆油,y2701,01,高盛期货,436,0,436,净多,22,0
20260421,豆油,y2609,09,一德期货,36559,10381,26178,净多,5024,3143
20260421,豆油,y2609,09,中信期货,31959,26227,5732,净多,3979,4458
20260421,豆油,y2609,09,中粮期货,16146,182749,-166603,净空,-1089,8626
20260421,豆油,y2609,09,乾坤期货,0,0,0,持平,0,0
20260421,豆油,y2609,09,国泰君安期货,54841,20840,34001,净多,3725,-3343
20260421,豆油,y2609,09,摩根大通期货,42851,15804,27047,净多,429,965
20260421,豆油,y2609,09,永安期货,18903,17531,1372,净多,-339,-39
20260421,豆油,y2609,09,瑞银期货,11613,0,11613,净多,81,0
20260421,豆油,y2609,09,高盛期货,37755,0,37755,净多,1163,0
20260421,豆油,y2701,01,一德期货,0,0,0,持平,0,0
20260421,豆油,y2701,01,中信期货,2462,323,2139,净多,327,77
20260421,豆油,y2701,01,中粮期货,0,2401,-2401,净空,0,-263
20260421,豆油,y2701,01,乾坤期货,0,0,0,持平,0,0
20260421,豆油,y2701,01,国泰君安期货,1434,2978,-1544,净空,311,20
20260421,豆油,y2701,01,摩根大通期货,911,1388,-477,净空,-535,397
20260421,豆油,y2701,01,永安期货,0,219,-219,净空,0,0
20260421,豆油,y2701,01,瑞银期货,0,0,0,持平,0,0
20260421,豆油,y2701,01,高盛期货,420,0,420,净多,-16,0
20260422,豆油,y2609,09,一德期货,40996,10088,30908,净多,4437,-293
20260422,豆油,y2609,09,中信期货,33882,29888,3994,净多,1923,3661
20260422,豆油,y2609,09,中粮期货,16516,190660,-174144,净空,370,7911
20260422,豆油,y2609,09,乾坤期货,0,0,0,持平,0,0
20260422,豆油,y2609,09,国泰君安期货,57415,20270,37145,净多,2574,-570
20260422,豆油,y2609,09,摩根大通期货,39768,17039,22729,净多,-3083,1235
20260422,豆油,y2609,09,永安期货,19868,18817,1051,净多,965,1286
20260422,豆油,y2609,09,瑞银期货,11597,0,11597,净多,-16,0
20260422,豆油,y2609,09,高盛期货,39564,0,39564,净多,1809,0
20260422,豆油,y2701,01,一德期货,720,0,720,净多,610,0
20260422,豆油,y2701,01,中信期货,2389,326,2063,净多,-73,3
20260422,豆油,y2701,01,中粮期货,0,2396,-2396,净空,0,-5
20260422,豆油,y2701,01,乾坤期货,0,0,0,持平,0,0
20260422,豆油,y2701,01,国泰君安期货,1464,3086,-1622,净空,30,108
20260422,豆油,y2701,01,摩根大通期货,911,1329,-418,净空,0,-59
20260422,豆油,y2701,01,永安期货,352,0,352,净多,181,0
20260422,豆油,y2701,01,瑞银期货,0,0,0,持平,0,0
20260422,豆油,y2701,01,高盛期货,801,0,801,净多,381,0
20260423,豆油,y2609,09,一德期货,41414,9114,32300,净多,418,-974
20260423,豆油,y2609,09,中信期货,35098,31899,3199,净多,1216,2011
20260423,豆油,y2609,09,中粮期货,14954,198449,-183495,净空,-1562,7789
20260423,豆油,y2609,09,乾坤期货,0,0,0,持平,0,0
20260423,豆油,y2609,09,国泰君安期货,56993,19208,37785,净多,-422,-1062
20260423,豆油,y2609,09,摩根大通期货,41079,19725,21354,净多,1311,2686
20260423,豆油,y2609,09,永安期货,19789,18680,1109,净多,-79,-137
20260423,豆油,y2609,09,瑞银期货,11611,0,11611,净多,14,0
20260423,豆油,y2609,09,高盛期货,41395,0,41395,净多,1831,0
20260423,豆油,y2701,01,一德期货,819,0,819,净多,99,0
20260423,豆油,y2701,01,中信期货,2880,309,2571,净多,491,-17
20260423,豆油,y2701,01,中粮期货,0,3086,-3086,净空,0,690
20260423,豆油,y2701,01,乾坤期货,0,0,0,持平,0,0
20260423,豆油,y2701,01,国泰君安期货,1538,3117,-1579,净空,74,31
20260423,豆油,y2701,01,摩根大通期货,937,1280,-343,净空,26,-49
20260423,豆油,y2701,01,永安期货,392,0,392,净多,40,0
20260423,豆油,y2701,01,瑞银期货,0,0,0,持平,0,0
20260423,豆油,y2701,01,高盛期货,870,0,870,净多,69,0
20260424,豆油,y2609,09,一德期货,35310,7091,28219,净多,-6104,-2023
20260424,豆油,y2609,09,中信期货,35912,33582,2330,净多,814,1683
20260424,豆油,y2609,09,中粮期货,13534,197539,-184005,净空,-1420,-910
20260424,豆油,y2609,09,乾坤期货,0,0,0,持平,0,0
20260424,豆油,y2609,09,国泰君安期货,54953,21612,33341,净多,-2040,2404
20260424,豆油,y2609,09,摩根大通期货,40925,19949,20976,净多,-154,224
20260424,豆油,y2609,09,永安期货,19553,19105,448,净多,-236,425
20260424,豆油,y2609,09,瑞银期货,11651,0,11651,净多,40,0
20260424,豆油,y2609,09,高盛期货,42553,0,42553,净多,1158,0
20260424,豆油,y2701,01,一德期货,1439,0,1439,净多,620,0
20260424,豆油,y2701,01,中信期货,3204,370,2834,净多,324,61
20260424,豆油,y2701,01,中粮期货,0,7069,-7069,净空,0,3983
20260424,豆油,y2701,01,乾坤期货,0,0,0,持平,0,0
20260424,豆油,y2701,01,国泰君安期货,2997,1981,1016,净多,1459,-1136
20260424,豆油,y2701,01,摩根大通期货,959,1280,-321,净空,22,0
20260424,豆油,y2701,01,永安期货,0,0,0,持平,0,0
20260424,豆油,y2701,01,瑞银期货,0,0,0,持平,0,0
20260424,豆油,y2701,01,高盛期货,840,0,840,净多,-30,0
20260427,豆油,y2609,09,一德期货,33259,7198,26061,净多,-2051,107
20260427,豆油,y2609,09,中信期货,35324,34918,406,净多,-588,1336
20260427,豆油,y2609,09,中粮期货,13711,198399,-184688,净空,177,860
20260427,豆油,y2609,09,乾坤期货,0,0,0,持平,0,0
20260427,豆油,y2609,09,国泰君安期货,55820,20977,34843,净多,867,-635
20260427,豆油,y2609,09,摩根大通期货,42616,18843,23773,净多,1691,-1106
20260427,豆油,y2609,09,永安期货,20370,19944,426,净多,817,839
20260427,豆油,y2609,09,瑞银期货,11981,0,11981,净多,330,0
20260427,豆油,y2609,09,高盛期货,42536,0,42536,净多,-17,0
20260427,豆油,y2701,01,一德期货,2329,0,2329,净多,890,0
20260427,豆油,y2701,01,中信期货,2642,1477,1165,净多,-562,1107
20260427,豆油,y2701,01,中粮期货,0,6861,-6861,净空,0,-208
20260427,豆油,y2701,01,乾坤期货,0,0,0,持平,0,0
20260427,豆油,y2701,01,国泰君安期货,4044,3480,564,净多,1047,1499
20260427,豆油,y2701,01,摩根大通期货,978,1280,-302,净空,19,0
20260427,豆油,y2701,01,永安期货,0,0,0,持平,0,0
20260427,豆油,y2701,01,瑞银期货,0,0,0,持平,0,0
20260427,豆油,y2701,01,高盛期货,1000,0,1000,净多,160,0
20260428,豆油,y2609,09,一德期货,29735,7225,22510,净多,-3524,27
20260428,豆油,y2609,09,中信期货,35353,32070,3283,净多,29,-2848
20260428,豆油,y2609,09,中粮期货,15356,199802,-184446,净空,1645,1403
20260428,豆油,y2609,09,乾坤期货,0,0,0,持平,0,0
20260428,豆油,y2609,09,国泰君安期货,56348,20570,35778,净多,528,-407
20260428,豆油,y2609,09,摩根大通期货,42992,18775,24217,净多,376,-68
20260428,豆油,y2609,09,永安期货,20205,19986,219,净多,-165,42
20260428,豆油,y2609,09,瑞银期货,11810,0,11810,净多,-171,0
20260428,豆油,y2609,09,高盛期货,38339,0,38339,净多,-4197,0
20260428,豆油,y2701,01,一德期货,1464,400,1064,净多,-865,400
20260428,豆油,y2701,01,中信期货,2523,1098,1425,净多,-119,-379
20260428,豆油,y2701,01,中粮期货,0,7131,-7131,净空,0,270
20260428,豆油,y2701,01,乾坤期货,0,0,0,持平,0,0
20260428,豆油,y2701,01,国泰君安期货,4121,3373,748,净多,77,-107
20260428,豆油,y2701,01,摩根大通期货,982,1280,-298,净空,4,0
20260428,豆油,y2701,01,永安期货,883,0,883,净多,425,0
20260428,豆油,y2701,01,瑞银期货,0,0,0,持平,0,0
20260428,豆油,y2701,01,高盛期货,989,0,989,净多,-11,0
20260429,豆油,y2609,09,一德期货,30677,6974,23703,净多,942,-251
20260429,豆油,y2609,09,中信期货,36774,31834,4940,净多,1421,-236
20260429,豆油,y2609,09,中粮期货,17218,200442,-183224,净空,1862,640
20260429,豆油,y2609,09,乾坤期货,0,0,0,持平,0,0
20260429,豆油,y2609,09,国泰君安期货,56166,18536,37630,净多,-182,-2034
20260429,豆油,y2609,09,摩根大通期货,44286,19181,25105,净多,1294,406
20260429,豆油,y2609,09,永安期货,17375,18633,-1258,净空,-2830,-1353
20260429,豆油,y2609,09,瑞银期货,11545,0,11545,净多,-265,0
20260429,豆油,y2609,09,高盛期货,36165,0,36165,净多,-2174,0
20260429,豆油,y2701,01,一德期货,1162,400,762,净多,-302,0
20260429,豆油,y2701,01,中信期货,2689,1035,1654,净多,166,-63
20260429,豆油,y2701,01,中粮期货,0,8075,-8075,净空,0,944
20260429,豆油,y2701,01,乾坤期货,0,0,0,持平,0,0
20260429,豆油,y2701,01,国泰君安期货,4293,3092,1201,净多,172,-281
20260429,豆油,y2701,01,摩根大通期货,1022,1280,-258,净空,40,0
20260429,豆油,y2701,01,永安期货,915,0,915,净多,32,0
20260429,豆油,y2701,01,瑞银期货,0,0,0,持平,0,0
20260429,豆油,y2701,01,高盛期货,998,0,998,净多,9,0
20260430,豆油,y2609,09,一德期货,31802,7070,24732,净多,1125,96
20260430,豆油,y2609,09,中信期货,36120,30919,5201,净多,-654,-915
20260430,豆油,y2609,09,中粮期货,15794,207113,-191319,净空,-1424,6671
20260430,豆油,y2609,09,乾坤期货,0,0,0,持平,0,0
20260430,豆油,y2609,09,国泰君安期货,56574,15243,41331,净多,408,-3293
20260430,豆油,y2609,09,摩根大通期货,44800,17001,27799,净多,514,-2180
20260430,豆油,y2609,09,永安期货,16299,18597,-2298,净空,-1076,-36
20260430,豆油,y2609,09,瑞银期货,11422,0,11422,净多,-123,0
20260430,豆油,y2609,09,高盛期货,37785,0,37785,净多,1620,0
20260430,豆油,y2701,01,一德期货,1192,400,792,净多,30,0
20260430,豆油,y2701,01,中信期货,2453,1250,1203,净多,-236,215
20260430,豆油,y2701,01,中粮期货,730,9272,-8542,净空,508,1197
20260430,豆油,y2701,01,乾坤期货,0,0,0,持平,0,0
20260430,豆油,y2701,01,国泰君安期货,4726,3081,1645,净多,433,-11
20260430,豆油,y2701,01,摩根大通期货,1148,1280,-132,净空,126,0
20260430,豆油,y2701,01,永安期货,1495,0,1495,净多,580,0
20260430,豆油,y2701,01,瑞银期货,0,0,0,持平,0,0
20260430,豆油,y2701,01,高盛期货,989,0,989,净多,-9,0
20260506,豆油,y2609,09,一德期货,30685,7264,23421,净多,-1117,194
20260506,豆油,y2609,09,中信期货,40657,33362,7295,净多,4537,2443
20260506,豆油,y2609,09,中粮期货,15373,210630,-195257,净空,-421,3517
20260506,豆油,y2609,09,乾坤期货,0,0,0,持平,0,0
20260506,豆油,y2609,09,国泰君安期货,60231,16179,44052,净多,3657,936
20260506,豆油,y2609,09,摩根大通期货,50054,15429,34625,净多,5254,-1572
20260506,豆油,y2609,09,永安期货,16979,18730,-1751,净空,680,133
20260506,豆油,y2609,09,瑞银期货,11690,0,11690,净多,268,0
20260506,豆油,y2609,09,高盛期货,41915,0,41915,净多,4130,0
20260506,豆油,y2701,01,一德期货,1493,400,1093,净多,301,0
20260506,豆油,y2701,01,中信期货,2282,1596,686,净多,-171,346
20260506,豆油,y2701,01,中粮期货,837,9302,-8465,净空,107,30
20260506,豆油,y2701,01,乾坤期货,0,0,0,持平,0,0
20260506,豆油,y2701,01,国泰君安期货,5840,3095,2745,净多,1114,14
20260506,豆油,y2701,01,摩根大通期货,1236,1648,-412,净空,88,368
20260506,豆油,y2701,01,永安期货,1498,1229,269,净多,3,996
20260506,豆油,y2701,01,瑞银期货,0,0,0,持平,0,0
20260506,豆油,y2701,01,高盛期货,890,0,890,净多,-99,0
20260507,豆油,y2609,09,一德期货,32992,7223,25769,净多,2307,-41
20260507,豆油,y2609,09,中信期货,38293,33690,4603,净多,-2364,328
20260507,豆油,y2609,09,中粮期货,16393,207374,-190981,净空,1020,-3256
20260507,豆油,y2609,09,乾坤期货,0,0,0,持平,0,0
20260507,豆油,y2609,09,国泰君安期货,57605,15922,41683,净多,-2626,-257
20260507,豆油,y2609,09,摩根大通期货,47326,15356,31970,净多,-2728,-73
20260507,豆油,y2609,09,永安期货,17241,17538,-297,净空,262,-1192
20260507,豆油,y2609,09,瑞银期货,11332,0,11332,净多,-358,0
20260507,豆油,y2609,09,高盛期货,40138,0,40138,净多,-1777,0
20260507,豆油,y2701,01,一德期货,1775,0,1775,净多,282,0
20260507,豆油,y2701,01,中信期货,2307,1514,793,净多,25,-82
20260507,豆油,y2701,01,中粮期货,1029,9313,-8284,净空,192,11
20260507,豆油,y2701,01,乾坤期货,0,0,0,持平,0,0
20260507,豆油,y2701,01,国泰君安期货,6117,3139,2978,净多,277,44
20260507,豆油,y2701,01,摩根大通期货,1141,1648,-507,净空,-95,0
20260507,豆油,y2701,01,永安期货,1853,2355,-502,净空,355,1126
20260507,豆油,y2701,01,瑞银期货,0,0,0,持平,0,0
20260507,豆油,y2701,01,高盛期货,894,0,894,净多,4,0
20260508,豆油,y2609,09,一德期货,29568,8750,20818,净多,-3424,1527
20260508,豆油,y2609,09,中信期货,34856,34390,466,净多,-3437,700
20260508,豆油,y2609,09,中粮期货,18699,206140,-187441,净空,2306,-1234
20260508,豆油,y2609,09,乾坤期货,0,0,0,持平,0,0
20260508,豆油,y2609,09,国泰君安期货,56402,17354,39048,净多,-1203,1432
20260508,豆油,y2609,09,摩根大通期货,47231,16895,30336,净多,-95,1539
20260508,豆油,y2609,09,永安期货,17256,17024,232,净多,15,-514
20260508,豆油,y2609,09,瑞银期货,10893,0,10893,净多,-439,0
20260508,豆油,y2609,09,高盛期货,33936,0,33936,净多,-6202,0
20260508,豆油,y2701,01,一德期货,2276,450,1826,净多,501,50
20260508,豆油,y2701,01,中信期货,2646,1847,799,净多,339,333
20260508,豆油,y2701,01,中粮期货,2095,11766,-9671,净空,1066,2453
20260508,豆油,y2701,01,乾坤期货,0,0,0,持平,0,0
20260508,豆油,y2701,01,国泰君安期货,5108,4493,615,净多,-1009,1354
20260508,豆油,y2701,01,摩根大通期货,1085,1554,-469,净空,-56,-94
20260508,豆油,y2701,01,永安期货,2812,2357,455,净多,959,2
20260508,豆油,y2701,01,瑞银期货,0,0,0,持平,0,0
20260508,豆油,y2701,01,高盛期货,934,0,934,净多,40,0
20260511,豆油,y2609,09,一德期货,27285,10011,17274,净多,-2283,1261
20260511,豆油,y2609,09,中信期货,38207,33719,4488,净多,3351,-671
20260511,豆油,y2609,09,中粮期货,17407,208672,-191265,净空,-1292,2532
20260511,豆油,y2609,09,乾坤期货,0,0,0,持平,0,0
20260511,豆油,y2609,09,国泰君安期货,57720,16489,41231,净多,1318,-865
20260511,豆油,y2609,09,摩根大通期货,48872,12628,36244,净多,1641,-4267
20260511,豆油,y2609,09,永安期货,16970,17410,-440,净空,-286,386
20260511,豆油,y2609,09,瑞银期货,11265,0,11265,净多,372,0
20260511,豆油,y2609,09,高盛期货,37790,0,37790,净多,3854,0
20260511,豆油,y2701,01,一德期货,2615,0,2615,净多,339,0
20260511,豆油,y2701,01,中信期货,2675,1799,876,净多,29,-48
20260511,豆油,y2701,01,中粮期货,2167,12356,-10189,净空,72,590
20260511,豆油,y2701,01,乾坤期货,0,0,0,持平,0,0
20260511,豆油,y2701,01,国泰君安期货,6142,4429,1713,净多,1034,-64
20260511,豆油,y2701,01,摩根大通期货,1086,1554,-468,净空,1,0
20260511,豆油,y2701,01,永安期货,3079,3563,-484,净空,267,1206
20260511,豆油,y2701,01,瑞银期货,0,0,0,持平,0,0
20260511,豆油,y2701,01,高盛期货,0,0,0,持平,0,0
20260512,豆油,y2609,09,一德期货,26057,10313,15744,净多,-1228,302
20260512,豆油,y2609,09,中信期货,37798,34289,3509,净多,-409,570
20260512,豆油,y2609,09,中粮期货,13299,211585,-198286,净空,-4108,2913
20260512,豆油,y2609,09,乾坤期货,0,0,0,持平,0,0
20260512,豆油,y2609,09,国泰君安期货,60853,18310,42543,净多,3133,1821
20260512,豆油,y2609,09,摩根大通期货,54240,12304,41936,净多,5368,-324
20260512,豆油,y2609,09,永安期货,16771,17485,-714,净空,-199,75
20260512,豆油,y2609,09,瑞银期货,11987,0,11987,净多,722,0
20260512,豆油,y2609,09,高盛期货,39003,0,39003,净多,1213,0
20260512,豆油,y2701,01,一德期货,2534,0,2534,净多,-81,0
20260512,豆油,y2701,01,中信期货,2625,1298,1327,净多,-50,-501
20260512,豆油,y2701,01,中粮期货,2119,12949,-10830,净空,-48,593
20260512,豆油,y2701,01,乾坤期货,0,0,0,持平,0,0
20260512,豆油,y2701,01,国泰君安期货,5940,3902,2038,净多,-202,-527
20260512,豆油,y2701,01,摩根大通期货,0,2732,-2732,净空,0,1178
20260512,豆油,y2701,01,永安期货,3450,4780,-1330,净空,371,1217
20260512,豆油,y2701,01,瑞银期货,0,0,0,持平,0,0
20260512,豆油,y2701,01,高盛期货,0,0,0,持平,0,0
20260513,豆油,y2609,09,一德期货,25416,10233,15183,净多,-641,-80
20260513,豆油,y2609,09,中信期货,38558,34083,4475,净多,760,-206
20260513,豆油,y2609,09,中粮期货,12404,211200,-198796,净空,-895,-385
20260513,豆油,y2609,09,乾坤期货,0,0,0,持平,0,0
20260513,豆油,y2609,09,国泰君安期货,61777,20076,41701,净多,924,1766
20260513,豆油,y2609,09,摩根大通期货,54778,12292,42486,净多,538,-12
20260513,豆油,y2609,09,永安期货,16581,17743,-1162,净空,-190,258
20260513,豆油,y2609,09,瑞银期货,11754,0,11754,净多,-233,0
20260513,豆油,y2609,09,高盛期货,43290,0,43290,净多,4287,0
20260513,豆油,y2701,01,一德期货,3149,0,3149,净多,615,0
20260513,豆油,y2701,01,中信期货,2555,1319,1236,净多,-70,21
20260513,豆油,y2701,01,中粮期货,2107,12883,-10776,净空,-12,-66
20260513,豆油,y2701,01,乾坤期货,0,0,0,持平,0,0
20260513,豆油,y2701,01,国泰君安期货,5839,4732,1107,净多,-101,830
20260513,豆油,y2701,01,摩根大通期货,1250,2732,-1482,净空,97,0
20260513,豆油,y2701,01,永安期货,3860,4278,-418,净空,410,-502
20260513,豆油,y2701,01,瑞银期货,0,0,0,持平,0,0
20260513,豆油,y2701,01,高盛期货,0,0,0,持平,0,0
20260514,豆油,y2609,09,一德期货,26844,9756,17088,净多,1428,-477
20260514,豆油,y2609,09,中信期货,38334,33546,4788,净多,-224,-537
20260514,豆油,y2609,09,中粮期货,12704,209024,-196320,净空,300,-2176
20260514,豆油,y2609,09,乾坤期货,0,0,0,持平,0,0
20260514,豆油,y2609,09,国泰君安期货,60247,21220,39027,净多,-1530,1144
20260514,豆油,y2609,09,摩根大通期货,54384,12810,41574,净多,-394,518
20260514,豆油,y2609,09,永安期货,17229,19029,-1800,净空,648,1286
20260514,豆油,y2609,09,瑞银期货,11592,0,11592,净多,-162,0
20260514,豆油,y2609,09,高盛期货,47539,0,47539,净多,4249,0
20260514,豆油,y2701,01,一德期货,4319,1400,2919,净多,1170,1000
20260514,豆油,y2701,01,中信期货,2693,1345,1348,净多,138,26
20260514,豆油,y2701,01,中粮期货,2796,14332,-11536,净空,689,1449
20260514,豆油,y2701,01,乾坤期货,0,0,0,持平,0,0
20260514,豆油,y2701,01,国泰君安期货,7244,5411,1833,净多,1405,679
20260514,豆油,y2701,01,摩根大通期货,0,2732,-2732,净空,0,0
20260514,豆油,y2701,01,永安期货,4201,4186,15,净多,341,-92
20260514,豆油,y2701,01,瑞银期货,0,0,0,持平,0,0
20260514,豆油,y2701,01,高盛期货,0,0,0,持平,0,0
20260515,豆油,y2609,09,一德期货,25910,13406,12504,净多,-934,3650
20260515,豆油,y2609,09,中信期货,35871,32692,3179,净多,-2463,-854
20260515,豆油,y2609,09,中粮期货,12881,205096,-192215,净空,177,-3928
20260515,豆油,y2609,09,乾坤期货,0,0,0,持平,0,0
20260515,豆油,y2609,09,国泰君安期货,58226,21979,36247,净多,-2021,759
20260515,豆油,y2609,09,摩根大通期货,52290,14393,37897,净多,-2094,1583
20260515,豆油,y2609,09,永安期货,17224,20298,-3074,净空,-5,1269
20260515,豆油,y2609,09,瑞银期货,11176,0,11176,净多,-416,0
20260515,豆油,y2609,09,高盛期货,40009,0,40009,净多,-7530,0
20260515,豆油,y2701,01,一德期货,5347,1400,3947,净多,1028,0
20260515,豆油,y2701,01,中信期货,2945,1387,1558,净多,252,42
20260515,豆油,y2701,01,中粮期货,2793,16841,-14048,净空,-3,2509
20260515,豆油,y2701,01,乾坤期货,0,0,0,持平,0,0
20260515,豆油,y2701,01,国泰君安期货,7807,5272,2535,净多,563,-139
20260515,豆油,y2701,01,摩根大通期货,0,2732,-2732,净空,0,0
20260515,豆油,y2701,01,永安期货,4842,4199,643,净多,641,13
20260515,豆油,y2701,01,瑞银期货,0,0,0,持平,0,0
20260515,豆油,y2701,01,高盛期货,1485,0,1485,净多,527,0
20260518,豆油,y2609,09,一德期货,25570,13538,12032,净多,-340,132
20260518,豆油,y2609,09,中信期货,35074,33828,1246,净多,-797,1136
20260518,豆油,y2609,09,中粮期货,13817,203610,-189793,净空,936,-1486
20260518,豆油,y2609,09,乾坤期货,0,0,0,持平,0,0
20260518,豆油,y2609,09,国泰君安期货,58587,19131,39456,净多,361,-2848
20260518,豆油,y2609,09,摩根大通期货,53692,14147,39545,净多,1402,-246
20260518,豆油,y2609,09,永安期货,16889,19809,-2920,净空,-335,-489
20260518,豆油,y2609,09,瑞银期货,11126,0,11126,净多,-50,0
20260518,豆油,y2609,09,高盛期货,35727,0,35727,净多,-4282,0
20260518,豆油,y2701,01,一德期货,5839,1404,4435,净多,492,4
20260518,豆油,y2701,01,中信期货,4437,1370,3067,净多,1492,-17
20260518,豆油,y2701,01,中粮期货,2975,18722,-15747,净空,182,1881
20260518,豆油,y2701,01,乾坤期货,0,0,0,持平,0,0
20260518,豆油,y2701,01,国泰君安期货,8048,5356,2692,净多,241,84
20260518,豆油,y2701,01,摩根大通期货,1946,2687,-741,净空,828,-45
20260518,豆油,y2701,01,永安期货,6383,5003,1380,净多,1541,804
20260518,豆油,y2701,01,瑞银期货,0,0,0,持平,0,0
20260518,豆油,y2701,01,高盛期货,0,0,0,持平,0,0
20260519,豆油,y2609,09,一德期货,25585,13434,12151,净多,15,-104
20260519,豆油,y2609,09,中信期货,41426,32423,9003,净多,6352,-1405
20260519,豆油,y2609,09,中粮期货,11828,203725,-191897,净空,-1989,115
20260519,豆油,y2609,09,乾坤期货,0,0,0,持平,0,0
20260519,豆油,y2609,09,国泰君安期货,62068,17575,44493,净多,3481,-1556
20260519,豆油,y2609,09,摩根大通期货,52889,12745,40144,净多,-803,-1402
20260519,豆油,y2609,09,永安期货,17017,19623,-2606,净空,128,-186
20260519,豆油,y2609,09,瑞银期货,10639,0,10639,净多,-487,0
20260519,豆油,y2609,09,高盛期货,42101,0,42101,净多,6374,0
20260519,豆油,y2701,01,一德期货,8361,1426,6935,净多,2522,22
20260519,豆油,y2701,01,中信期货,4346,1544,2802,净多,-91,174
20260519,豆油,y2701,01,中粮期货,3154,19226,-16072,净空,179,504
20260519,豆油,y2701,01,乾坤期货,0,0,0,持平,0,0
20260519,豆油,y2701,01,国泰君安期货,9861,5797,4064,净多,1813,441
20260519,豆油,y2701,01,摩根大通期货,2136,3487,-1351,净空,190,800
20260519,豆油,y2701,01,永安期货,7080,3629,3451,净多,697,-1374
20260519,豆油,y2701,01,瑞银期货,0,0,0,持平,0,0
20260519,豆油,y2701,01,高盛期货,1457,0,1457,净多,16,0
20260520,豆油,y2609,09,一德期货,27948,11948,16000,净多,2363,-1486
20260520,豆油,y2609,09,中信期货,43819,28868,14951,净多,2393,-3555
20260520,豆油,y2609,09,中粮期货,9385,206208,-196823,净空,-2443,2483
20260520,豆油,y2609,09,乾坤期货,0,0,0,持平,0,0
20260520,豆油,y2609,09,国泰君安期货,62681,18975,43706,净多,613,1400
20260520,豆油,y2609,09,摩根大通期货,50536,12380,38156,净多,-2353,-365
20260520,豆油,y2609,09,永安期货,16686,19566,-2880,净空,-331,-57
20260520,豆油,y2609,09,瑞银期货,10746,0,10746,净多,107,0
20260520,豆油,y2609,09,高盛期货,47401,0,47401,净多,5300,0
20260520,豆油,y2701,01,一德期货,11345,1426,9919,净多,2984,0
20260520,豆油,y2701,01,中信期货,4150,1456,2694,净多,-196,-88
20260520,豆油,y2701,01,中粮期货,3695,27546,-23851,净空,541,8320
20260520,豆油,y2701,01,乾坤期货,0,0,0,持平,0,0
20260520,豆油,y2701,01,国泰君安期货,11722,5364,6358,净多,1861,-433
20260520,豆油,y2701,01,摩根大通期货,2242,3059,-817,净空,106,-428
20260520,豆油,y2701,01,永安期货,7091,3623,3468,净多,11,-6
20260520,豆油,y2701,01,瑞银期货,0,0,0,持平,0,0
20260520,豆油,y2701,01,高盛期货,0,0,0,持平,0,0
20260521,豆油,y2609,09,一德期货,24546,12408,12138,净多,-3402,460
20260521,豆油,y2609,09,中信期货,41709,28114,13595,净多,-2110,-754
20260521,豆油,y2609,09,中粮期货,9264,209036,-199772,净空,-121,2828
20260521,豆油,y2609,09,乾坤期货,0,0,0,持平,0,0
20260521,豆油,y2609,09,国泰君安期货,59596,17767,41829,净多,-3085,-1208
20260521,豆油,y2609,09,摩根大通期货,49096,12714,36382,净多,-1440,334
20260521,豆油,y2609,09,永安期货,16506,19448,-2942,净空,-180,-118
20260521,豆油,y2609,09,瑞银期货,10923,0,10923,净多,177,0
20260521,豆油,y2609,09,高盛期货,47464,0,47464,净多,63,0
20260521,豆油,y2701,01,一德期货,11719,1425,10294,净多,374,-1
20260521,豆油,y2701,01,中信期货,4488,1513,2975,净多,338,57
20260521,豆油,y2701,01,中粮期货,4559,32452,-27893,净空,864,4906
20260521,豆油,y2701,01,乾坤期货,0,0,0,持平,0,0
20260521,豆油,y2701,01,国泰君安期货,11358,6493,4865,净多,-364,1129
20260521,豆油,y2701,01,摩根大通期货,2088,3059,-971,净空,-154,0
20260521,豆油,y2701,01,永安期货,6662,3443,3219,净多,-429,-180
20260521,豆油,y2701,01,瑞银期货,0,0,0,持平,0,0
20260521,豆油,y2701,01,高盛期货,0,0,0,持平,0,0
20260522,豆油,y2609,09,一德期货,23501,12415,11086,净多,-1045,7
20260522,豆油,y2609,09,中信期货,40483,26616,13867,净多,-1226,-1498
20260522,豆油,y2609,09,中粮期货,10874,206533,-195659,净空,1610,-2503
20260522,豆油,y2609,09,乾坤期货,0,0,0,持平,0,0
20260522,豆油,y2609,09,国泰君安期货,53525,17775,35750,净多,-6071,8
20260522,豆油,y2609,09,摩根大通期货,50293,11774,38519,净多,1197,-940
20260522,豆油,y2609,09,永安期货,16762,19753,-2991,净空,256,305
20260522,豆油,y2609,09,瑞银期货,10845,0,10845,净多,-78,0
20260522,豆油,y2609,09,高盛期货,43843,0,43843,净多,-3621,0
20260522,豆油,y2701,01,一德期货,13027,1425,11602,净多,1308,0
20260522,豆油,y2701,01,中信期货,4665,1785,2880,净多,177,272
20260522,豆油,y2701,01,中粮期货,4392,33652,-29260,净空,-167,1200
20260522,豆油,y2701,01,乾坤期货,0,0,0,持平,0,0
20260522,豆油,y2701,01,国泰君安期货,11321,6652,4669,净多,-37,159
20260522,豆油,y2701,01,摩根大通期货,1862,4094,-2232,净空,-226,1035
20260522,豆油,y2701,01,永安期货,6542,3545,2997,净多,-120,102
20260522,豆油,y2701,01,瑞银期货,0,0,0,持平,0,0
20260522,豆油,y2701,01,高盛期货,0,0,0,持平,0,0
20260525,豆油,y2609,09,一德期货,23846,11885,11961,净多,345,-530
20260525,豆油,y2609,09,中信期货,39331,27531,11800,净多,-1152,915
20260525,豆油,y2609,09,中粮期货,12452,201364,-188912,净空,1578,-5169
20260525,豆油,y2609,09,乾坤期货,0,0,0,持平,0,0
20260525,豆油,y2609,09,国泰君安期货,51358,19994,31364,净多,-2167,2219
20260525,豆油,y2609,09,摩根大通期货,50147,13830,36317,净多,-146,2056
20260525,豆油,y2609,09,永安期货,16758,19373,-2615,净空,-4,-380
20260525,豆油,y2609,09,瑞银期货,10967,0,10967,净多,122,0
20260525,豆油,y2609,09,高盛期货,40495,0,40495,净多,-3348,0
20260525,豆油,y2701,01,一德期货,12330,1425,10905,净多,-697,0
20260525,豆油,y2701,01,中信期货,4549,3286,1263,净多,-116,1501
20260525,豆油,y2701,01,中粮期货,4307,33432,-29125,净空,-85,-220
20260525,豆油,y2701,01,乾坤期货,0,0,0,持平,0,0
20260525,豆油,y2701,01,国泰君安期货,11670,6752,4918,净多,349,100
20260525,豆油,y2701,01,摩根大通期货,0,3794,-3794,净空,0,-300
20260525,豆油,y2701,01,永安期货,7015,3558,3457,净多,473,13
20260525,豆油,y2701,01,瑞银期货,0,0,0,持平,0,0
20260525,豆油,y2701,01,高盛期货,0,0,0,持平,0,0
20260526,豆油,y2609,09,一德期货,25594,11566,14028,净多,1748,-319
20260526,豆油,y2609,09,中信期货,35254,29462,5792,净多,-4077,1931
20260526,豆油,y2609,09,中粮期货,14807,198373,-183566,净空,2355,-2991
20260526,豆油,y2609,09,乾坤期货,0,0,0,持平,0,0
20260526,豆油,y2609,09,国泰君安期货,53106,21575,31531,净多,1748,1581
20260526,豆油,y2609,09,摩根大通期货,45978,14458,31520,净多,-4169,628
20260526,豆油,y2609,09,永安期货,17039,18167,-1128,净空,281,-1206
20260526,豆油,y2609,09,瑞银期货,10866,0,10866,净多,-101,0
20260526,豆油,y2609,09,高盛期货,35549,6327,29222,净多,-4946,290
20260526,豆油,y2701,01,一德期货,12271,1425,10846,净多,-59,0
20260526,豆油,y2701,01,中信期货,4654,3187,1467,净多,105,-99
20260526,豆油,y2701,01,中粮期货,4725,33652,-28927,净空,418,220
20260526,豆油,y2701,01,乾坤期货,0,0,0,持平,0,0
20260526,豆油,y2701,01,国泰君安期货,12584,6734,5850,净多,914,-18
20260526,豆油,y2701,01,摩根大通期货,0,4926,-4926,净空,0,1132
20260526,豆油,y2701,01,永安期货,7352,5004,2348,净多,337,1446
20260526,豆油,y2701,01,瑞银期货,0,0,0,持平,0,0
20260526,豆油,y2701,01,高盛期货,0,0,0,持平,0,0
20260527,豆油,y2609,09,一德期货,25131,11655,13476,净多,-463,89
20260527,豆油,y2609,09,中信期货,36876,30882,5994,净多,1622,1420
20260527,豆油,y2609,09,中粮期货,14225,197008,-182783,净空,-582,-1365
20260527,豆油,y2609,09,乾坤期货,0,0,0,持平,0,0
20260527,豆油,y2609,09,国泰君安期货,52976,20983,31993,净多,-130,-592
20260527,豆油,y2609,09,摩根大通期货,44000,12611,31389,净多,-1978,-1847
20260527,豆油,y2609,09,永安期货,16829,18120,-1291,净空,-210,-47
20260527,豆油,y2609,09,瑞银期货,10894,0,10894,净多,28,0
20260527,豆油,y2609,09,高盛期货,32897,0,32897,净多,-2652,0
20260527,豆油,y2701,01,一德期货,12837,1426,11411,净多,566,1
20260527,豆油,y2701,01,中信期货,4625,4700,-75,净空,-29,1513
20260527,豆油,y2701,01,中粮期货,4698,32065,-27367,净空,-27,-1587
20260527,豆油,y2701,01,乾坤期货,0,0,0,持平,0,0
20260527,豆油,y2701,01,国泰君安期货,12967,6752,6215,净多,383,18
20260527,豆油,y2701,01,摩根大通期货,0,5251,-5251,净空,0,325
20260527,豆油,y2701,01,永安期货,7364,5003,2361,净多,12,-1
20260527,豆油,y2701,01,瑞银期货,0,0,0,持平,0,0
20260527,豆油,y2701,01,高盛期货,0,0,0,持平,0,0
20260528,豆油,y2609,09,一德期货,24262,11798,12464,净多,-869,143
20260528,豆油,y2609,09,中信期货,40831,30387,10444,净多,3955,-495
20260528,豆油,y2609,09,中粮期货,12647,198182,-185535,净空,-1578,1174
20260528,豆油,y2609,09,乾坤期货,0,0,0,持平,0,0
20260528,豆油,y2609,09,国泰君安期货,54402,18597,35805,净多,1426,-2386
20260528,豆油,y2609,09,摩根大通期货,46197,11718,34479,净多,2197,-893
20260528,豆油,y2609,09,永安期货,16656,18309,-1653,净空,-173,189
20260528,豆油,y2609,09,瑞银期货,11017,0,11017,净多,123,0
20260528,豆油,y2609,09,高盛期货,36953,0,36953,净多,4056,0
20260528,豆油,y2701,01,一德期货,12451,1425,11026,净多,-386,-1
20260528,豆油,y2701,01,中信期货,5231,4447,784,净多,606,-253
20260528,豆油,y2701,01,中粮期货,4950,31722,-26772,净空,252,-343
20260528,豆油,y2701,01,乾坤期货,0,0,0,持平,0,0
20260528,豆油,y2701,01,国泰君安期货,14426,6540,7886,净多,1459,-212
20260528,豆油,y2701,01,摩根大通期货,0,5231,-5231,净空,0,-20
20260528,豆油,y2701,01,永安期货,7624,5076,2548,净多,260,73
20260528,豆油,y2701,01,瑞银期货,0,0,0,持平,0,0
20260528,豆油,y2701,01,高盛期货,0,0,0,持平,0,0
20260529,豆油,y2609,09,一德期货,24740,12257,12483,净多,478,459
20260529,豆油,y2609,09,中信期货,42091,27196,14895,净多,1260,-3191
20260529,豆油,y2609,09,中粮期货,10719,195799,-185080,净空,-1928,-2383
20260529,豆油,y2609,09,乾坤期货,0,0,0,持平,0,0
20260529,豆油,y2609,09,国泰君安期货,55609,18042,37567,净多,1207,-555
20260529,豆油,y2609,09,摩根大通期货,44549,13044,31505,净多,-1648,1326
20260529,豆油,y2609,09,永安期货,16939,17283,-344,净空,283,-1026
20260529,豆油,y2609,09,瑞银期货,11129,0,11129,净多,112,0
20260529,豆油,y2609,09,高盛期货,39674,0,39674,净多,2721,0
20260529,豆油,y2701,01,一德期货,12586,1435,11151,净多,135,10
20260529,豆油,y2701,01,中信期货,5245,4464,781,净多,14,17
20260529,豆油,y2701,01,中粮期货,5261,31577,-26316,净空,311,-145
20260529,豆油,y2701,01,乾坤期货,0,0,0,持平,0,0
20260529,豆油,y2701,01,国泰君安期货,14029,6570,7459,净多,-397,30
20260529,豆油,y2701,01,摩根大通期货,0,5231,-5231,净空,0,0
20260529,豆油,y2701,01,永安期货,9224,5826,3398,净多,1600,750
20260529,豆油,y2701,01,瑞银期货,0,0,0,持平,0,0
20260529,豆油,y2701,01,高盛期货,0,0,0,持平,0,0
20260601,豆油,y2609,09,一德期货,23623,12599,11024,净多,-1117,342
20260601,豆油,y2609,09,中信期货,42392,26760,15632,净多,301,-436
20260601,豆油,y2609,09,中粮期货,9563,196171,-186608,净空,-1156,372
20260601,豆油,y2609,09,乾坤期货,0,0,0,持平,0,0
20260601,豆油,y2609,09,国泰君安期货,55861,20055,35806,净多,252,2013
20260601,豆油,y2609,09,摩根大通期货,43384,13914,29470,净多,-1165,870
20260601,豆油,y2609,09,永安期货,17084,11197,5887,净多,145,-6086
20260601,豆油,y2609,09,瑞银期货,11282,0,11282,净多,153,0
20260601,豆油,y2609,09,高盛期货,41837,0,41837,净多,2163,0
20260601,豆油,y2701,01,一德期货,13565,1431,12134,净多,979,-4
20260601,豆油,y2701,01,中信期货,6216,4444,1772,净多,971,-20
20260601,豆油,y2701,01,中粮期货,5649,32881,-27232,净空,388,1304
20260601,豆油,y2701,01,乾坤期货,0,0,0,持平,0,0
20260601,豆油,y2701,01,国泰君安期货,17021,6519,10502,净多,2992,-51
20260601,豆油,y2701,01,摩根大通期货,0,5231,-5231,净空,0,0
20260601,豆油,y2701,01,永安期货,10716,10802,-86,净空,1492,4976
20260601,豆油,y2701,01,瑞银期货,0,0,0,持平,0,0
20260601,豆油,y2701,01,高盛期货,0,0,0,持平,0,0
20260602,豆油,y2609,09,一德期货,23281,12717,10564,净多,-342,118
20260602,豆油,y2609,09,中信期货,40518,27522,12996,净多,-1874,762
20260602,豆油,y2609,09,中粮期货,9507,195545,-186038,净空,-56,-626
20260602,豆油,y2609,09,乾坤期货,0,0,0,持平,0,0
20260602,豆油,y2609,09,国泰君安期货,57571,19433,38138,净多,1710,-622
20260602,豆油,y2609,09,摩根大通期货,42131,16000,26131,净多,-1253,2086
20260602,豆油,y2609,09,永安期货,17479,10330,7149,净多,395,-867
20260602,豆油,y2609,09,瑞银期货,11082,0,11082,净多,-200,0
20260602,豆油,y2609,09,高盛期货,43183,0,43183,净多,1346,0
20260602,豆油,y2701,01,一德期货,13712,1433,12279,净多,147,2
20260602,豆油,y2701,01,中信期货,6941,5380,1561,净多,725,936
20260602,豆油,y2701,01,中粮期货,5611,32795,-27184,净空,-38,-86
20260602,豆油,y2701,01,乾坤期货,0,0,0,持平,0,0
20260602,豆油,y2701,01,国泰君安期货,17328,7659,9669,净多,307,1140
20260602,豆油,y2701,01,摩根大通期货,0,5231,-5231,净空,0,0
20260602,豆油,y2701,01,永安期货,12340,8865,3475,净多,1624,-1937
20260602,豆油,y2701,01,瑞银期货,0,0,0,持平,0,0
20260602,豆油,y2701,01,高盛期货,0,0,0,持平,0,0
20260602,豆油,y2705,05,一德期货,672,0,672,净多,-9,0
20260602,豆油,y2705,05,中信期货,384,60,324,净多,46,-1
20260602,豆油,y2705,05,中粮期货,337,1995,-1658,净空,100,325
20260602,豆油,y2705,05,乾坤期货,0,0,0,持平,0,0
20260602,豆油,y2705,05,国泰君安期货,381,1500,-1119,净空,85,-16
20260602,豆油,y2705,05,摩根大通期货,350,2943,-2593,净空,-20,0
20260602,豆油,y2705,05,永安期货,685,4530,-3845,净空,-194,1738
20260602,豆油,y2705,05,瑞银期货,0,0,0,持平,0,0
20260602,豆油,y2705,05,高盛期货,0,0,0,持平,0,0
20260603,豆油,y2609,09,一德期货,23703,13527,10176,净多,422,810
20260603,豆油,y2609,09,中信期货,39701,26341,13360,净多,-817,-1181
20260603,豆油,y2609,09,中粮期货,10235,196547,-186312,净空,728,1002
20260603,豆油,y2609,09,乾坤期货,0,0,0,持平,0,0
20260603,豆油,y2609,09,国泰君安期货,55932,19684,36248,净多,-1639,251
20260603,豆油,y2609,09,摩根大通期货,43592,16462,27130,净多,1461,462
20260603,豆油,y2609,09,永安期货,17875,9227,8648,净多,396,-1103
20260603,豆油,y2609,09,瑞银期货,10931,0,10931,净多,-151,0
20260603,豆油,y2609,09,高盛期货,41531,0,41531,净多,-1652,0
20260603,豆油,y2701,01,一德期货,11490,1408,10082,净多,-2222,-25
20260603,豆油,y2701,01,中信期货,7658,4076,3582,净多,717,-1304
20260603,豆油,y2701,01,中粮期货,6724,33915,-27191,净空,1113,1120
20260603,豆油,y2701,01,乾坤期货,0,0,0,持平,0,0
20260603,豆油,y2701,01,国泰君安期货,18386,8793,9593,净多,1058,1134
20260603,豆油,y2701,01,摩根大通期货,2790,5231,-2441,净空,1036,0
20260603,豆油,y2701,01,永安期货,13657,10010,3647,净多,1317,1145
20260603,豆油,y2701,01,瑞银期货,0,0,0,持平,0,0
20260603,豆油,y2701,01,高盛期货,0,0,0,持平,0,0
20260603,豆油,y2705,05,一德期货,667,0,667,净多,-5,0
20260603,豆油,y2705,05,中信期货,392,54,338,净多,8,-6
20260603,豆油,y2705,05,中粮期货,337,1950,-1613,净空,0,-45
20260603,豆油,y2705,05,乾坤期货,0,0,0,持平,0,0
20260603,豆油,y2705,05,国泰君安期货,506,1308,-802,净空,125,-192
20260603,豆油,y2705,05,摩根大通期货,370,2943,-2573,净空,20,0
20260603,豆油,y2705,05,永安期货,690,4539,-3849,净空,5,9
20260603,豆油,y2705,05,瑞银期货,0,0,0,持平,0,0
20260603,豆油,y2705,05,高盛期货,0,0,0,持平,0,0
20260604,豆油,y2609,09,一德期货,24617,13676,10941,净多,914,149
20260604,豆油,y2609,09,中信期货,38241,26981,11260,净多,-1460,640
20260604,豆油,y2609,09,中粮期货,11525,192827,-181302,净空,1290,-3720
20260604,豆油,y2609,09,乾坤期货,0,0,0,持平,0,0
20260604,豆油,y2609,09,国泰君安期货,54455,18965,35490,净多,-1477,-719
20260604,豆油,y2609,09,摩根大通期货,43389,17636,25753,净多,-203,1174
20260604,豆油,y2609,09,永安期货,17593,8951,8642,净多,-282,-276
20260604,豆油,y2609,09,瑞银期货,11142,0,11142,净多,211,0
20260604,豆油,y2609,09,高盛期货,38881,0,38881,净多,-2650,0
20260604,豆油,y2701,01,一德期货,11348,1400,9948,净多,-142,-8
20260604,豆油,y2701,01,中信期货,8513,4655,3858,净多,855,579
20260604,豆油,y2701,01,中粮期货,6661,36662,-30001,净空,-63,2747
20260604,豆油,y2701,01,乾坤期货,0,0,0,持平,0,0
20260604,豆油,y2701,01,国泰君安期货,18339,8647,9692,净多,-47,-146
20260604,豆油,y2701,01,摩根大通期货,2342,5321,-2979,净空,-448,90
20260604,豆油,y2701,01,永安期货,14195,11841,2354,净多,538,1831
20260604,豆油,y2701,01,瑞银期货,0,0,0,持平,0,0
20260604,豆油,y2701,01,高盛期货,0,0,0,持平,0,0
20260604,豆油,y2705,05,一德期货,690,0,690,净多,23,0
20260604,豆油,y2705,05,中信期货,463,9,454,净多,71,-45
20260604,豆油,y2705,05,中粮期货,461,1725,-1264,净空,124,-225
20260604,豆油,y2705,05,乾坤期货,0,0,0,持平,0,0
20260604,豆油,y2705,05,国泰君安期货,518,1020,-502,净空,12,-288
20260604,豆油,y2705,05,摩根大通期货,480,2191,-1711,净空,110,-752
20260604,豆油,y2705,05,永安期货,801,5807,-5006,净空,111,1268
20260604,豆油,y2705,05,瑞银期货,0,0,0,持平,0,0
20260604,豆油,y2705,05,高盛期货,0,0,0,持平,0,0
20260605,豆油,y2609,09,中粮期货,13495,189228,-175733,净空,1970,-3599
20260605,豆油,y2609,09,乾坤期货,0,0,0,持平,0,0
20260605,豆油,y2609,09,摩根大通期货,49363,15999,33364,净多,5974,-1637
20260605,豆油,y2609,09,瑞银期货,11311,0,11311,净多,169,0
20260605,豆油,y2701,01,一德期货,12117,1400,10717,净多,769,0
20260605,豆油,y2701,01,中信期货,8802,4338,4464,净多,289,-317
20260605,豆油,y2701,01,中粮期货,6675,39345,-32670,净空,14,2683
20260605,豆油,y2701,01,乾坤期货,0,0,0,持平,0,0
20260605,豆油,y2701,01,国泰君安期货,19133,8540,10593,净多,794,-107
20260605,豆油,y2701,01,摩根大通期货,0,6264,-6264,净空,0,943
20260605,豆油,y2701,01,永安期货,12978,11910,1068,净多,-1217,69
20260605,豆油,y2701,01,瑞银期货,0,0,0,持平,0,0
20260605,豆油,y2701,01,高盛期货,0,0,0,持平,0,0
20260605,豆油,y2705,05,一德期货,695,0,695,净多,5,0
20260605,豆油,y2705,05,中信期货,384,9,375,净多,-79,0
20260605,豆油,y2705,05,中粮期货,732,2313,-1581,净空,271,588
20260605,豆油,y2705,05,乾坤期货,0,0,0,持平,0,0
20260605,豆油,y2705,05,国泰君安期货,503,961,-458,净空,-15,-59
20260605,豆油,y2705,05,摩根大通期货,561,1851,-1290,净空,81,-340
20260605,豆油,y2705,05,永安期货,3431,5807,-2376,净空,2630,0
20260605,豆油,y2705,05,瑞银期货,0,0,0,持平,0,0
20260605,豆油,y2705,05,高盛期货,0,0,0,持平,0,0
20260608,豆油,y2609,09,中粮期货,15024,181325,-166301,净空,1529,-7903
20260608,豆油,y2609,09,乾坤期货,0,0,0,持平,0,0
20260608,豆油,y2609,09,摩根大通期货,48700,16454,32246,净多,-663,455
20260608,豆油,y2609,09,瑞银期货,11221,0,11221,净多,-90,0
20260608,豆油,y2701,01,中粮期货,6324,38841,-32517,净空,-351,-504
20260608,豆油,y2701,01,乾坤期货,0,0,0,持平,0,0
20260608,豆油,y2701,01,摩根大通期货,0,6267,-6267,净空,0,3
20260608,豆油,y2701,01,瑞银期货,0,0,0,持平,0,0
20260608,豆油,y2705,05,中粮期货,1102,2865,-1763,净空,370,552
20260608,豆油,y2705,05,乾坤期货,0,0,0,持平,0,0
20260608,豆油,y2705,05,摩根大通期货,631,2121,-1490,净空,70,270
20260608,豆油,y2705,05,瑞银期货,0,0,0,持平,0,0
20260609,豆油,y2609,09,中粮期货,18210,173099,-154889,净空,3186,-8226
20260609,豆油,y2609,09,乾坤期货,0,0,0,持平,0,0
20260609,豆油,y2609,09,摩根大通期货,42536,16570,25966,净多,-6164,116
20260609,豆油,y2609,09,瑞银期货,11393,0,11393,净多,172,0
20260609,豆油,y2701,01,中粮期货,6881,40226,-33345,净空,557,1385
20260609,豆油,y2701,01,乾坤期货,0,0,0,持平,0,0
20260609,豆油,y2701,01,摩根大通期货,0,6290,-6290,净空,0,23
20260609,豆油,y2701,01,瑞银期货,0,0,0,持平,0,0
20260609,豆油,y2705,05,中粮期货,1197,3760,-2563,净空,95,895
20260609,豆油,y2705,05,乾坤期货,0,0,0,持平,0,0
20260609,豆油,y2705,05,摩根大通期货,965,2945,-1980,净空,334,824
20260609,豆油,y2705,05,瑞银期货,0,0,0,持平,0,0
20260610,豆油,y2609,09,中粮期货,18616,169829,-151213,净空,406,-3270
20260610,豆油,y2609,09,乾坤期货,0,0,0,持平,0,0
20260610,豆油,y2609,09,摩根大通期货,41244,17235,24009,净多,-1292,665
20260610,豆油,y2609,09,瑞银期货,11002,0,11002,净多,-391,0
20260610,豆油,y2701,01,中粮期货,6580,41234,-34654,净空,-301,1008
20260610,豆油,y2701,01,乾坤期货,0,0,0,持平,0,0
20260610,豆油,y2701,01,摩根大通期货,0,6283,-6283,净空,0,-7
20260610,豆油,y2701,01,瑞银期货,0,0,0,持平,0,0
20260610,豆油,y2705,05,中粮期货,1192,4201,-3009,净空,-5,441
20260610,豆油,y2705,05,乾坤期货,0,0,0,持平,0,0
20260610,豆油,y2705,05,摩根大通期货,964,2945,-1981,净空,-1,0
20260610,豆油,y2705,05,瑞银期货,0,0,0,持平,0,0
20260611,豆油,y2609,09,中粮期货,18969,170744,-151775,净空,353,915
20260611,豆油,y2609,09,乾坤期货,0,0,0,持平,0,0
20260611,豆油,y2609,09,摩根大通期货,39555,16097,23458,净多,-1689,-1138
20260611,豆油,y2609,09,瑞银期货,11002,0,11002,净多,0,0
20260611,豆油,y2701,01,中粮期货,6532,44113,-37581,净空,-48,2879
20260611,豆油,y2701,01,乾坤期货,0,0,0,持平,0,0
20260611,豆油,y2701,01,摩根大通期货,0,8717,-8717,净空,0,2434
20260611,豆油,y2701,01,瑞银期货,0,0,0,持平,0,0
20260611,豆油,y2705,05,中粮期货,1208,5532,-4324,净空,16,1331
20260611,豆油,y2705,05,乾坤期货,0,0,0,持平,0,0
20260611,豆油,y2705,05,摩根大通期货,919,2945,-2026,净空,-45,0
20260611,豆油,y2705,05,瑞银期货,0,0,0,持平,0,0
20260612,豆油,y2609,09,中粮期货,20411,170361,-149950,净空,1442,-383
20260612,豆油,y2609,09,乾坤期货,0,0,0,持平,0,0
20260612,豆油,y2609,09,摩根大通期货,38579,16196,22383,净多,-976,99
20260612,豆油,y2609,09,瑞银期货,11225,0,11225,净多,223,0
20260612,豆油,y2701,01,中粮期货,7221,46544,-39323,净空,689,2431
20260612,豆油,y2701,01,乾坤期货,0,0,0,持平,0,0
20260612,豆油,y2701,01,摩根大通期货,2644,8738,-6094,净空,524,21
20260612,豆油,y2701,01,瑞银期货,0,0,0,持平,0,0
20260612,豆油,y2705,05,中粮期货,1258,6024,-4766,净空,50,492
20260612,豆油,y2705,05,乾坤期货,0,0,0,持平,0,0
20260612,豆油,y2705,05,摩根大通期货,919,2945,-2026,净空,0,0
20260612,豆油,y2705,05,瑞银期货,0,0,0,持平,0,0
20260615,豆油,y2609,09,中粮期货,19696,157257,-137561,净空,-715,-13104
20260615,豆油,y2609,09,乾坤期货,0,0,0,持平,0,0
20260615,豆油,y2609,09,摩根大通期货,37366,15556,21810,净多,-1213,-640
20260615,豆油,y2609,09,瑞银期货,12011,0,12011,净多,786,0
20260615,豆油,y2701,01,中粮期货,6755,54558,-47803,净空,-466,8014
20260615,豆油,y2701,01,乾坤期货,0,0,0,持平,0,0
20260615,豆油,y2701,01,摩根大通期货,2940,8616,-5676,净空,296,-122
20260615,豆油,y2701,01,瑞银期货,0,0,0,持平,0,0
20260615,豆油,y2705,05,中粮期货,1201,6243,-5042,净空,-57,219
20260615,豆油,y2705,05,乾坤期货,0,0,0,持平,0,0
20260615,豆油,y2705,05,摩根大通期货,969,3480,-2511,净空,50,535
20260615,豆油,y2705,05,瑞银期货,0,0,0,持平,0,0
20260616,豆油,y2609,09,中粮期货,18174,152807,-134633,净空,-1522,-4450
20260616,豆油,y2609,09,乾坤期货,0,0,0,持平,0,0
20260616,豆油,y2609,09,摩根大通期货,35265,15783,19482,净多,-2101,227
20260616,豆油,y2609,09,瑞银期货,12112,0,12112,净多,101,0
20260616,豆油,y2701,01,中粮期货,6267,55984,-49717,净空,-488,1426
20260616,豆油,y2701,01,乾坤期货,0,0,0,持平,0,0
20260616,豆油,y2701,01,摩根大通期货,3960,8431,-4471,净空,1020,-185
20260616,豆油,y2701,01,瑞银期货,0,0,0,持平,0,0
20260616,豆油,y2705,05,中粮期货,1640,8849,-7209,净空,439,2606
20260616,豆油,y2705,05,乾坤期货,0,0,0,持平,0,0
20260616,豆油,y2705,05,摩根大通期货,969,3480,-2511,净空,0,0
20260616,豆油,y2705,05,瑞银期货,0,0,0,持平,0,0
20260617,豆油,y2609,09,中粮期货,16927,150187,-133260,净空,-1247,-2620
20260617,豆油,y2609,09,乾坤期货,0,0,0,持平,0,0
20260617,豆油,y2609,09,摩根大通期货,36304,16562,19742,净多,1039,779
20260617,豆油,y2609,09,瑞银期货,12024,0,12024,净多,-88,0
20260617,豆油,y2701,01,中粮期货,5847,60581,-54734,净空,-420,4597
20260617,豆油,y2701,01,乾坤期货,0,0,0,持平,0,0
20260617,豆油,y2701,01,摩根大通期货,5097,8488,-3391,净空,1137,57
20260617,豆油,y2701,01,瑞银期货,0,0,0,持平,0,0
20260617,豆油,y2705,05,中粮期货,1414,8850,-7436,净空,-226,1
20260617,豆油,y2705,05,乾坤期货,0,0,0,持平,0,0
20260617,豆油,y2705,05,摩根大通期货,929,3480,-2551,净空,-40,0
20260617,豆油,y2705,05,瑞银期货,0,0,0,持平,0,0
20260618,豆油,y2609,09,中粮期货,16275,147432,-131157,净空,-652,-2755
20260618,豆油,y2609,09,乾坤期货,0,0,0,持平,0,0
20260618,豆油,y2609,09,摩根大通期货,36816,16465,20351,净多,512,-97
20260618,豆油,y2609,09,瑞银期货,11636,0,11636,净多,-388,0
20260618,豆油,y2701,01,中粮期货,5573,60990,-55417,净空,-274,409
20260618,豆油,y2701,01,乾坤期货,0,0,0,持平,0,0
20260618,豆油,y2701,01,摩根大通期货,5040,8373,-3333,净空,-57,-115
20260618,豆油,y2701,01,瑞银期货,0,0,0,持平,0,0
20260618,豆油,y2705,05,中粮期货,1465,8855,-7390,净空,51,5
20260618,豆油,y2705,05,乾坤期货,0,0,0,持平,0,0
20260618,豆油,y2705,05,摩根大通期货,955,3480,-2525,净空,26,0
20260618,豆油,y2705,05,瑞银期货,0,0,0,持平,0,0
20260622,豆油,y2609,09,中粮期货,15690,146619,-130929,净空,-585,-813
20260622,豆油,y2609,09,乾坤期货,0,0,0,持平,0,0
20260622,豆油,y2609,09,摩根大通期货,36865,16405,20460,净多,49,-60
20260622,豆油,y2609,09,瑞银期货,11699,0,11699,净多,63,0
20260622,豆油,y2701,01,中粮期货,4641,61843,-57202,净空,-932,853
20260622,豆油,y2701,01,乾坤期货,0,0,0,持平,0,0
20260622,豆油,y2701,01,摩根大通期货,5108,8354,-3246,净空,68,-19
20260622,豆油,y2701,01,瑞银期货,0,0,0,持平,0,0
20260622,豆油,y2705,05,中粮期货,1402,8855,-7453,净空,-63,0
20260622,豆油,y2705,05,乾坤期货,0,0,0,持平,0,0
20260622,豆油,y2705,05,摩根大通期货,955,3480,-2525,净空,0,0
20260622,豆油,y2705,05,瑞银期货,0,0,0,持平,0,0
20260623,豆油,y2609,09,中粮期货,15569,147197,-131628,净空,-121,578
20260623,豆油,y2609,09,乾坤期货,0,0,0,持平,0,0
20260623,豆油,y2609,09,摩根大通期货,46779,15798,30981,净多,9914,-607
20260623,豆油,y2609,09,瑞银期货,11289,0,11289,净多,-410,0
20260623,豆油,y2701,01,中粮期货,5180,64452,-59272,净空,539,2609
20260623,豆油,y2701,01,乾坤期货,0,0,0,持平,0,0
20260623,豆油,y2701,01,摩根大通期货,4408,8354,-3946,净空,-700,0
20260623,豆油,y2701,01,瑞银期货,0,0,0,持平,0,0
20260623,豆油,y2705,05,中粮期货,1473,8846,-7373,净空,71,-9
20260623,豆油,y2705,05,乾坤期货,0,0,0,持平,0,0
20260623,豆油,y2705,05,摩根大通期货,955,3480,-2525,净空,0,0
20260623,豆油,y2705,05,瑞银期货,0,0,0,持平,0,0
20260624,豆油,y2609,09,中粮期货,13533,147185,-133652,净空,-2036,-12
20260624,豆油,y2609,09,乾坤期货,0,0,0,持平,0,0
20260624,豆油,y2609,09,摩根大通期货,53529,15476,38053,净多,6750,-322
20260624,豆油,y2609,09,瑞银期货,11353,0,11353,净多,64,0
20260624,豆油,y2701,01,中粮期货,5200,64495,-59295,净空,20,43
20260624,豆油,y2701,01,乾坤期货,0,0,0,持平,0,0
20260624,豆油,y2701,01,摩根大通期货,4718,9289,-4571,净空,310,935
20260624,豆油,y2701,01,瑞银期货,0,0,0,持平,0,0
20260624,豆油,y2705,05,中粮期货,1470,9551,-8081,净空,-3,705
20260624,豆油,y2705,05,乾坤期货,0,0,0,持平,0,0
20260624,豆油,y2705,05,摩根大通期货,955,3480,-2525,净空,0,0
20260624,豆油,y2705,05,瑞银期货,0,0,0,持平,0,0
20260625,豆油,y2609,09,中粮期货,13881,129806,-115925,净空,348,-17379
20260625,豆油,y2609,09,乾坤期货,0,0,0,持平,0,0
20260625,豆油,y2609,09,摩根大通期货,55245,17837,37408,净多,1716,2361
20260625,豆油,y2609,09,瑞银期货,11201,0,11201,净多,-152,0
20260625,豆油,y2701,01,中粮期货,5568,75276,-69708,净空,368,10781
20260625,豆油,y2701,01,乾坤期货,0,0,0,持平,0,0
20260625,豆油,y2701,01,摩根大通期货,6289,9289,-3000,净空,1571,0
20260625,豆油,y2701,01,瑞银期货,0,0,0,持平,0,0
20260625,豆油,y2705,05,中粮期货,1955,9954,-7999,净空,485,403
20260625,豆油,y2705,05,乾坤期货,0,0,0,持平,0,0
20260625,豆油,y2705,05,摩根大通期货,1284,3485,-2201,净空,329,5
20260625,豆油,y2705,05,瑞银期货,0,0,0,持平,0,0
20260626,豆油,y2609,09,中粮期货,11132,128294,-117162,净空,-2749,-1512
20260626,豆油,y2609,09,乾坤期货,0,0,0,持平,0,0
20260626,豆油,y2609,09,摩根大通期货,56691,13930,42761,净多,1446,-3907
20260626,豆油,y2609,09,瑞银期货,10969,0,10969,净多,-232,0
20260626,豆油,y2701,01,中粮期货,5555,74494,-68939,净空,-13,-782
20260626,豆油,y2701,01,乾坤期货,0,0,0,持平,0,0
20260626,豆油,y2701,01,摩根大通期货,6530,11159,-4629,净空,241,1870
20260626,豆油,y2701,01,瑞银期货,0,0,0,持平,0,0
20260626,豆油,y2705,05,中粮期货,2005,10200,-8195,净空,50,246
20260626,豆油,y2705,05,乾坤期货,0,0,0,持平,0,0
20260626,豆油,y2705,05,摩根大通期货,1315,3485,-2170,净空,31,0
20260626,豆油,y2705,05,瑞银期货,0,0,0,持平,0,0
20260629,豆油,y2609,09,中粮期货,10193,123590,-113397,净空,-939,-4704
20260629,豆油,y2609,09,乾坤期货,0,0,0,持平,0,0
20260629,豆油,y2609,09,摩根大通期货,54008,14481,39527,净多,-2683,551
20260629,豆油,y2609,09,瑞银期货,11278,0,11278,净多,309,0
20260629,豆油,y2701,01,中粮期货,5286,75629,-70343,净空,-269,1135
20260629,豆油,y2701,01,乾坤期货,0,0,0,持平,0,0
20260629,豆油,y2701,01,摩根大通期货,8610,11159,-2549,净空,2080,0
20260629,豆油,y2701,01,瑞银期货,0,0,0,持平,0,0
20260629,豆油,y2705,05,中粮期货,1939,10250,-8311,净空,-66,50
20260629,豆油,y2705,05,乾坤期货,0,0,0,持平,0,0
20260629,豆油,y2705,05,摩根大通期货,1315,3485,-2170,净空,0,0
20260629,豆油,y2705,05,瑞银期货,0,0,0,持平,0,0
20260630,豆油,y2609,09,中粮期货,10261,123051,-112790,净空,68,-539
20260630,豆油,y2609,09,乾坤期货,0,0,0,持平,0,0
20260630,豆油,y2609,09,摩根大通期货,55733,13733,42000,净多,1725,-748
20260630,豆油,y2609,09,瑞银期货,11427,0,11427,净多,149,0
20260630,豆油,y2701,01,中粮期货,5706,82083,-76377,净空,420,6454
20260630,豆油,y2701,01,乾坤期货,0,0,0,持平,0,0
20260630,豆油,y2701,01,摩根大通期货,9061,13074,-4013,净空,451,1915
20260630,豆油,y2701,01,瑞银期货,0,0,0,持平,0,0
20260630,豆油,y2705,05,中粮期货,2110,11231,-9121,净空,171,981
20260630,豆油,y2705,05,乾坤期货,0,0,0,持平,0,0
20260630,豆油,y2705,05,摩根大通期货,1315,3485,-2170,净空,0,0
20260630,豆油,y2705,05,瑞银期货,0,0,0,持平,0,0
20260701,豆油,y2609,09,中粮期货,10403,118056,-107653,净空,142,-4995
20260701,豆油,y2609,09,乾坤期货,0,0,0,持平,0,0
20260701,豆油,y2609,09,摩根大通期货,51742,13883,37859,净多,-3991,150
20260701,豆油,y2609,09,瑞银期货,11110,0,11110,净多,-317,0
20260701,豆油,y2701,01,中粮期货,6050,89203,-83153,净空,344,7120
20260701,豆油,y2701,01,乾坤期货,0,0,0,持平,0,0
20260701,豆油,y2701,01,摩根大通期货,10598,13558,-2960,净空,1537,484
20260701,豆油,y2701,01,瑞银期货,0,0,0,持平,0,0
20260701,豆油,y2705,05,中粮期货,2494,14185,-11691,净空,384,2954
20260701,豆油,y2705,05,乾坤期货,0,0,0,持平,0,0
20260701,豆油,y2705,05,摩根大通期货,1375,3485,-2110,净空,60,0
20260701,豆油,y2705,05,瑞银期货,0,0,0,持平,0,0
20260702,豆油,y2609,09,中粮期货,9552,119533,-109981,净空,-851,1477
20260702,豆油,y2609,09,乾坤期货,0,0,0,持平,0,0
20260702,豆油,y2609,09,摩根大通期货,51539,14033,37506,净多,-203,150
20260702,豆油,y2609,09,瑞银期货,11063,0,11063,净多,-47,0
20260702,豆油,y2701,01,中粮期货,6449,89543,-83094,净空,399,340
20260702,豆油,y2701,01,乾坤期货,0,0,0,持平,0,0
20260702,豆油,y2701,01,摩根大通期货,9593,13558,-3965,净空,-1005,0
20260702,豆油,y2701,01,瑞银期货,0,0,0,持平,0,0
20260702,豆油,y2705,05,中粮期货,2337,14402,-12065,净空,-157,217
20260702,豆油,y2705,05,乾坤期货,0,0,0,持平,0,0
20260702,豆油,y2705,05,摩根大通期货,1375,3485,-2110,净空,0,0
20260702,豆油,y2705,05,瑞银期货,0,0,0,持平,0,0
20260703,豆油,y2609,09,中粮期货,10946,120591,-109645,净空,1394,1058
20260703,豆油,y2609,09,乾坤期货,0,0,0,持平,0,0
20260703,豆油,y2609,09,摩根大通期货,51819,16742,35077,净多,280,2709
20260703,豆油,y2609,09,瑞银期货,10890,0,10890,净多,-173,0
20260703,豆油,y2701,01,中粮期货,6595,88473,-81878,净空,146,-1070
20260703,豆油,y2701,01,乾坤期货,0,0,0,持平,0,0
20260703,豆油,y2701,01,摩根大通期货,10169,13552,-3383,净空,576,-6
20260703,豆油,y2701,01,瑞银期货,0,0,0,持平,0,0
20260703,豆油,y2705,05,中粮期货,2247,14932,-12685,净空,-90,530
20260703,豆油,y2705,05,乾坤期货,0,0,0,持平,0,0
20260703,豆油,y2705,05,摩根大通期货,1375,3485,-2110,净空,0,0
20260703,豆油,y2705,05,瑞银期货,0,0,0,持平,0,0
20260706,豆油,y2609,09,中粮期货,9176,123961,-114785,净空,-1770,3370
20260706,豆油,y2609,09,乾坤期货,0,0,0,持平,0,0
20260706,豆油,y2609,09,摩根大通期货,56763,17842,38921,净多,4944,1100
20260706,豆油,y2609,09,瑞银期货,10786,0,10786,净多,-104,0
20260706,豆油,y2701,01,中粮期货,6028,88874,-82846,净空,-567,401
20260706,豆油,y2701,01,乾坤期货,0,0,0,持平,0,0
20260706,豆油,y2701,01,摩根大通期货,9999,14474,-4475,净空,-170,922
20260706,豆油,y2701,01,瑞银期货,0,0,0,持平,0,0
20260706,豆油,y2705,05,中粮期货,2015,15134,-13119,净空,-232,202
20260706,豆油,y2705,05,乾坤期货,0,0,0,持平,0,0
20260706,豆油,y2705,05,摩根大通期货,1375,3565,-2190,净空,0,80
20260706,豆油,y2705,05,瑞银期货,0,0,0,持平,0,0
20260707,豆油,y2609,09,中粮期货,6671,125141,-118470,净空,-2505,1180
20260707,豆油,y2609,09,乾坤期货,0,0,0,持平,0,0
20260707,豆油,y2609,09,摩根大通期货,61487,17224,44263,净多,4724,-618
20260707,豆油,y2609,09,瑞银期货,10792,0,10792,净多,6,0
20260707,豆油,y2701,01,中粮期货,5938,91127,-85189,净空,-90,2253
20260707,豆油,y2701,01,乾坤期货,0,0,0,持平,0,0
20260707,豆油,y2701,01,摩根大通期货,11126,15382,-4256,净空,1127,908
20260707,豆油,y2701,01,瑞银期货,0,0,0,持平,0,0
20260707,豆油,y2705,05,中粮期货,1777,16492,-14715,净空,-238,1358
20260707,豆油,y2705,05,乾坤期货,0,0,0,持平,0,0
20260707,豆油,y2705,05,摩根大通期货,0,4058,-4058,净空,0,493
20260707,豆油,y2705,05,瑞银期货,0,0,0,持平,0,0
20260708,豆油,y2609,09,中粮期货,0,126389,-126389,净空,0,1248
20260708,豆油,y2609,09,乾坤期货,0,0,0,持平,0,0
20260708,豆油,y2609,09,摩根大通期货,66373,17779,48594,净多,4886,555
20260708,豆油,y2609,09,瑞银期货,11460,0,11460,净多,668,0
20260708,豆油,y2701,01,中粮期货,4755,91581,-86826,净空,-1183,454
20260708,豆油,y2701,01,乾坤期货,0,0,0,持平,0,0
20260708,豆油,y2701,01,摩根大通期货,13608,15610,-2002,净空,2482,228
20260708,豆油,y2701,01,瑞银期货,0,0,0,持平,0,0
20260708,豆油,y2705,05,中粮期货,2128,16492,-14364,净空,351,0
20260708,豆油,y2705,05,乾坤期货,0,0,0,持平,0,0
20260708,豆油,y2705,05,摩根大通期货,0,4058,-4058,净空,0,0
20260708,豆油,y2705,05,瑞银期货,0,0,0,持平,0,0
20260709,豆油,y2609,09,中粮期货,0,125018,-125018,净空,0,-1371
20260709,豆油,y2609,09,乾坤期货,0,0,0,持平,0,0
20260709,豆油,y2609,09,摩根大通期货,69131,17804,51327,净多,2758,25
20260709,豆油,y2609,09,瑞银期货,11376,0,11376,净多,-84,0
20260709,豆油,y2701,01,中粮期货,4812,92215,-87403,净空,57,634
20260709,豆油,y2701,01,乾坤期货,0,0,0,持平,0,0
20260709,豆油,y2701,01,摩根大通期货,15597,16362,-765,净空,1989,752
20260709,豆油,y2701,01,瑞银期货,0,0,0,持平,0,0
20260709,豆油,y2705,05,中粮期货,1802,16485,-14683,净空,-326,-7
20260709,豆油,y2705,05,乾坤期货,0,0,0,持平,0,0
20260709,豆油,y2705,05,摩根大通期货,0,4558,-4558,净空,0,500
20260709,豆油,y2705,05,瑞银期货,0,0,0,持平,0,0
20260710,豆油,y2609,09,中粮期货,0,122766,-122766,净空,0,-2252
20260710,豆油,y2609,09,乾坤期货,0,0,0,持平,0,0
20260710,豆油,y2609,09,摩根大通期货,66853,19504,47349,净多,-2278,1700
20260710,豆油,y2609,09,瑞银期货,11222,0,11222,净多,-154,0
20260710,豆油,y2701,01,中粮期货,5092,94647,-89555,净空,280,2432
20260710,豆油,y2701,01,乾坤期货,0,0,0,持平,0,0
20260710,豆油,y2701,01,摩根大通期货,16699,14018,2681,净多,1102,-2344
20260710,豆油,y2701,01,瑞银期货,0,0,0,持平,0,0
20260710,豆油,y2705,05,中粮期货,1886,17537,-15651,净空,84,1052
20260710,豆油,y2705,05,乾坤期货,0,0,0,持平,0,0
20260710,豆油,y2705,05,摩根大通期货,0,3958,-3958,净空,0,-600
20260710,豆油,y2705,05,瑞银期货,0,0,0,持平,0,0
20260713,豆油,y2609,09,中粮期货,6925,119853,-112928,净空,343,-2913
20260713,豆油,y2609,09,乾坤期货,0,0,0,持平,0,0
20260713,豆油,y2609,09,摩根大通期货,66654,18809,47845,净多,-199,-695
20260713,豆油,y2609,09,瑞银期货,11133,0,11133,净多,-89,0
20260713,豆油,y2701,01,中粮期货,5109,96362,-91253,净空,17,1715
20260713,豆油,y2701,01,乾坤期货,0,0,0,持平,0,0
20260713,豆油,y2701,01,摩根大通期货,16714,12850,3864,净多,15,-1168
20260713,豆油,y2701,01,瑞银期货,0,0,0,持平,0,0
20260713,豆油,y2705,05,中粮期货,1930,17538,-15608,净空,44,1
20260713,豆油,y2705,05,乾坤期货,0,0,0,持平,0,0
20260713,豆油,y2705,05,摩根大通期货,0,4228,-4228,净空,0,270
20260713,豆油,y2705,05,瑞银期货,0,0,0,持平,0,0
20260714,豆油,y2609,09,中粮期货,6613,118282,-111669,净空,-312,-1571
20260714,豆油,y2609,09,乾坤期货,0,0,0,持平,0,0
20260714,豆油,y2609,09,摩根大通期货,69068,17880,51188,净多,2414,-929
20260714,豆油,y2609,09,瑞银期货,11191,0,11191,净多,58,0
20260714,豆油,y2701,01,中粮期货,4126,97530,-93404,净空,-983,1168
20260714,豆油,y2701,01,乾坤期货,0,0,0,持平,0,0
20260714,豆油,y2701,01,摩根大通期货,17670,12214,5456,净多,956,-636
20260714,豆油,y2701,01,瑞银期货,0,0,0,持平,0,0
20260714,豆油,y2705,05,中粮期货,1940,17539,-15599,净空,10,1
20260714,豆油,y2705,05,乾坤期货,0,0,0,持平,0,0
20260714,豆油,y2705,05,摩根大通期货,0,4335,-4335,净空,0,107
20260714,豆油,y2705,05,瑞银期货,0,0,0,持平,0,0
20260715,豆油,y2609,09,中粮期货,6846,116814,-109968,净空,233,-1468
20260715,豆油,y2609,09,乾坤期货,0,0,0,持平,0,0
20260715,豆油,y2609,09,摩根大通期货,68167,18755,49412,净多,-901,875
20260715,豆油,y2609,09,瑞银期货,11208,0,11208,净多,17,0
20260715,豆油,y2701,01,中粮期货,4265,102595,-98330,净空,139,5065
20260715,豆油,y2701,01,乾坤期货,0,0,0,持平,0,0
20260715,豆油,y2701,01,摩根大通期货,18859,10227,8632,净多,1189,-1987
20260715,豆油,y2701,01,瑞银期货,0,0,0,持平,0,0
20260715,豆油,y2705,05,中粮期货,1959,17539,-15580,净空,19,0
20260715,豆油,y2705,05,乾坤期货,0,0,0,持平,0,0
20260715,豆油,y2705,05,摩根大通期货,0,4335,-4335,净空,0,0
20260715,豆油,y2705,05,瑞银期货,0,0,0,持平,0,0
20260716,豆油,y2609,09,一德期货,12634,17668,-5034,净空,-828,-1177
20260716,豆油,y2609,09,中信期货,33135,24871,8264,净多,-2855,-375
20260716,豆油,y2609,09,中粮期货,7147,114551,-107404,净空,301,-2263
20260716,豆油,y2609,09,乾坤期货,0,0,0,持平,0,0
20260716,豆油,y2609,09,国泰君安期货,50382,25425,24957,净多,-597,-1604
20260716,豆油,y2609,09,摩根大通期货,67191,18451,48740,净多,-976,-304
20260716,豆油,y2609,09,永安期货,10517,8415,2102,净多,-218,-235
20260716,豆油,y2609,09,瑞银期货,11199,0,11199,净多,-9,0
20260716,豆油,y2609,09,高盛期货,43563,0,43563,净多,-1556,0
20260716,豆油,y2701,01,一德期货,15911,2397,13514,净多,-1729,785
20260716,豆油,y2701,01,中信期货,27934,10573,17361,净多,-853,72
20260716,豆油,y2701,01,中粮期货,4315,102823,-98508,净空,50,228
20260716,豆油,y2701,01,乾坤期货,0,0,0,持平,0,0
20260716,豆油,y2701,01,国泰君安期货,40357,17109,23248,净多,-1210,-477
20260716,豆油,y2701,01,摩根大通期货,19356,10382,8974,净多,497,155
20260716,豆油,y2701,01,永安期货,12345,14595,-2250,净空,-97,-2723
20260716,豆油,y2701,01,瑞银期货,0,0,0,持平,0,0
20260716,豆油,y2701,01,高盛期货,11060,0,11060,净多,-271,0
20260716,豆油,y2705,05,一德期货,2255,0,2255,净多,341,0
20260716,豆油,y2705,05,中信期货,1086,1348,-262,净空,-8,-281
20260716,豆油,y2705,05,中粮期货,1974,17539,-15565,净空,15,0
20260716,豆油,y2705,05,乾坤期货,0,0,0,持平,0,0
20260716,豆油,y2705,05,国泰君安期货,1835,4154,-2319,净空,-534,46
20260716,豆油,y2705,05,摩根大通期货,0,4335,-4335,净空,0,0
20260716,豆油,y2705,05,永安期货,6282,9066,-2784,净空,15,894
20260716,豆油,y2705,05,瑞银期货,0,0,0,持平,0,0
20260716,豆油,y2705,05,高盛期货,0,0,0,持平,0,0
20260717,豆油,y2609,09,一德期货,12451,14636,-2185,净空,-183,-3032
20260717,豆油,y2609,09,中信期货,29361,24928,4433,净多,-3774,57
20260717,豆油,y2609,09,中粮期货,7990,111236,-103246,净空,843,-3315
20260717,豆油,y2609,09,乾坤期货,0,0,0,持平,0,0
20260717,豆油,y2609,09,国泰君安期货,48764,24000,24764,净多,-1618,-1425
20260717,豆油,y2609,09,摩根大通期货,65496,19395,46101,净多,-1695,944
20260717,豆油,y2609,09,永安期货,10079,7765,2314,净多,-438,-650
20260717,豆油,y2609,09,瑞银期货,11155,0,11155,净多,-44,0
20260717,豆油,y2609,09,高盛期货,39030,0,39030,净多,-4533,0
20260717,豆油,y2701,01,一德期货,13525,2457,11068,净多,-2386,60
20260717,豆油,y2701,01,中信期货,26245,10957,15288,净多,-1689,384
20260717,豆油,y2701,01,中粮期货,5827,103205,-97378,净空,1512,382
20260717,豆油,y2701,01,乾坤期货,0,0,0,持平,0,0
20260717,豆油,y2701,01,国泰君安期货,41365,17110,24255,净多,1008,1
20260717,豆油,y2701,01,摩根大通期货,19714,8509,11205,净多,358,-1873
20260717,豆油,y2701,01,永安期货,11702,11404,298,净多,-643,-3191
20260717,豆油,y2701,01,瑞银期货,0,0,0,持平,0,0
20260717,豆油,y2701,01,高盛期货,11115,0,11115,净多,55,0
20260717,豆油,y2705,05,一德期货,2726,0,2726,净多,471,0
20260717,豆油,y2705,05,中信期货,0,1360,-1360,净空,0,12
20260717,豆油,y2705,05,中粮期货,1749,17978,-16229,净空,-225,439
20260717,豆油,y2705,05,乾坤期货,0,0,0,持平,0,0
20260717,豆油,y2705,05,国泰君安期货,1667,4490,-2823,净空,-168,336
20260717,豆油,y2705,05,摩根大通期货,0,4935,-4935,净空,0,600
20260717,豆油,y2705,05,永安期货,6227,9026,-2799,净空,-55,-40
20260717,豆油,y2705,05,瑞银期货,0,0,0,持平,0,0
20260717,豆油,y2705,05,高盛期货,1275,0,1275,净多,613,0
20260720,豆油,y2609,09,一德期货,12228,16095,-3867,净空,-223,1459
20260720,豆油,y2609,09,中信期货,30468,23843,6625,净多,1107,-1085
20260720,豆油,y2609,09,中粮期货,6766,111354,-104588,净空,-1224,118
20260720,豆油,y2609,09,乾坤期货,0,0,0,持平,0,0
20260720,豆油,y2609,09,国泰君安期货,46506,22012,24494,净多,-2258,-1988
20260720,豆油,y2609,09,摩根大通期货,62622,19918,42704,净多,-2874,523
20260720,豆油,y2609,09,永安期货,9561,7370,2191,净多,-518,-395
20260720,豆油,y2609,09,瑞银期货,11159,0,11159,净多,4,0
20260720,豆油,y2609,09,高盛期货,36747,0,36747,净多,-2283,0
20260720,豆油,y2701,01,一德期货,13225,2441,10784,净多,-300,-16
20260720,豆油,y2701,01,中信期货,26451,10793,15658,净多,206,-164
20260720,豆油,y2701,01,中粮期货,5551,105741,-100190,净空,-276,2536
20260720,豆油,y2701,01,乾坤期货,0,0,0,持平,0,0
20260720,豆油,y2701,01,国泰君安期货,43279,16014,27265,净多,1914,-1096
20260720,豆油,y2701,01,摩根大通期货,19909,8509,11400,净多,195,0
20260720,豆油,y2701,01,永安期货,11765,9670,2095,净多,63,-1734
20260720,豆油,y2701,01,瑞银期货,0,0,0,持平,0,0
20260720,豆油,y2701,01,高盛期货,11167,0,11167,净多,52,0
20260720,豆油,y2705,05,一德期货,1997,0,1997,净多,-729,0
20260720,豆油,y2705,05,中信期货,0,1365,-1365,净空,0,5
20260720,豆油,y2705,05,中粮期货,1561,18279,-16718,净空,-188,301
20260720,豆油,y2705,05,乾坤期货,0,0,0,持平,0,0
20260720,豆油,y2705,05,国泰君安期货,1955,4427,-2472,净空,288,-63
20260720,豆油,y2705,05,摩根大通期货,0,4935,-4935,净空,0,0
20260720,豆油,y2705,05,永安期货,5843,9105,-3262,净空,-384,79
20260720,豆油,y2705,05,瑞银期货,0,0,0,持平,0,0
20260720,豆油,y2705,05,高盛期货,1890,0,1890,净多,615,0
20260721,豆油,y2609,09,一德期货,12113,16130,-4017,净空,-115,35
20260721,豆油,y2609,09,中信期货,25996,24157,1839,净多,-4472,314
20260721,豆油,y2609,09,中粮期货,7579,108343,-100764,净空,813,-3011
20260721,豆油,y2609,09,乾坤期货,0,0,0,持平,0,0
20260721,豆油,y2609,09,国泰君安期货,44367,20028,24339,净多,-2139,-1984
20260721,豆油,y2609,09,摩根大通期货,58385,21061,37324,净多,-4237,1143
20260721,豆油,y2609,09,永安期货,7830,6190,1640,净多,-1731,-1180
20260721,豆油,y2609,09,瑞银期货,10959,0,10959,净多,-200,0
20260721,豆油,y2609,09,高盛期货,33916,0,33916,净多,-2831,0
20260721,豆油,y2701,01,一德期货,12130,2641,9489,净多,-1095,200
20260721,豆油,y2701,01,中信期货,25464,11016,14448,净多,-987,223
20260721,豆油,y2701,01,中粮期货,6569,102768,-96199,净空,1018,-2973
20260721,豆油,y2701,01,乾坤期货,0,0,0,持平,0,0
20260721,豆油,y2701,01,国泰君安期货,44242,16334,27908,净多,963,320
20260721,豆油,y2701,01,摩根大通期货,21197,7509,13688,净多,1288,-1000
20260721,豆油,y2701,01,永安期货,12029,9669,2360,净多,264,-1
20260721,豆油,y2701,01,瑞银期货,0,0,0,持平,0,0
20260721,豆油,y2701,01,高盛期货,11184,0,11184,净多,17,0
20260721,豆油,y2705,05,一德期货,2037,0,2037,净多,40,0
20260721,豆油,y2705,05,中信期货,0,1367,-1367,净空,0,2
20260721,豆油,y2705,05,中粮期货,1467,18279,-16812,净空,-94,0
20260721,豆油,y2705,05,乾坤期货,0,0,0,持平,0,0
20260721,豆油,y2705,05,国泰君安期货,1627,4683,-3056,净空,-328,256
20260721,豆油,y2705,05,摩根大通期货,0,5935,-5935,净空,0,1000
20260721,豆油,y2705,05,永安期货,5580,9026,-3446,净空,-263,-79
20260721,豆油,y2705,05,瑞银期货,0,0,0,持平,0,0
20260721,豆油,y2705,05,高盛期货,2502,0,2502,净多,612,0
20260722,豆油,y2609,09,一德期货,12397,12719,-322,净空,284,-3411
20260722,豆油,y2609,09,中信期货,19406,27013,-7607,净空,-6590,2856
20260722,豆油,y2609,09,中粮期货,10327,99031,-88704,净空,2748,-9312
20260722,豆油,y2609,09,乾坤期货,0,0,0,持平,0,0
20260722,豆油,y2609,09,国泰君安期货,39104,19653,19451,净多,-5263,-375
20260722,豆油,y2609,09,摩根大通期货,45022,18691,26331,净多,-13363,-2370
20260722,豆油,y2609,09,永安期货,7166,7123,43,净多,-664,933
20260722,豆油,y2609,09,瑞银期货,10381,0,10381,净多,-578,0
20260722,豆油,y2609,09,高盛期货,24496,0,24496,净多,-9420,0
20260722,豆油,y2701,01,一德期货,14445,0,14445,净多,2315,0
20260722,豆油,y2701,01,中信期货,24225,11620,12605,净多,-1239,604
20260722,豆油,y2701,01,中粮期货,9406,105117,-95711,净空,2837,2349
20260722,豆油,y2701,01,乾坤期货,0,0,0,持平,0,0
20260722,豆油,y2701,01,国泰君安期货,47141,16839,30302,净多,2899,505
20260722,豆油,y2701,01,摩根大通期货,23021,7039,15982,净多,1824,-470
20260722,豆油,y2701,01,永安期货,12216,9737,2479,净多,187,68
20260722,豆油,y2701,01,瑞银期货,0,0,0,持平,0,0
20260722,豆油,y2701,01,高盛期货,11626,0,11626,净多,442,0
20260722,豆油,y2705,05,一德期货,1719,0,1719,净多,-318,0
20260722,豆油,y2705,05,中信期货,1608,1357,251,净多,293,-10
20260722,豆油,y2705,05,中粮期货,1872,18778,-16906,净空,405,499
20260722,豆油,y2705,05,乾坤期货,0,0,0,持平,0,0
20260722,豆油,y2705,05,国泰君安期货,2019,4553,-2534,净空,392,-130
20260722,豆油,y2705,05,摩根大通期货,0,7211,-7211,净空,0,1276
20260722,豆油,y2705,05,永安期货,5693,9022,-3329,净空,113,-4
20260722,豆油,y2705,05,瑞银期货,0,0,0,持平,0,0
20260722,豆油,y2705,05,高盛期货,3127,0,3127,净多,625,0
20260723,豆油,y2609,09,一德期货,12269,12051,218,净多,-128,-668
20260723,豆油,y2609,09,中信期货,14643,26596,-11953,净空,-4763,-417
20260723,豆油,y2609,09,中粮期货,7658,96767,-89109,净空,-2669,-2264
20260723,豆油,y2609,09,乾坤期货,0,0,0,持平,0,0
20260723,豆油,y2609,09,国泰君安期货,38110,15839,22271,净多,-994,-3814
20260723,豆油,y2609,09,摩根大通期货,38504,14807,23697,净多,-6518,-3884
20260723,豆油,y2609,09,永安期货,6781,6988,-207,净空,-385,-135
20260723,豆油,y2609,09,瑞银期货,10377,0,10377,净多,-4,0
20260723,豆油,y2609,09,高盛期货,24297,0,24297,净多,-199,0
20260723,豆油,y2701,01,一德期货,16258,0,16258,净多,1813,0
20260723,豆油,y2701,01,中信期货,23515,12040,11475,净多,-710,420
20260723,豆油,y2701,01,中粮期货,8776,106314,-97538,净空,-630,1197
20260723,豆油,y2701,01,乾坤期货,0,0,0,持平,0,0
20260723,豆油,y2701,01,国泰君安期货,46111,14649,31462,净多,-1030,-2190
20260723,豆油,y2701,01,摩根大通期货,22604,5814,16790,净多,-417,-1225
20260723,豆油,y2701,01,永安期货,12722,9254,3468,净多,506,-483
20260723,豆油,y2701,01,瑞银期货,0,0,0,持平,0,0
20260723,豆油,y2701,01,高盛期货,11917,0,11917,净多,291,0
20260723,豆油,y2705,05,一德期货,1718,2281,-563,净空,-1,2279
20260723,豆油,y2705,05,中信期货,2035,1352,683,净多,427,-5
20260723,豆油,y2705,05,中粮期货,2169,18836,-16667,净空,297,58
20260723,豆油,y2705,05,乾坤期货,0,0,0,持平,0,0
20260723,豆油,y2705,05,国泰君安期货,2377,6222,-3845,净空,358,1669
20260723,豆油,y2705,05,摩根大通期货,0,7650,-7650,净空,0,439
20260723,豆油,y2705,05,永安期货,5507,9182,-3675,净空,-186,160
20260723,豆油,y2705,05,瑞银期货,0,0,0,持平,0,0
20260723,豆油,y2705,05,高盛期货,3827,0,3827,净多,700,0
20260724,豆油,y2609,09,一德期货,12108,11768,340,净多,-161,-283
20260724,豆油,y2609,09,中信期货,14785,25023,-10238,净空,142,-1573
20260724,豆油,y2609,09,中粮期货,6603,98833,-92230,净空,-1055,2066
20260724,豆油,y2609,09,乾坤期货,0,0,0,持平,0,0
20260724,豆油,y2609,09,国泰君安期货,45387,15527,29860,净多,7277,-312
20260724,豆油,y2609,09,摩根大通期货,38220,14023,24197,净多,-284,-784
20260724,豆油,y2609,09,永安期货,7008,7194,-186,净空,227,206
20260724,豆油,y2609,09,瑞银期货,10484,0,10484,净多,107,0
20260724,豆油,y2609,09,高盛期货,27567,0,27567,净多,3270,0
20260724,豆油,y2701,01,一德期货,17360,0,17360,净多,1102,0
20260724,豆油,y2701,01,中信期货,23469,11123,12346,净多,-46,-917
20260724,豆油,y2701,01,中粮期货,8403,108234,-99831,净空,-373,1920
20260724,豆油,y2701,01,乾坤期货,0,0,0,持平,0,0
20260724,豆油,y2701,01,国泰君安期货,46117,14808,31309,净多,6,159
20260724,豆油,y2701,01,摩根大通期货,25339,8286,17053,净多,2735,2472
20260724,豆油,y2701,01,永安期货,14082,8525,5557,净多,1360,-729
20260724,豆油,y2701,01,瑞银期货,0,0,0,持平,0,0
20260724,豆油,y2701,01,高盛期货,12259,0,12259,净多,342,0
20260724,豆油,y2705,05,一德期货,1674,2962,-1288,净空,-44,681
20260724,豆油,y2705,05,中信期货,2520,1326,1194,净多,485,-26
20260724,豆油,y2705,05,中粮期货,2713,18842,-16129,净空,544,6
20260724,豆油,y2705,05,乾坤期货,0,0,0,持平,0,0
20260724,豆油,y2705,05,国泰君安期货,2744,6236,-3492,净空,367,14
20260724,豆油,y2705,05,摩根大通期货,0,7650,-7650,净空,0,0
20260724,豆油,y2705,05,永安期货,5625,9183,-3558,净空,118,1
20260724,豆油,y2705,05,瑞银期货,0,0,0,持平,0,0
20260724,豆油,y2705,05,高盛期货,3863,0,3863,净多,36,0
20260727,豆油,y2609,09,一德期货,12249,10481,1768,净多,141,-1287
20260727,豆油,y2609,09,中信期货,13101,23056,-9955,净空,-1684,-1967
20260727,豆油,y2609,09,中粮期货,9330,89996,-80666,净空,2727,-8837
20260727,豆油,y2609,09,乾坤期货,0,0,0,持平,0,0
20260727,豆油,y2609,09,国泰君安期货,43254,13410,29844,净多,-2133,-2117
20260727,豆油,y2609,09,摩根大通期货,29979,17345,12634,净多,-8241,3322
20260727,豆油,y2609,09,永安期货,7033,7031,2,净多,25,-163
20260727,豆油,y2609,09,瑞银期货,10488,0,10488,净多,4,0
20260727,豆油,y2609,09,高盛期货,25178,4478,20700,净多,-2389,2104
20260727,豆油,y2701,01,一德期货,14189,0,14189,净多,-3171,0
20260727,豆油,y2701,01,中信期货,23550,11180,12370,净多,81,57
20260727,豆油,y2701,01,中粮期货,10862,111897,-101035,净空,2459,3663
20260727,豆油,y2701,01,乾坤期货,0,0,0,持平,0,0
20260727,豆油,y2701,01,国泰君安期货,41142,15996,25146,净多,-4975,1188
20260727,豆油,y2701,01,摩根大通期货,25314,6626,18688,净多,-25,-1660
20260727,豆油,y2701,01,永安期货,15296,8773,6523,净多,1214,248
20260727,豆油,y2701,01,瑞银期货,0,0,0,持平,0,0
20260727,豆油,y2701,01,高盛期货,11969,0,11969,净多,-290,0
20260727,豆油,y2705,05,一德期货,0,3567,-3567,净空,0,605
20260727,豆油,y2705,05,中信期货,2514,1332,1182,净多,-6,6
20260727,豆油,y2705,05,中粮期货,2687,18841,-16154,净空,-26,-1
20260727,豆油,y2705,05,乾坤期货,0,0,0,持平,0,0
20260727,豆油,y2705,05,国泰君安期货,3613,6037,-2424,净空,869,-199
20260727,豆油,y2705,05,摩根大通期货,0,7595,-7595,净空,0,-55
20260727,豆油,y2705,05,永安期货,5463,9022,-3559,净空,-162,-161
20260727,豆油,y2705,05,瑞银期货,0,0,0,持平,0,0
20260727,豆油,y2705,05,高盛期货,3886,0,3886,净多,23,0
20260728,豆油,y2609,09,一德期货,12566,6633,5933,净多,317,-3848
20260728,豆油,y2609,09,中信期货,9839,24183,-14344,净空,-3262,1127
20260728,豆油,y2609,09,中粮期货,14058,82666,-68608,净空,4728,-7330
20260728,豆油,y2609,09,乾坤期货,0,0,0,持平,0,0
20260728,豆油,y2609,09,国泰君安期货,39006,16961,22045,净多,-4248,3551
20260728,豆油,y2609,09,摩根大通期货,26764,16773,9991,净多,-3215,-572
20260728,豆油,y2609,09,永安期货,7510,7896,-386,净空,477,865
20260728,豆油,y2609,09,瑞银期货,9251,0,9251,净多,-1237,0
20260728,豆油,y2609,09,高盛期货,20870,10655,10215,净多,-4308,6177
20260728,豆油,y2701,01,一德期货,12174,0,12174,净多,-2015,0
20260728,豆油,y2701,01,中信期货,24319,12812,11507,净多,769,1632
20260728,豆油,y2701,01,中粮期货,12803,111575,-98772,净空,1941,-322
20260728,豆油,y2701,01,乾坤期货,0,0,0,持平,0,0
20260728,豆油,y2701,01,国泰君安期货,42476,16420,26056,净多,1334,424
20260728,豆油,y2701,01,摩根大通期货,26454,5523,20931,净多,1140,-1103
20260728,豆油,y2701,01,永安期货,15430,8552,6878,净多,134,-221
20260728,豆油,y2701,01,瑞银期货,0,0,0,持平,0,0
20260728,豆油,y2701,01,高盛期货,12528,0,12528,净多,559,0
20260728,豆油,y2705,05,一德期货,0,5011,-5011,净空,0,1444
20260728,豆油,y2705,05,中信期货,2514,1337,1177,净多,0,5
20260728,豆油,y2705,05,中粮期货,2779,18839,-16060,净空,92,-2
20260728,豆油,y2705,05,乾坤期货,0,0,0,持平,0,0
20260728,豆油,y2705,05,国泰君安期货,5016,7953,-2937,净空,1403,1916
20260728,豆油,y2705,05,摩根大通期货,0,7341,-7341,净空,0,-254
20260728,豆油,y2705,05,永安期货,5538,9827,-4289,净空,75,805
20260728,豆油,y2705,05,瑞银期货,0,0,0,持平,0,0
20260728,豆油,y2705,05,高盛期货,3934,0,3934,净多,48,0
20260729,豆油,y2609,09,一德期货,11847,4538,7309,净多,-719,-2095
20260729,豆油,y2609,09,中信期货,8534,25291,-16757,净空,-1305,1108
20260729,豆油,y2609,09,中粮期货,16278,76800,-60522,净空,2220,-5866
20260729,豆油,y2609,09,乾坤期货,0,0,0,持平,0,0
20260729,豆油,y2609,09,国泰君安期货,37290,14707,22583,净多,-1716,-2254
20260729,豆油,y2609,09,摩根大通期货,21769,15784,5985,净多,-4995,-989
20260729,豆油,y2609,09,永安期货,8125,7540,585,净多,615,-356
20260729,豆油,y2609,09,瑞银期货,7714,0,7714,净多,-1537,0
20260729,豆油,y2609,09,高盛期货,15103,13385,1718,净多,-5767,2730
20260729,豆油,y2701,01,一德期货,13369,0,13369,净多,1195,0
20260729,豆油,y2701,01,中信期货,23479,14663,8816,净多,-840,1851
20260729,豆油,y2701,01,中粮期货,13385,107434,-94049,净空,582,-4141
20260729,豆油,y2701,01,乾坤期货,0,0,0,持平,0,0
20260729,豆油,y2701,01,国泰君安期货,44809,17324,27485,净多,2333,904
20260729,豆油,y2701,01,摩根大通期货,25846,7759,18087,净多,-608,2236
20260729,豆油,y2701,01,永安期货,11035,7670,3365,净多,-4395,-882
20260729,豆油,y2701,01,瑞银期货,0,0,0,持平,0,0
20260729,豆油,y2701,01,高盛期货,13774,0,13774,净多,1246,0
20260729,豆油,y2705,05,一德期货,0,5285,-5285,净空,0,274
20260729,豆油,y2705,05,中信期货,3457,1342,2115,净多,943,5
20260729,豆油,y2705,05,中粮期货,2780,25662,-22882,净空,1,6823
20260729,豆油,y2705,05,乾坤期货,0,0,0,持平,0,0
20260729,豆油,y2705,05,国泰君安期货,5822,7376,-1554,净空,806,-577
20260729,豆油,y2705,05,摩根大通期货,0,7341,-7341,净空,0,0
20260729,豆油,y2705,05,永安期货,9942,10927,-985,净空,4404,1100
20260729,豆油,y2705,05,瑞银期货,0,0,0,持平,0,0
20260729,豆油,y2705,05,高盛期货,3994,0,3994,净多,60,0
20260730,豆油,y2609,09,一德期货,11289,4130,7159,净多,-558,-408
20260730,豆油,y2609,09,中信期货,7517,26670,-19153,净空,-1017,1379
20260730,豆油,y2609,09,中粮期货,15302,71443,-56141,净空,-976,-5357
20260730,豆油,y2609,09,乾坤期货,0,0,0,持平,0,0
20260730,豆油,y2609,09,国泰君安期货,33469,14632,18837,净多,-3821,-75
20260730,豆油,y2609,09,摩根大通期货,19175,12857,6318,净多,-2594,-2927
20260730,豆油,y2609,09,永安期货,9449,7046,2403,净多,1324,-494
20260730,豆油,y2609,09,瑞银期货,6773,0,6773,净多,-941,0
20260730,豆油,y2609,09,高盛期货,11919,18886,-6967,净空,-3184,5501
20260730,豆油,y2701,01,一德期货,14164,0,14164,净多,795,0
20260730,豆油,y2701,01,中信期货,23628,15559,8069,净多,149,896
20260730,豆油,y2701,01,中粮期货,14831,107878,-93047,净空,1446,444
20260730,豆油,y2701,01,乾坤期货,0,0,0,持平,0,0
20260730,豆油,y2701,01,国泰君安期货,44097,17766,26331,净多,-712,442
20260730,豆油,y2701,01,摩根大通期货,25489,10412,15077,净多,-357,2653
20260730,豆油,y2701,01,永安期货,12470,8796,3674,净多,1435,1126
20260730,豆油,y2701,01,瑞银期货,0,0,0,持平,0,0
20260730,豆油,y2701,01,高盛期货,13578,4582,8996,净多,-196,1831
20260730,豆油,y2705,05,一德期货,0,5911,-5911,净空,0,626
20260730,豆油,y2705,05,中信期货,3504,1339,2165,净多,47,-3
20260730,豆油,y2705,05,中粮期货,3133,27104,-23971,净空,353,1442
20260730,豆油,y2705,05,乾坤期货,0,0,0,持平,0,0
20260730,豆油,y2705,05,国泰君安期货,5715,7331,-1616,净空,-107,-45
20260730,豆油,y2705,05,摩根大通期货,0,7791,-7791,净空,0,450
20260730,豆油,y2705,05,永安期货,10046,11098,-1052,净空,104,171
20260730,豆油,y2705,05,瑞银期货,0,0,0,持平,0,0
20260730,豆油,y2705,05,高盛期货,4100,0,4100,净多,106,0
20260731,豆油,y2609,09,一德期货,11506,3778,7728,净多,217,-352
20260731,豆油,y2609,09,中信期货,5954,25668,-19714,净空,-1563,-1002
20260731,豆油,y2609,09,中粮期货,13209,66457,-53248,净空,-2093,-4986
20260731,豆油,y2609,09,乾坤期货,0,0,0,持平,0,0
20260731,豆油,y2609,09,国泰君安期货,29792,13626,16166,净多,-3677,-1006
20260731,豆油,y2609,09,摩根大通期货,17609,10929,6680,净多,-1566,-1928
20260731,豆油,y2609,09,永安期货,8177,7855,322,净多,-1272,809
20260731,豆油,y2609,09,瑞银期货,7001,0,7001,净多,228,0
20260731,豆油,y2609,09,高盛期货,10443,14365,-3922,净空,-1476,-4521
20260731,豆油,y2701,01,一德期货,14679,0,14679,净多,515,0
20260731,豆油,y2701,01,中信期货,25419,18846,6573,净多,1791,3287
20260731,豆油,y2701,01,中粮期货,15048,108742,-93694,净空,217,864
20260731,豆油,y2701,01,乾坤期货,0,0,0,持平,0,0
20260731,豆油,y2701,01,国泰君安期货,45001,19072,25929,净多,904,1306
20260731,豆油,y2701,01,摩根大通期货,23654,11223,12431,净多,-1835,811
20260731,豆油,y2701,01,永安期货,15544,8602,6942,净多,3074,-194
20260731,豆油,y2701,01,瑞银期货,0,0,0,持平,0,0
20260731,豆油,y2701,01,高盛期货,13617,7999,5618,净多,39,3417
20260731,豆油,y2705,05,一德期货,0,6021,-6021,净空,0,110
20260731,豆油,y2705,05,中信期货,3664,2557,1107,净多,160,1218
20260731,豆油,y2705,05,中粮期货,3187,26954,-23767,净空,54,-150
20260731,豆油,y2705,05,乾坤期货,0,0,0,持平,0,0
20260731,豆油,y2705,05,国泰君安期货,5826,7357,-1531,净空,111,26
20260731,豆油,y2705,05,摩根大通期货,0,7782,-7782,净空,0,-9
20260731,豆油,y2705,05,永安期货,10121,11597,-1476,净空,75,499
20260731,豆油,y2705,05,瑞银期货,0,0,0,持平,0,0
20260731,豆油,y2705,05,高盛期货,4165,446,3719,净多,65,419
20260803,豆油,y2609,09,一德期货,7615,4170,3445,净多,-3891,392
20260803,豆油,y2609,09,中信期货,4973,13523,-8550,净空,-981,-12145
20260803,豆油,y2609,09,中粮期货,11800,63659,-51859,净空,-1409,-2798
20260803,豆油,y2609,09,乾坤期货,0,0,0,持平,0,0
20260803,豆油,y2609,09,国泰君安期货,23848,13606,10242,净多,-5944,-20
20260803,豆油,y2609,09,摩根大通期货,16855,7569,9286,净多,-754,-3360
20260803,豆油,y2609,09,永安期货,7782,7891,-109,净空,-395,36
20260803,豆油,y2609,09,瑞银期货,6881,0,6881,净多,-120,0
20260803,豆油,y2609,09,高盛期货,10192,10053,139,净多,-251,-4312
20260803,豆油,y2701,01,一德期货,19774,0,19774,净多,5095,0
20260803,豆油,y2701,01,中信期货,25328,27701,-2373,净空,-91,8855
20260803,豆油,y2701,01,中粮期货,16026,111507,-95481,净空,978,2765
20260803,豆油,y2701,01,乾坤期货,0,0,0,持平,0,0
20260803,豆油,y2701,01,国泰君安期货,45562,19995,25567,净多,561,923
20260803,豆油,y2701,01,摩根大通期货,22109,14466,7643,净多,-1545,3243
20260803,豆油,y2701,01,永安期货,16543,8499,8044,净多,999,-103
20260803,豆油,y2701,01,瑞银期货,0,0,0,持平,0,0
20260803,豆油,y2701,01,高盛期货,13565,8719,4846,净多,-52,720
20260803,豆油,y2705,05,一德期货,0,6910,-6910,净空,0,889
20260803,豆油,y2705,05,中信期货,3710,2600,1110,净多,46,43
20260803,豆油,y2705,05,中粮期货,3284,27954,-24670,净空,97,1000
20260803,豆油,y2705,05,乾坤期货,0,0,0,持平,0,0
20260803,豆油,y2705,05,国泰君安期货,5816,7379,-1563,净空,-10,22
20260803,豆油,y2705,05,摩根大通期货,0,7408,-7408,净空,0,-374
20260803,豆油,y2705,05,永安期货,10209,11404,-1195,净空,88,-193
20260803,豆油,y2705,05,瑞银期货,0,0,0,持平,0,0
20260803,豆油,y2705,05,高盛期货,4216,467,3749,净多,51,21
20260804,豆油,y2609,09,一德期货,7170,3766,3404,净多,-445,-404
20260804,豆油,y2609,09,中信期货,5183,11842,-6659,净空,210,-1681
20260804,豆油,y2609,09,中粮期货,10122,61047,-50925,净空,-1678,-2612
20260804,豆油,y2609,09,乾坤期货,0,0,0,持平,0,0
20260804,豆油,y2609,09,国泰君安期货,21761,11460,10301,净多,-2087,-2146
20260804,豆油,y2609,09,摩根大通期货,13218,5824,7394,净多,-3637,-1745
20260804,豆油,y2609,09,永安期货,6775,6074,701,净多,-1007,-1817
20260804,豆油,y2609,09,瑞银期货,6881,0,6881,净多,0,0
20260804,豆油,y2609,09,高盛期货,12318,6460,5858,净多,2126,-3593
20260804,豆油,y2701,01,一德期货,19729,0,19729,净多,-45,0
20260804,豆油,y2701,01,中信期货,25929,27173,-1244,净空,601,-528
20260804,豆油,y2701,01,中粮期货,15058,112431,-97373,净空,-968,924
20260804,豆油,y2701,01,乾坤期货,0,0,0,持平,0,0
20260804,豆油,y2701,01,国泰君安期货,45346,19848,25498,净多,-216,-147
20260804,豆油,y2701,01,摩根大通期货,27608,15055,12553,净多,5499,589
20260804,豆油,y2701,01,永安期货,16576,8125,8451,净多,33,-374
20260804,豆油,y2701,01,瑞银期货,0,0,0,持平,0,0
20260804,豆油,y2701,01,高盛期货,14034,10324,3710,净多,469,1605
20260804,豆油,y2705,05,一德期货,0,8323,-8323,净空,0,1413
20260804,豆油,y2705,05,中信期货,3680,1386,2294,净多,-30,-1214
20260804,豆油,y2705,05,中粮期货,3444,28949,-25505,净空,160,995
20260804,豆油,y2705,05,乾坤期货,0,0,0,持平,0,0
20260804,豆油,y2705,05,国泰君安期货,5943,6523,-580,净空,127,-856
20260804,豆油,y2705,05,摩根大通期货,0,7048,-7048,净空,0,-360
20260804,豆油,y2705,05,永安期货,10211,11665,-1454,净空,2,261
20260804,豆油,y2705,05,瑞银期货,0,0,0,持平,0,0
20260804,豆油,y2705,05,高盛期货,4274,0,4274,净多,58,0
20260805,豆油,y2609,09,一德期货,7168,3738,3430,净多,-2,-28
20260805,豆油,y2609,09,中信期货,0,11628,-11628,净空,0,-214
20260805,豆油,y2609,09,中粮期货,10305,58484,-48179,净空,183,-2563
20260805,豆油,y2609,09,乾坤期货,0,0,0,持平,0,0
20260805,豆油,y2609,09,国泰君安期货,18447,10345,8102,净多,-3314,-1115
20260805,豆油,y2609,09,摩根大通期货,9337,4273,5064,净多,-3881,-1551
20260805,豆油,y2609,09,永安期货,6142,5791,351,净多,-633,-283
20260805,豆油,y2609,09,瑞银期货,0,0,0,持平,0,0
20260805,豆油,y2609,09,高盛期货,11676,4846,6830,净多,-642,-1614
20260805,豆油,y2701,01,一德期货,20634,0,20634,净多,905,0
20260805,豆油,y2701,01,中信期货,26689,30644,-3955,净空,760,3471
20260805,豆油,y2701,01,中粮期货,16536,116302,-99766,净空,1478,3871
20260805,豆油,y2701,01,乾坤期货,0,0,0,持平,0,0
20260805,豆油,y2701,01,国泰君安期货,46850,21727,25123,净多,1504,1879
20260805,豆油,y2701,01,摩根大通期货,29980,17879,12101,净多,2372,2824
20260805,豆油,y2701,01,永安期货,17559,9408,8151,净多,983,1283
20260805,豆油,y2701,01,瑞银期货,8322,0,8322,净多,5103,0
20260805,豆油,y2701,01,高盛期货,14686,13983,703,净多,652,3659
20260805,豆油,y2705,05,一德期货,0,8146,-8146,净空,0,-177
20260805,豆油,y2705,05,中信期货,3677,1389,2288,净多,-3,3
20260805,豆油,y2705,05,中粮期货,3483,33762,-30279,净空,39,4813
20260805,豆油,y2705,05,乾坤期货,0,0,0,持平,0,0
20260805,豆油,y2705,05,国泰君安期货,5909,6076,-167,净空,-34,-447
20260805,豆油,y2705,05,摩根大通期货,0,7048,-7048,净空,0,0
20260805,豆油,y2705,05,永安期货,10014,11666,-1652,净空,-197,1
20260805,豆油,y2705,05,瑞银期货,0,0,0,持平,0,0
20260805,豆油,y2705,05,高盛期货,4256,0,4256,净多,-18,0
20260806,豆油,y2609,09,一德期货,6590,4238,2352,净多,-578,500
20260806,豆油,y2609,09,中信期货,0,10342,-10342,净空,0,-1286
20260806,豆油,y2609,09,中粮期货,10505,54933,-44428,净空,200,-3551
20260806,豆油,y2609,09,乾坤期货,0,0,0,持平,0,0
20260806,豆油,y2609,09,国泰君安期货,17301,9580,7721,净多,-1146,-765
20260806,豆油,y2609,09,摩根大通期货,8643,3254,5389,净多,-694,-1019
20260806,豆油,y2609,09,永安期货,6085,6523,-438,净空,-57,732
20260806,豆油,y2609,09,瑞银期货,0,0,0,持平,0,0
20260806,豆油,y2609,09,高盛期货,10949,3693,7256,净多,-727,-1153
20260806,豆油,y2701,01,一德期货,21341,0,21341,净多,707,0
20260806,豆油,y2701,01,中信期货,27208,34987,-7779,净空,519,4343
20260806,豆油,y2701,01,中粮期货,17261,116500,-99239,净空,725,198
20260806,豆油,y2701,01,乾坤期货,0,0,0,持平,0,0
20260806,豆油,y2701,01,国泰君安期货,48658,23922,24736,净多,1808,2195
20260806,豆油,y2701,01,摩根大通期货,27343,19629,7714,净多,-2637,1750
20260806,豆油,y2701,01,永安期货,17790,9803,7987,净多,231,395
20260806,豆油,y2701,01,瑞银期货,8315,0,8315,净多,-7,0
20260806,豆油,y2701,01,高盛期货,15735,13894,1841,净多,1049,-89
20260806,豆油,y2705,05,一德期货,0,8343,-8343,净空,0,197
20260806,豆油,y2705,05,中信期货,3813,1555,2258,净多,136,166
20260806,豆油,y2705,05,中粮期货,3687,37581,-33894,净空,204,3819
20260806,豆油,y2705,05,乾坤期货,0,0,0,持平,0,0
20260806,豆油,y2705,05,国泰君安期货,5717,5816,-99,净空,-192,-260
20260806,豆油,y2705,05,摩根大通期货,0,8025,-8025,净空,0,977
20260806,豆油,y2705,05,永安期货,10058,12885,-2827,净空,44,1219
20260806,豆油,y2705,05,瑞银期货,0,0,0,持平,0,0
20260806,豆油,y2705,05,高盛期货,4623,0,4623,净多,367,0
20260807,豆油,y2609,09,一德期货,6785,4747,2038,净多,195,509
20260807,豆油,y2609,09,中信期货,0,9143,-9143,净空,0,-1199
20260807,豆油,y2609,09,中粮期货,9956,53648,-43692,净空,-549,-1285
20260807,豆油,y2609,09,乾坤期货,0,0,0,持平,0,0
20260807,豆油,y2609,09,国泰君安期货,16422,9182,7240,净多,-879,-398
20260807,豆油,y2609,09,摩根大通期货,8718,3143,5575,净多,75,-111
20260807,豆油,y2609,09,永安期货,6080,6278,-198,净空,-5,-245
20260807,豆油,y2609,09,瑞银期货,0,0,0,持平,0,0
20260807,豆油,y2609,09,高盛期货,10367,3087,7280,净多,-582,-606
20260807,豆油,y2701,01,一德期货,25479,0,25479,净多,4138,0
20260807,豆油,y2701,01,中信期货,27260,34525,-7265,净空,52,-462
20260807,豆油,y2701,01,中粮期货,15002,120375,-105373,净空,-2259,3875
20260807,豆油,y2701,01,乾坤期货,0,0,0,持平,0,0
20260807,豆油,y2701,01,国泰君安期货,47420,23952,23468,净多,-1238,30
20260807,豆油,y2701,01,摩根大通期货,26927,20777,6150,净多,-416,1148
20260807,豆油,y2701,01,永安期货,18342,10945,7397,净多,552,1142
20260807,豆油,y2701,01,瑞银期货,8395,0,8395,净多,80,0
20260807,豆油,y2701,01,高盛期货,16268,14224,2044,净多,533,330
20260807,豆油,y2705,05,一德期货,0,8343,-8343,净空,0,0
20260807,豆油,y2705,05,中信期货,4222,1790,2432,净多,409,235
20260807,豆油,y2705,05,中粮期货,4204,37587,-33383,净空,517,6
20260807,豆油,y2705,05,乾坤期货,0,0,0,持平,0,0
20260807,豆油,y2705,05,国泰君安期货,5505,5977,-472,净空,-212,161
20260807,豆油,y2705,05,摩根大通期货,0,8046,-8046,净空,0,21
20260807,豆油,y2705,05,永安期货,9980,11886,-1906,净空,-78,-999
20260807,豆油,y2705,05,瑞银期货,0,0,0,持平,0,0
20260807,豆油,y2705,05,高盛期货,4699,0,4699,净多,76,0
20260810,豆油,y2609,09,一德期货,7111,4586,2525,净多,326,-161
20260810,豆油,y2609,09,中信期货,0,6785,-6785,净空,0,-2358
20260810,豆油,y2609,09,中粮期货,9248,50630,-41382,净空,-708,-3018
20260810,豆油,y2609,09,乾坤期货,0,0,0,持平,0,0
20260810,豆油,y2609,09,国泰君安期货,14881,8855,6026,净多,-1541,-327
20260810,豆油,y2609,09,摩根大通期货,8446,3140,5306,净多,-272,-3
20260810,豆油,y2609,09,永安期货,5760,5537,223,净多,-320,-741
20260810,豆油,y2609,09,瑞银期货,0,0,0,持平,0,0
20260810,豆油,y2609,09,高盛期货,9400,2587,6813,净多,-967,-500
20260810,豆油,y2701,01,一德期货,26363,0,26363,净多,884,0
20260810,豆油,y2701,01,中信期货,27537,36671,-9134,净空,277,2146
20260810,豆油,y2701,01,中粮期货,15199,125633,-110434,净空,197,5258
20260810,豆油,y2701,01,乾坤期货,0,0,0,持平,0,0
20260810,豆油,y2701,01,国泰君安期货,50266,23656,26610,净多,2846,-296
20260810,豆油,y2701,01,摩根大通期货,27847,20194,7653,净多,920,-583
20260810,豆油,y2701,01,永安期货,18594,11417,7177,净多,252,472
20260810,豆油,y2701,01,瑞银期货,8767,0,8767,净多,372,0
20260810,豆油,y2701,01,高盛期货,16928,12858,4070,净多,660,-1366
20260810,豆油,y2705,05,一德期货,0,8342,-8342,净空,0,-1
20260810,豆油,y2705,05,中信期货,5225,2360,2865,净多,1003,570
20260810,豆油,y2705,05,中粮期货,4857,38488,-33631,净空,653,901
20260810,豆油,y2705,05,乾坤期货,0,0,0,持平,0,0
20260810,豆油,y2705,05,国泰君安期货,6415,5907,508,净多,910,-70
20260810,豆油,y2705,05,摩根大通期货,0,8641,-8641,净空,0,595
20260810,豆油,y2705,05,永安期货,9979,11884,-1905,净空,-1,-2
20260810,豆油,y2705,05,瑞银期货,0,0,0,持平,0,0
20260810,豆油,y2705,05,高盛期货,4775,0,4775,净多,76,0
20260811,豆油,y2609,09,一德期货,5798,4572,1226,净多,-1313,-14
20260811,豆油,y2609,09,中信期货,0,5989,-5989,净空,0,-796
20260811,豆油,y2609,09,中粮期货,9020,49834,-40814,净空,-228,-796
20260811,豆油,y2609,09,乾坤期货,0,0,0,持平,0,0
20260811,豆油,y2609,09,国泰君安期货,13164,6303,6861,净多,-1717,-2552
20260811,豆油,y2609,09,摩根大通期货,7828,0,7828,净多,-618,0
20260811,豆油,y2609,09,永安期货,5138,3064,2074,净多,-622,-2473
20260811,豆油,y2609,09,瑞银期货,0,0,0,持平,0,0
20260811,豆油,y2609,09,高盛期货,8826,2083,6743,净多,-574,-504
20260811,豆油,y2701,01,一德期货,27457,0,27457,净多,1094,0
20260811,豆油,y2701,01,中信期货,27233,36719,-9486,净空,-304,48
20260811,豆油,y2701,01,中粮期货,15411,127389,-111978,净空,212,1756
20260811,豆油,y2701,01,乾坤期货,0,0,0,持平,0,0
20260811,豆油,y2701,01,国泰君安期货,48511,22987,25524,净多,-1755,-669
20260811,豆油,y2701,01,摩根大通期货,29675,22038,7637,净多,1828,1844
20260811,豆油,y2701,01,永安期货,18591,11488,7103,净多,-3,71
20260811,豆油,y2701,01,瑞银期货,8770,0,8770,净多,3,0
20260811,豆油,y2701,01,高盛期货,18273,13026,5247,净多,1345,168
20260811,豆油,y2705,05,一德期货,2605,8880,-6275,净空,751,538
20260811,豆油,y2705,05,中信期货,5309,2009,3300,净多,84,-351
20260811,豆油,y2705,05,中粮期货,5345,38536,-33191,净空,488,48
20260811,豆油,y2705,05,乾坤期货,0,0,0,持平,0,0
20260811,豆油,y2705,05,国泰君安期货,7140,6031,1109,净多,725,124
20260811,豆油,y2705,05,摩根大通期货,0,9108,-9108,净空,0,467
20260811,豆油,y2705,05,永安期货,9898,11968,-2070,净空,-81,84
20260811,豆油,y2705,05,瑞银期货,0,0,0,持平,0,0
20260811,豆油,y2705,05,高盛期货,4896,1809,3087,净多,121,1238
20260812,豆油,y2609,09,一德期货,5572,4561,1011,净多,-226,-11
20260812,豆油,y2609,09,中信期货,0,5331,-5331,净空,0,-658
20260812,豆油,y2609,09,中粮期货,8271,48746,-40475,净空,-749,-1088
20260812,豆油,y2609,09,乾坤期货,0,0,0,持平,0,0
20260812,豆油,y2609,09,国泰君安期货,13101,6222,6879,净多,-63,-81
20260812,豆油,y2609,09,摩根大通期货,7581,0,7581,净多,-247,0
20260812,豆油,y2609,09,永安期货,5007,2988,2019,净多,-131,-76
20260812,豆油,y2609,09,瑞银期货,0,0,0,持平,0,0
20260812,豆油,y2609,09,高盛期货,7327,1782,5545,净多,-1499,-301
20260812,豆油,y2701,01,一德期货,28647,0,28647,净多,1190,0
20260812,豆油,y2701,01,中信期货,26336,36274,-9938,净空,-897,-445
20260812,豆油,y2701,01,中粮期货,16255,126909,-110654,净空,844,-480
20260812,豆油,y2701,01,乾坤期货,0,0,0,持平,0,0
20260812,豆油,y2701,01,国泰君安期货,48859,25751,23108,净多,348,2764
20260812,豆油,y2701,01,摩根大通期货,27918,22142,5776,净多,-1757,104
20260812,豆油,y2701,01,永安期货,18478,11099,7379,净多,-113,-389
20260812,豆油,y2701,01,瑞银期货,8676,0,8676,净多,-94,0
20260812,豆油,y2701,01,高盛期货,20484,13512,6972,净多,2211,486
20260812,豆油,y2705,05,一德期货,0,8719,-8719,净空,0,-161
20260812,豆油,y2705,05,中信期货,5042,3382,1660,净多,-267,1373
20260812,豆油,y2705,05,中粮期货,5615,40660,-35045,净空,270,2124
20260812,豆油,y2705,05,乾坤期货,0,0,0,持平,0,0
20260812,豆油,y2705,05,国泰君安期货,6965,6337,628,净多,-175,306
20260812,豆油,y2705,05,摩根大通期货,0,9102,-9102,净空,0,-6
20260812,豆油,y2705,05,永安期货,9555,11996,-2441,净空,-343,28
20260812,豆油,y2705,05,瑞银期货,0,0,0,持平,0,0
20260812,豆油,y2705,05,高盛期货,4909,3459,1450,净多,13,1650
20260813,豆油,y2609,09,一德期货,5491,4532,959,净多,-81,-29
20260813,豆油,y2609,09,中信期货,0,4691,-4691,净空,0,-640
20260813,豆油,y2609,09,中粮期货,7662,46356,-38694,净空,-609,-2390
20260813,豆油,y2609,09,乾坤期货,0,0,0,持平,0,0
20260813,豆油,y2609,09,国泰君安期货,12847,4998,7849,净多,-254,-1224
20260813,豆油,y2609,09,摩根大通期货,5483,0,5483,净多,-2098,0
20260813,豆油,y2609,09,永安期货,4685,2969,1716,净多,-322,-19
20260813,豆油,y2609,09,瑞银期货,0,0,0,持平,0,0
20260813,豆油,y2609,09,高盛期货,6419,1782,4637,净多,-908,0
20260813,豆油,y2701,01,一德期货,27728,0,27728,净多,-919,0
20260813,豆油,y2701,01,中信期货,28238,36643,-8405,净空,1902,369
20260813,豆油,y2701,01,中粮期货,15628,129688,-114060,净空,-627,2779
20260813,豆油,y2701,01,乾坤期货,0,0,0,持平,0,0
20260813,豆油,y2701,01,国泰君安期货,49461,25577,23884,净多,602,-174
20260813,豆油,y2701,01,摩根大通期货,28492,22138,6354,净多,574,-4
20260813,豆油,y2701,01,永安期货,18634,10994,7640,净多,156,-105
20260813,豆油,y2701,01,瑞银期货,8909,0,8909,净多,233,0
20260813,豆油,y2701,01,高盛期货,22154,14303,7851,净多,1670,791
20260813,豆油,y2705,05,一德期货,0,9217,-9217,净空,0,498
20260813,豆油,y2705,05,中信期货,5737,3510,2227,净多,695,128
20260813,豆油,y2705,05,中粮期货,5026,40671,-35645,净空,-589,11
20260813,豆油,y2705,05,乾坤期货,0,0,0,持平,0,0
20260813,豆油,y2705,05,国泰君安期货,8861,6535,2326,净多,1896,198
20260813,豆油,y2705,05,摩根大通期货,3737,9179,-5442,净空,1480,77
20260813,豆油,y2705,05,永安期货,9344,12167,-2823,净空,-211,171
20260813,豆油,y2705,05,瑞银期货,0,0,0,持平,0,0
20260813,豆油,y2705,05,高盛期货,5718,3386,2332,净多,809,-73
20260814,豆油,y2609,09,一德期货,6103,3568,2535,净多,612,-964
20260814,豆油,y2609,09,中信期货,0,4210,-4210,净空,0,-481
20260814,豆油,y2609,09,中粮期货,6373,44985,-38612,净空,-1289,-1371
20260814,豆油,y2609,09,乾坤期货,0,0,0,持平,0,0
20260814,豆油,y2609,09,国泰君安期货,12479,4796,7683,净多,-368,-202
20260814,豆油,y2609,09,摩根大通期货,5205,0,5205,净多,-278,0
20260814,豆油,y2609,09,永安期货,4137,2875,1262,净多,-548,-94
20260814,豆油,y2609,09,瑞银期货,0,0,0,持平,0,0
20260814,豆油,y2609,09,高盛期货,4359,0,4359,净多,-2060,0
20260814,豆油,y2701,01,一德期货,26241,0,26241,净多,-1487,0
20260814,豆油,y2701,01,中信期货,26610,36617,-10007,净空,-1628,-26
20260814,豆油,y2701,01,中粮期货,16090,132677,-116587,净空,462,2989
20260814,豆油,y2701,01,乾坤期货,0,0,0,持平,0,0
20260814,豆油,y2701,01,国泰君安期货,51661,25442,26219,净多,2200,-135
20260814,豆油,y2701,01,摩根大通期货,31805,22865,8940,净多,3313,727
20260814,豆油,y2701,01,永安期货,18972,11648,7324,净多,338,654
20260814,豆油,y2701,01,瑞银期货,8851,0,8851,净多,-58,0
20260814,豆油,y2701,01,高盛期货,25521,10932,14589,净多,3367,-3371
20260814,豆油,y2705,05,一德期货,0,10428,-10428,净空,0,1211
20260814,豆油,y2705,05,中信期货,6053,3429,2624,净多,316,-81
20260814,豆油,y2705,05,中粮期货,5735,40722,-34987,净空,709,51
20260814,豆油,y2705,05,乾坤期货,0,0,0,持平,0,0
20260814,豆油,y2705,05,国泰君安期货,9888,6391,3497,净多,1027,-144
20260814,豆油,y2705,05,摩根大通期货,4203,9179,-4976,净空,466,0
20260814,豆油,y2705,05,永安期货,9425,12820,-3395,净空,81,653
20260814,豆油,y2705,05,瑞银期货,0,0,0,持平,0,0
20260814,豆油,y2705,05,高盛期货,7051,3459,3592,净多,1333,73
20260817,豆油,y2609,09,一德期货,5890,3458,2432,净多,-213,-110
20260817,豆油,y2609,09,中信期货,1819,3617,-1798,净空,52,-593
20260817,豆油,y2609,09,中粮期货,5074,38571,-33497,净空,-1299,-6414
20260817,豆油,y2609,09,乾坤期货,0,0,0,持平,0,0
20260817,豆油,y2609,09,国泰君安期货,10307,4386,5921,净多,-2172,-410
20260817,豆油,y2609,09,摩根大通期货,4243,0,4243,净多,-962,0
20260817,豆油,y2609,09,永安期货,3945,1673,2272,净多,-192,-1202
20260817,豆油,y2609,09,瑞银期货,0,0,0,持平,0,0
20260817,豆油,y2609,09,高盛期货,4106,0,4106,净多,-253,0
20260817,豆油,y2701,01,一德期货,26677,0,26677,净多,436,0
20260817,豆油,y2701,01,中信期货,27738,32749,-5011,净空,1128,-3868
20260817,豆油,y2701,01,中粮期货,15148,135378,-120230,净空,-942,2701
20260817,豆油,y2701,01,乾坤期货,0,0,0,持平,0,0
20260817,豆油,y2701,01,国泰君安期货,50933,27121,23812,净多,-728,1679
20260817,豆油,y2701,01,摩根大通期货,33134,22840,10294,净多,1329,-25
20260817,豆油,y2701,01,永安期货,19577,11281,8296,净多,605,-367
20260817,豆油,y2701,01,瑞银期货,8612,0,8612,净多,-239,0
20260817,豆油,y2701,01,高盛期货,30655,10666,19989,净多,5134,-266
20260817,豆油,y2705,05,一德期货,0,10430,-10430,净空,0,2
20260817,豆油,y2705,05,中信期货,6408,6297,111,净多,355,2868
20260817,豆油,y2705,05,中粮期货,6056,44748,-38692,净空,321,4026
20260817,豆油,y2705,05,乾坤期货,0,0,0,持平,0,0
20260817,豆油,y2705,05,国泰君安期货,11011,5642,5369,净多,1123,-749
20260817,豆油,y2705,05,摩根大通期货,5847,9959,-4112,净空,1644,780
20260817,豆油,y2705,05,永安期货,9363,13887,-4524,净空,-62,1067
20260817,豆油,y2705,05,瑞银期货,0,0,0,持平,0,0
20260817,豆油,y2705,05,高盛期货,8788,3689,5099,净多,1737,230
20260818,豆油,y2609,09,一德期货,3105,3437,-332,净空,-2785,-21
20260818,豆油,y2609,09,中信期货,1654,4513,-2859,净空,-165,896
20260818,豆油,y2609,09,中粮期货,4656,26017,-21361,净空,-418,-12554
20260818,豆油,y2609,09,乾坤期货,0,0,0,持平,0,0
20260818,豆油,y2609,09,国泰君安期货,8853,2753,6100,净多,-1454,-1633
20260818,豆油,y2609,09,摩根大通期货,4525,0,4525,净多,282,0
20260818,豆油,y2609,09,永安期货,2959,1542,1417,净多,-986,-131
20260818,豆油,y2609,09,瑞银期货,0,0,0,持平,0,0
20260818,豆油,y2609,09,高盛期货,3563,0,3563,净多,-543,0
20260818,豆油,y2701,01,一德期货,36858,0,36858,净多,10181,0
20260818,豆油,y2701,01,中信期货,42405,28276,14129,净多,14667,-4473
20260818,豆油,y2701,01,中粮期货,13513,154323,-140810,净空,-1635,18945
20260818,豆油,y2701,01,乾坤期货,0,0,0,持平,0,0
20260818,豆油,y2701,01,国泰君安期货,54433,28155,26278,净多,3500,1034
20260818,豆油,y2701,01,摩根大通期货,48753,25796,22957,净多,15619,2956
20260818,豆油,y2701,01,永安期货,20373,11233,9140,净多,796,-48
20260818,豆油,y2701,01,瑞银期货,9901,0,9901,净多,1289,0
20260818,豆油,y2701,01,高盛期货,35097,11031,24066,净多,4442,365
20260818,豆油,y2705,05,一德期货,0,10764,-10764,净空,0,334
20260818,豆油,y2705,05,中信期货,8145,6072,2073,净多,1737,-225
20260818,豆油,y2705,05,中粮期货,5986,45015,-39029,净空,-70,267
20260818,豆油,y2705,05,乾坤期货,0,0,0,持平,0,0
20260818,豆油,y2705,05,国泰君安期货,11498,7151,4347,净多,487,1509
20260818,豆油,y2705,05,摩根大通期货,6718,7959,-1241,净空,871,-2000
20260818,豆油,y2705,05,永安期货,10463,15200,-4737,净空,1100,1313
20260818,豆油,y2705,05,瑞银期货,0,0,0,持平,0,0
20260818,豆油,y2705,05,高盛期货,10420,3831,6589,净多,1632,142
20260819,豆油,y2609,09,一德期货,2700,2164,536,净多,-405,-1273
20260819,豆油,y2609,09,中信期货,1045,3120,-2075,净空,-609,-1393
20260819,豆油,y2609,09,中粮期货,4439,18110,-13671,净空,-217,-7907
20260819,豆油,y2609,09,乾坤期货,0,0,0,持平,0,0
20260819,豆油,y2609,09,国泰君安期货,6334,1391,4943,净多,-2519,-1362
20260819,豆油,y2609,09,摩根大通期货,6003,595,5408,净多,1478,-2
20260819,豆油,y2609,09,永安期货,2943,1126,1817,净多,-16,-416
20260819,豆油,y2609,09,瑞银期货,0,0,0,持平,0,0
20260819,豆油,y2609,09,高盛期货,1840,0,1840,净多,-1723,0
20260819,豆油,y2701,01,一德期货,38541,0,38541,净多,1683,0
20260819,豆油,y2701,01,中信期货,47529,25696,21833,净多,5124,-2580
20260819,豆油,y2701,01,中粮期货,11628,162332,-150704,净空,-1885,8009
20260819,豆油,y2701,01,乾坤期货,0,0,0,持平,0,0
20260819,豆油,y2701,01,国泰君安期货,60262,30823,29439,净多,5829,2668
20260819,豆油,y2701,01,摩根大通期货,53650,31906,21744,净多,4897,6110
20260819,豆油,y2701,01,永安期货,19163,13305,5858,净多,-1210,2072
20260819,豆油,y2701,01,瑞银期货,10554,0,10554,净多,653,0
20260819,豆油,y2701,01,高盛期货,42462,10996,31466,净多,7365,-35
20260819,豆油,y2705,05,一德期货,0,11634,-11634,净空,0,870
20260819,豆油,y2705,05,中信期货,8645,6582,2063,净多,500,510
20260819,豆油,y2705,05,中粮期货,5638,51535,-45897,净空,-348,6520
20260819,豆油,y2705,05,乾坤期货,0,0,0,持平,0,0
20260819,豆油,y2705,05,国泰君安期货,11800,9014,2786,净多,302,1863
20260819,豆油,y2705,05,摩根大通期货,7959,3659,4300,净多,1241,-4300
20260819,豆油,y2705,05,永安期货,11697,15553,-3856,净空,1234,353
20260819,豆油,y2705,05,瑞银期货,0,0,0,持平,0,0
20260819,豆油,y2705,05,高盛期货,12813,3815,8998,净多,2393,-16
20260820,豆油,y2609,09,一德期货,1465,1780,-315,净空,-1235,-384
20260820,豆油,y2609,09,中信期货,1025,2930,-1905,净空,-20,-190
20260820,豆油,y2609,09,中粮期货,3125,11528,-8403,净空,-1314,-6582
20260820,豆油,y2609,09,乾坤期货,0,0,0,持平,0,0
20260820,豆油,y2609,09,国泰君安期货,6923,887,6036,净多,589,-504
20260820,豆油,y2609,09,摩根大通期货,3664,0,3664,净多,-2339,0
20260820,豆油,y2609,09,永安期货,2598,656,1942,净多,-345,-470
20260820,豆油,y2609,09,瑞银期货,0,0,0,持平,0,0
20260820,豆油,y2609,09,高盛期货,0,0,0,持平,0,0
20260820,豆油,y2701,01,一德期货,36411,0,36411,净多,-2130,0
20260820,豆油,y2701,01,中信期货,53560,27200,26360,净多,6031,1504
20260820,豆油,y2701,01,中粮期货,12597,171244,-158647,净空,969,8912
20260820,豆油,y2701,01,乾坤期货,0,0,0,持平,0,0
20260820,豆油,y2701,01,国泰君安期货,64635,32920,31715,净多,4373,2097
20260820,豆油,y2701,01,摩根大通期货,56935,29343,27592,净多,3285,-2563
20260820,豆油,y2701,01,永安期货,20955,14109,6846,净多,1792,804
20260820,豆油,y2701,01,瑞银期货,10683,0,10683,净多,129,0
20260820,豆油,y2701,01,高盛期货,45567,11693,33874,净多,3105,697
20260820,豆油,y2705,05,一德期货,3354,12945,-9591,净空,1685,1311
20260820,豆油,y2705,05,中信期货,9197,6682,2515,净多,552,100
20260820,豆油,y2705,05,中粮期货,5341,52968,-47627,净空,-297,1433
20260820,豆油,y2705,05,乾坤期货,0,0,0,持平,0,0
20260820,豆油,y2705,05,国泰君安期货,13006,10135,2871,净多,1206,1121
20260820,豆油,y2705,05,摩根大通期货,7903,3569,4334,净多,-56,-90
20260820,豆油,y2705,05,永安期货,12160,15633,-3473,净空,463,80
20260820,豆油,y2705,05,瑞银期货,0,0,0,持平,0,0
20260820,豆油,y2705,05,高盛期货,12462,3813,8649,净多,-351,-2
