日期,品种,合约,合约月份,席位,多头持仓,空头持仓,净持仓,净持仓方向,多头增减仓,空头增减仓
20260105,豆粕,m2609,09,中粮期货,9400,35269,-25869,净空,147,0
20260105,豆粕,m2609,09,乾坤期货,0,0,0,持平,0,0
20260105,豆粕,m2609,09,摩根大通期货,4852,14366,-9514,净空,29,-115
20260105,豆粕,m2609,09,瑞银期货,0,0,0,持平,0,0
20260105,豆粕,m2611,11,中粮期货,0,0,0,持平,0,0
20260105,豆粕,m2611,11,乾坤期货,0,0,0,持平,0,0
20260105,豆粕,m2611,11,摩根大通期货,0,0,0,持平,0,0
20260105,豆粕,m2611,11,瑞银期货,0,0,0,持平,0,0
20260106,豆粕,m2609,09,中粮期货,10429,35310,-24881,净空,1029,41
20260106,豆粕,m2609,09,乾坤期货,0,0,0,持平,0,0
20260106,豆粕,m2609,09,摩根大通期货,5698,13966,-8268,净空,846,-400
20260106,豆粕,m2609,09,瑞银期货,0,0,0,持平,0,0
20260106,豆粕,m2611,11,中粮期货,0,0,0,持平,0,0
20260106,豆粕,m2611,11,乾坤期货,0,0,0,持平,0,0
20260106,豆粕,m2611,11,摩根大通期货,0,0,0,持平,0,0
20260106,豆粕,m2611,11,瑞银期货,0,0,0,持平,0,0
20260107,豆粕,m2609,09,中粮期货,14638,34468,-19830,净空,4209,-842
20260107,豆粕,m2609,09,乾坤期货,0,0,0,持平,0,0
20260107,豆粕,m2609,09,摩根大通期货,5965,14966,-9001,净空,267,1000
20260107,豆粕,m2609,09,瑞银期货,0,0,0,持平,0,0
20260107,豆粕,m2611,11,中粮期货,0,0,0,持平,0,0
20260107,豆粕,m2611,11,乾坤期货,0,0,0,持平,0,0
20260107,豆粕,m2611,11,摩根大通期货,0,0,0,持平,0,0
20260107,豆粕,m2611,11,瑞银期货,0,0,0,持平,0,0
20260108,豆粕,m2609,09,中粮期货,16383,34889,-18506,净空,1745,421
20260108,豆粕,m2609,09,乾坤期货,0,0,0,持平,0,0
20260108,豆粕,m2609,09,摩根大通期货,6252,17191,-10939,净空,287,2225
20260108,豆粕,m2609,09,瑞银期货,0,0,0,持平,0,0
20260108,豆粕,m2611,11,中粮期货,0,0,0,持平,0,0
20260108,豆粕,m2611,11,乾坤期货,0,0,0,持平,0,0
20260108,豆粕,m2611,11,摩根大通期货,0,0,0,持平,0,0
20260108,豆粕,m2611,11,瑞银期货,0,0,0,持平,0,0
20260109,豆粕,m2609,09,中粮期货,16529,36100,-19571,净空,146,1211
20260109,豆粕,m2609,09,乾坤期货,0,0,0,持平,0,0
20260109,豆粕,m2609,09,摩根大通期货,16832,18627,-1795,净空,10580,1436
20260109,豆粕,m2609,09,瑞银期货,0,0,0,持平,0,0
20260109,豆粕,m2611,11,中粮期货,0,0,0,持平,0,0
20260109,豆粕,m2611,11,乾坤期货,0,0,0,持平,0,0
20260109,豆粕,m2611,11,摩根大通期货,0,0,0,持平,0,0
20260109,豆粕,m2611,11,瑞银期货,0,0,0,持平,0,0
20260112,豆粕,m2609,09,中粮期货,17153,36216,-19063,净空,624,116
20260112,豆粕,m2609,09,乾坤期货,0,0,0,持平,0,0
20260112,豆粕,m2609,09,摩根大通期货,16722,18648,-1926,净空,-110,21
20260112,豆粕,m2609,09,瑞银期货,0,0,0,持平,0,0
20260112,豆粕,m2611,11,中粮期货,0,0,0,持平,0,0
20260112,豆粕,m2611,11,乾坤期货,0,0,0,持平,0,0
20260112,豆粕,m2611,11,摩根大通期货,0,0,0,持平,0,0
20260112,豆粕,m2611,11,瑞银期货,0,0,0,持平,0,0
20260113,豆粕,m2609,09,中粮期货,17271,34623,-17352,净空,118,-1593
20260113,豆粕,m2609,09,乾坤期货,0,0,0,持平,0,0
20260113,豆粕,m2609,09,摩根大通期货,21706,23198,-1492,净空,4984,4550
20260113,豆粕,m2609,09,瑞银期货,0,0,0,持平,0,0
20260113,豆粕,m2611,11,中粮期货,0,0,0,持平,0,0
20260113,豆粕,m2611,11,乾坤期货,0,0,0,持平,0,0
20260113,豆粕,m2611,11,摩根大通期货,0,0,0,持平,0,0
20260113,豆粕,m2611,11,瑞银期货,0,0,0,持平,0,0
20260114,豆粕,m2609,09,中粮期货,18017,35315,-17298,净空,746,692
20260114,豆粕,m2609,09,乾坤期货,0,0,0,持平,0,0
20260114,豆粕,m2609,09,摩根大通期货,18605,24903,-6298,净空,-3101,1705
20260114,豆粕,m2609,09,瑞银期货,0,0,0,持平,0,0
20260114,豆粕,m2611,11,中粮期货,0,0,0,持平,0,0
20260114,豆粕,m2611,11,乾坤期货,0,0,0,持平,0,0
20260114,豆粕,m2611,11,摩根大通期货,0,0,0,持平,0,0
20260114,豆粕,m2611,11,瑞银期货,0,0,0,持平,0,0
20260115,豆粕,m2609,09,中粮期货,15631,38883,-23252,净空,-2386,3568
20260115,豆粕,m2609,09,乾坤期货,0,0,0,持平,0,0
20260115,豆粕,m2609,09,摩根大通期货,18447,24566,-6119,净空,-158,-337
20260115,豆粕,m2609,09,瑞银期货,0,0,0,持平,0,0
20260115,豆粕,m2611,11,中粮期货,0,0,0,持平,0,0
20260115,豆粕,m2611,11,乾坤期货,0,0,0,持平,0,0
20260115,豆粕,m2611,11,摩根大通期货,0,0,0,持平,0,0
20260115,豆粕,m2611,11,瑞银期货,0,0,0,持平,0,0
20260116,豆粕,m2609,09,中粮期货,17124,45987,-28863,净空,1493,7104
20260116,豆粕,m2609,09,乾坤期货,0,0,0,持平,0,0
20260116,豆粕,m2609,09,摩根大通期货,18295,25840,-7545,净空,-152,1274
20260116,豆粕,m2609,09,瑞银期货,0,0,0,持平,0,0
20260116,豆粕,m2611,11,中粮期货,0,0,0,持平,0,0
20260116,豆粕,m2611,11,乾坤期货,0,0,0,持平,0,0
20260116,豆粕,m2611,11,摩根大通期货,0,0,0,持平,0,0
20260116,豆粕,m2611,11,瑞银期货,0,0,0,持平,0,0
20260119,豆粕,m2609,09,中粮期货,17729,48862,-31133,净空,605,2875
20260119,豆粕,m2609,09,乾坤期货,0,0,0,持平,0,0
20260119,豆粕,m2609,09,摩根大通期货,18491,24340,-5849,净空,196,-1500
20260119,豆粕,m2609,09,瑞银期货,0,0,0,持平,0,0
20260119,豆粕,m2611,11,中粮期货,0,0,0,持平,0,0
20260119,豆粕,m2611,11,乾坤期货,0,0,0,持平,0,0
20260119,豆粕,m2611,11,摩根大通期货,0,0,0,持平,0,0
20260119,豆粕,m2611,11,瑞银期货,0,0,0,持平,0,0
20260120,豆粕,m2609,09,中粮期货,17143,57243,-40100,净空,-586,8381
20260120,豆粕,m2609,09,乾坤期货,0,0,0,持平,0,0
20260120,豆粕,m2609,09,摩根大通期货,17979,24340,-6361,净空,-512,0
20260120,豆粕,m2609,09,瑞银期货,0,0,0,持平,0,0
20260120,豆粕,m2611,11,中粮期货,0,0,0,持平,0,0
20260120,豆粕,m2611,11,乾坤期货,0,0,0,持平,0,0
20260120,豆粕,m2611,11,摩根大通期货,0,0,0,持平,0,0
20260120,豆粕,m2611,11,瑞银期货,0,0,0,持平,0,0
20260121,豆粕,m2609,09,中粮期货,18240,62414,-44174,净空,1097,5171
20260121,豆粕,m2609,09,乾坤期货,0,0,0,持平,0,0
20260121,豆粕,m2609,09,摩根大通期货,18696,24240,-5544,净空,717,-100
20260121,豆粕,m2609,09,瑞银期货,0,0,0,持平,0,0
20260121,豆粕,m2611,11,中粮期货,0,0,0,持平,0,0
20260121,豆粕,m2611,11,乾坤期货,0,0,0,持平,0,0
20260121,豆粕,m2611,11,摩根大通期货,0,0,0,持平,0,0
20260121,豆粕,m2611,11,瑞银期货,0,0,0,持平,0,0
20260122,豆粕,m2609,09,中粮期货,20294,89877,-69583,净空,2054,27463
20260122,豆粕,m2609,09,乾坤期货,0,0,0,持平,0,0
20260122,豆粕,m2609,09,摩根大通期货,20330,24996,-4666,净空,1634,756
20260122,豆粕,m2609,09,瑞银期货,0,0,0,持平,0,0
20260122,豆粕,m2611,11,中粮期货,0,0,0,持平,0,0
20260122,豆粕,m2611,11,乾坤期货,0,0,0,持平,0,0
20260122,豆粕,m2611,11,摩根大通期货,0,0,0,持平,0,0
20260122,豆粕,m2611,11,瑞银期货,0,0,0,持平,0,0
20260123,豆粕,m2609,09,中粮期货,20576,100003,-79427,净空,282,10126
20260123,豆粕,m2609,09,乾坤期货,0,0,0,持平,0,0
20260123,豆粕,m2609,09,摩根大通期货,20541,23996,-3455,净空,211,-1000
20260123,豆粕,m2609,09,瑞银期货,0,0,0,持平,0,0
20260123,豆粕,m2611,11,中粮期货,0,0,0,持平,0,0
20260123,豆粕,m2611,11,乾坤期货,0,0,0,持平,0,0
20260123,豆粕,m2611,11,摩根大通期货,0,0,0,持平,0,0
20260123,豆粕,m2611,11,瑞银期货,0,0,0,持平,0,0
20260126,豆粕,m2609,09,中粮期货,22126,100683,-78557,净空,1550,680
20260126,豆粕,m2609,09,乾坤期货,0,0,0,持平,0,0
20260126,豆粕,m2609,09,摩根大通期货,22891,23996,-1105,净空,2350,0
20260126,豆粕,m2609,09,瑞银期货,0,0,0,持平,0,0
20260126,豆粕,m2611,11,中粮期货,0,0,0,持平,0,0
20260126,豆粕,m2611,11,乾坤期货,0,0,0,持平,0,0
20260126,豆粕,m2611,11,摩根大通期货,0,0,0,持平,0,0
20260126,豆粕,m2611,11,瑞银期货,0,0,0,持平,0,0
20260127,豆粕,m2609,09,中粮期货,22600,101069,-78469,净空,474,386
20260127,豆粕,m2609,09,乾坤期货,0,0,0,持平,0,0
20260127,豆粕,m2609,09,摩根大通期货,20187,24496,-4309,净空,-2704,500
20260127,豆粕,m2609,09,瑞银期货,0,0,0,持平,0,0
20260127,豆粕,m2611,11,中粮期货,0,0,0,持平,0,0
20260127,豆粕,m2611,11,乾坤期货,0,0,0,持平,0,0
20260127,豆粕,m2611,11,摩根大通期货,0,0,0,持平,0,0
20260127,豆粕,m2611,11,瑞银期货,0,0,0,持平,0,0
20260128,豆粕,m2609,09,中粮期货,24322,88249,-63927,净空,1722,-12820
20260128,豆粕,m2609,09,乾坤期货,0,0,0,持平,0,0
20260128,豆粕,m2609,09,摩根大通期货,15520,23791,-8271,净空,-4667,-705
20260128,豆粕,m2609,09,瑞银期货,0,0,0,持平,0,0
20260128,豆粕,m2611,11,中粮期货,0,0,0,持平,0,0
20260128,豆粕,m2611,11,乾坤期货,0,0,0,持平,0,0
20260128,豆粕,m2611,11,摩根大通期货,0,0,0,持平,0,0
20260128,豆粕,m2611,11,瑞银期货,0,0,0,持平,0,0
20260129,豆粕,m2609,09,中粮期货,24935,106273,-81338,净空,613,18024
20260129,豆粕,m2609,09,乾坤期货,0,0,0,持平,0,0
20260129,豆粕,m2609,09,摩根大通期货,15139,28288,-13149,净空,-381,4497
20260129,豆粕,m2609,09,瑞银期货,0,0,0,持平,0,0
20260129,豆粕,m2611,11,中粮期货,0,0,0,持平,0,0
20260129,豆粕,m2611,11,乾坤期货,0,0,0,持平,0,0
20260129,豆粕,m2611,11,摩根大通期货,0,0,0,持平,0,0
20260129,豆粕,m2611,11,瑞银期货,0,0,0,持平,0,0
20260130,豆粕,m2609,09,中粮期货,26479,109602,-83123,净空,1544,3329
20260130,豆粕,m2609,09,乾坤期货,0,0,0,持平,0,0
20260130,豆粕,m2609,09,摩根大通期货,16068,27760,-11692,净空,929,-528
20260130,豆粕,m2609,09,瑞银期货,0,0,0,持平,0,0
20260130,豆粕,m2611,11,中粮期货,0,0,0,持平,0,0
20260130,豆粕,m2611,11,乾坤期货,0,0,0,持平,0,0
20260130,豆粕,m2611,11,摩根大通期货,0,0,0,持平,0,0
20260130,豆粕,m2611,11,瑞银期货,0,0,0,持平,0,0
20260202,豆粕,m2609,09,中粮期货,27322,118074,-90752,净空,843,8472
20260202,豆粕,m2609,09,乾坤期货,0,0,0,持平,0,0
20260202,豆粕,m2609,09,摩根大通期货,18200,27720,-9520,净空,2132,-40
20260202,豆粕,m2609,09,瑞银期货,0,0,0,持平,0,0
20260202,豆粕,m2611,11,中粮期货,0,0,0,持平,0,0
20260202,豆粕,m2611,11,乾坤期货,0,0,0,持平,0,0
20260202,豆粕,m2611,11,摩根大通期货,0,0,0,持平,0,0
20260202,豆粕,m2611,11,瑞银期货,0,0,0,持平,0,0
20260203,豆粕,m2609,09,中粮期货,30811,117865,-87054,净空,3489,-209
20260203,豆粕,m2609,09,乾坤期货,0,0,0,持平,0,0
20260203,豆粕,m2609,09,摩根大通期货,19750,27236,-7486,净空,1550,-484
20260203,豆粕,m2609,09,瑞银期货,0,0,0,持平,0,0
20260203,豆粕,m2611,11,中粮期货,0,0,0,持平,0,0
20260203,豆粕,m2611,11,乾坤期货,0,0,0,持平,0,0
20260203,豆粕,m2611,11,摩根大通期货,0,0,0,持平,0,0
20260203,豆粕,m2611,11,瑞银期货,0,0,0,持平,0,0
20260204,豆粕,m2609,09,中粮期货,30936,117653,-86717,净空,125,-212
20260204,豆粕,m2609,09,乾坤期货,0,0,0,持平,0,0
20260204,豆粕,m2609,09,摩根大通期货,19957,27632,-7675,净空,207,396
20260204,豆粕,m2609,09,瑞银期货,0,0,0,持平,0,0
20260204,豆粕,m2611,11,中粮期货,0,0,0,持平,0,0
20260204,豆粕,m2611,11,乾坤期货,0,0,0,持平,0,0
20260204,豆粕,m2611,11,摩根大通期货,0,0,0,持平,0,0
20260204,豆粕,m2611,11,瑞银期货,0,0,0,持平,0,0
20260205,豆粕,m2609,09,中粮期货,32186,119279,-87093,净空,1250,1626
20260205,豆粕,m2609,09,乾坤期货,0,0,0,持平,0,0
20260205,豆粕,m2609,09,摩根大通期货,24357,43269,-18912,净空,4400,15637
20260205,豆粕,m2609,09,瑞银期货,0,0,0,持平,0,0
20260205,豆粕,m2611,11,中粮期货,0,0,0,持平,0,0
20260205,豆粕,m2611,11,乾坤期货,0,0,0,持平,0,0
20260205,豆粕,m2611,11,摩根大通期货,0,0,0,持平,0,0
20260205,豆粕,m2611,11,瑞银期货,0,0,0,持平,0,0
20260205,豆粕,m2701,01,中粮期货,2822,6692,-3870,净空,2528,5447
20260205,豆粕,m2701,01,乾坤期货,0,0,0,持平,0,0
20260205,豆粕,m2701,01,摩根大通期货,0,0,0,持平,0,0
20260205,豆粕,m2701,01,瑞银期货,0,0,0,持平,0,0
20260206,豆粕,m2609,09,中粮期货,31896,120403,-88507,净空,-290,1124
20260206,豆粕,m2609,09,乾坤期货,0,0,0,持平,0,0
20260206,豆粕,m2609,09,摩根大通期货,24256,43434,-19178,净空,-101,165
20260206,豆粕,m2609,09,瑞银期货,0,0,0,持平,0,0
20260206,豆粕,m2611,11,中粮期货,0,0,0,持平,0,0
20260206,豆粕,m2611,11,乾坤期货,0,0,0,持平,0,0
20260206,豆粕,m2611,11,摩根大通期货,0,0,0,持平,0,0
20260206,豆粕,m2611,11,瑞银期货,0,0,0,持平,0,0
20260206,豆粕,m2701,01,中粮期货,3196,6976,-3780,净空,374,284
20260206,豆粕,m2701,01,乾坤期货,0,0,0,持平,0,0
20260206,豆粕,m2701,01,摩根大通期货,0,0,0,持平,0,0
20260206,豆粕,m2701,01,瑞银期货,0,0,0,持平,0,0
20260209,豆粕,m2609,09,中粮期货,38263,122448,-84185,净空,6367,2045
20260209,豆粕,m2609,09,乾坤期货,0,0,0,持平,0,0
20260209,豆粕,m2609,09,摩根大通期货,32754,43164,-10410,净空,8498,-270
20260209,豆粕,m2609,09,瑞银期货,0,0,0,持平,0,0
20260209,豆粕,m2611,11,中粮期货,0,0,0,持平,0,0
20260209,豆粕,m2611,11,乾坤期货,0,0,0,持平,0,0
20260209,豆粕,m2611,11,摩根大通期货,0,0,0,持平,0,0
20260209,豆粕,m2611,11,瑞银期货,0,0,0,持平,0,0
20260209,豆粕,m2701,01,中粮期货,2465,6863,-4398,净空,-731,-113
20260209,豆粕,m2701,01,乾坤期货,0,0,0,持平,0,0
20260209,豆粕,m2701,01,摩根大通期货,0,0,0,持平,0,0
20260209,豆粕,m2701,01,瑞银期货,0,0,0,持平,0,0
20260210,豆粕,m2609,09,中粮期货,39170,123234,-84064,净空,907,786
20260210,豆粕,m2609,09,乾坤期货,0,0,0,持平,0,0
20260210,豆粕,m2609,09,摩根大通期货,36269,43365,-7096,净空,3515,201
20260210,豆粕,m2609,09,瑞银期货,0,0,0,持平,0,0
20260210,豆粕,m2611,11,中粮期货,0,0,0,持平,0,0
20260210,豆粕,m2611,11,乾坤期货,0,0,0,持平,0,0
20260210,豆粕,m2611,11,摩根大通期货,0,0,0,持平,0,0
20260210,豆粕,m2611,11,瑞银期货,0,0,0,持平,0,0
20260210,豆粕,m2701,01,中粮期货,1075,7421,-6346,净空,-1390,558
20260210,豆粕,m2701,01,乾坤期货,0,0,0,持平,0,0
20260210,豆粕,m2701,01,摩根大通期货,0,0,0,持平,0,0
20260210,豆粕,m2701,01,瑞银期货,0,0,0,持平,0,0
20260211,豆粕,m2609,09,中粮期货,36441,124076,-87635,净空,-2729,842
20260211,豆粕,m2609,09,乾坤期货,0,0,0,持平,0,0
20260211,豆粕,m2609,09,摩根大通期货,37039,40765,-3726,净空,770,-2600
20260211,豆粕,m2609,09,瑞银期货,0,0,0,持平,0,0
20260211,豆粕,m2611,11,中粮期货,0,0,0,持平,0,0
20260211,豆粕,m2611,11,乾坤期货,0,0,0,持平,0,0
20260211,豆粕,m2611,11,摩根大通期货,0,0,0,持平,0,0
20260211,豆粕,m2611,11,瑞银期货,0,0,0,持平,0,0
20260211,豆粕,m2701,01,中粮期货,1671,7824,-6153,净空,596,403
20260211,豆粕,m2701,01,乾坤期货,0,0,0,持平,0,0
20260211,豆粕,m2701,01,摩根大通期货,0,0,0,持平,0,0
20260211,豆粕,m2701,01,瑞银期货,0,0,0,持平,0,0
20260212,豆粕,m2609,09,中粮期货,37600,125700,-88100,净空,1159,1624
20260212,豆粕,m2609,09,乾坤期货,0,0,0,持平,0,0
20260212,豆粕,m2609,09,摩根大通期货,37488,44865,-7377,净空,449,4100
20260212,豆粕,m2609,09,瑞银期货,0,0,0,持平,0,0
20260212,豆粕,m2611,11,中粮期货,0,0,0,持平,0,0
20260212,豆粕,m2611,11,乾坤期货,0,0,0,持平,0,0
20260212,豆粕,m2611,11,摩根大通期货,0,0,0,持平,0,0
20260212,豆粕,m2611,11,瑞银期货,0,0,0,持平,0,0
20260212,豆粕,m2701,01,中粮期货,2679,7840,-5161,净空,1008,16
20260212,豆粕,m2701,01,乾坤期货,0,0,0,持平,0,0
20260212,豆粕,m2701,01,摩根大通期货,0,0,0,持平,0,0
20260212,豆粕,m2701,01,瑞银期货,0,0,0,持平,0,0
20260213,豆粕,m2609,09,中粮期货,38896,125732,-86836,净空,1296,32
20260213,豆粕,m2609,09,乾坤期货,0,0,0,持平,0,0
20260213,豆粕,m2609,09,摩根大通期货,36997,56865,-19868,净空,-491,12000
20260213,豆粕,m2609,09,瑞银期货,0,0,0,持平,0,0
20260213,豆粕,m2611,11,中粮期货,0,0,0,持平,0,0
20260213,豆粕,m2611,11,乾坤期货,0,0,0,持平,0,0
20260213,豆粕,m2611,11,摩根大通期货,0,0,0,持平,0,0
20260213,豆粕,m2611,11,瑞银期货,0,0,0,持平,0,0
20260213,豆粕,m2701,01,中粮期货,2654,7832,-5178,净空,-25,-8
20260213,豆粕,m2701,01,乾坤期货,0,0,0,持平,0,0
20260213,豆粕,m2701,01,摩根大通期货,0,0,0,持平,0,0
20260213,豆粕,m2701,01,瑞银期货,0,0,0,持平,0,0
20260224,豆粕,m2609,09,中粮期货,39788,125355,-85567,净空,892,-377
20260224,豆粕,m2609,09,乾坤期货,0,0,0,持平,0,0
20260224,豆粕,m2609,09,摩根大通期货,34848,56865,-22017,净空,-2149,0
20260224,豆粕,m2609,09,瑞银期货,0,0,0,持平,0,0
20260224,豆粕,m2611,11,中粮期货,0,0,0,持平,0,0
20260224,豆粕,m2611,11,乾坤期货,0,0,0,持平,0,0
20260224,豆粕,m2611,11,摩根大通期货,0,0,0,持平,0,0
20260224,豆粕,m2611,11,瑞银期货,0,0,0,持平,0,0
20260224,豆粕,m2701,01,中粮期货,2674,7432,-4758,净空,20,-400
20260224,豆粕,m2701,01,乾坤期货,0,0,0,持平,0,0
20260224,豆粕,m2701,01,摩根大通期货,0,0,0,持平,0,0
20260224,豆粕,m2701,01,瑞银期货,0,0,0,持平,0,0
20260225,豆粕,m2609,09,中粮期货,41325,127794,-86469,净空,1537,2439
20260225,豆粕,m2609,09,乾坤期货,0,0,0,持平,0,0
20260225,豆粕,m2609,09,摩根大通期货,31116,65915,-34799,净空,-3732,9050
20260225,豆粕,m2609,09,瑞银期货,0,0,0,持平,0,0
20260225,豆粕,m2611,11,中粮期货,924,0,924,净多,549,0
20260225,豆粕,m2611,11,乾坤期货,0,0,0,持平,0,0
20260225,豆粕,m2611,11,摩根大通期货,0,0,0,持平,0,0
20260225,豆粕,m2611,11,瑞银期货,0,0,0,持平,0,0
20260225,豆粕,m2701,01,中粮期货,2914,7453,-4539,净空,240,21
20260225,豆粕,m2701,01,乾坤期货,0,0,0,持平,0,0
20260225,豆粕,m2701,01,摩根大通期货,0,0,0,持平,0,0
20260225,豆粕,m2701,01,瑞银期货,0,0,0,持平,0,0
20260226,豆粕,m2609,09,中粮期货,55406,129907,-74501,净空,14081,2113
20260226,豆粕,m2609,09,乾坤期货,0,0,0,持平,0,0
20260226,豆粕,m2609,09,摩根大通期货,30095,65915,-35820,净空,-1021,0
20260226,豆粕,m2609,09,瑞银期货,0,0,0,持平,0,0
20260226,豆粕,m2611,11,中粮期货,924,0,924,净多,0,0
20260226,豆粕,m2611,11,乾坤期货,0,0,0,持平,0,0
20260226,豆粕,m2611,11,摩根大通期货,0,0,0,持平,0,0
20260226,豆粕,m2611,11,瑞银期货,0,0,0,持平,0,0
20260226,豆粕,m2701,01,中粮期货,3412,7304,-3892,净空,498,-149
20260226,豆粕,m2701,01,乾坤期货,0,0,0,持平,0,0
20260226,豆粕,m2701,01,摩根大通期货,0,0,0,持平,0,0
20260226,豆粕,m2701,01,瑞银期货,0,0,0,持平,0,0
20260227,豆粕,m2609,09,中粮期货,54550,142343,-87793,净空,-856,12436
20260227,豆粕,m2609,09,乾坤期货,0,0,0,持平,0,0
20260227,豆粕,m2609,09,摩根大通期货,29712,65915,-36203,净空,-383,0
20260227,豆粕,m2609,09,瑞银期货,0,0,0,持平,0,0
20260227,豆粕,m2611,11,中粮期货,1099,0,1099,净多,175,0
20260227,豆粕,m2611,11,乾坤期货,0,0,0,持平,0,0
20260227,豆粕,m2611,11,摩根大通期货,0,0,0,持平,0,0
20260227,豆粕,m2611,11,瑞银期货,0,0,0,持平,0,0
20260227,豆粕,m2701,01,中粮期货,3433,7202,-3769,净空,21,-102
20260227,豆粕,m2701,01,乾坤期货,0,0,0,持平,0,0
20260227,豆粕,m2701,01,摩根大通期货,0,0,0,持平,0,0
20260227,豆粕,m2701,01,瑞银期货,0,0,0,持平,0,0
20260302,豆粕,m2609,09,中粮期货,52985,145743,-92758,净空,-1565,3400
20260302,豆粕,m2609,09,乾坤期货,0,0,0,持平,0,0
20260302,豆粕,m2609,09,摩根大通期货,30040,66715,-36675,净空,328,800
20260302,豆粕,m2609,09,瑞银期货,0,0,0,持平,0,0
20260302,豆粕,m2611,11,中粮期货,840,0,840,净多,-259,0
20260302,豆粕,m2611,11,乾坤期货,0,0,0,持平,0,0
20260302,豆粕,m2611,11,摩根大通期货,0,0,0,持平,0,0
20260302,豆粕,m2611,11,瑞银期货,0,0,0,持平,0,0
20260302,豆粕,m2701,01,中粮期货,3147,6956,-3809,净空,-286,-246
20260302,豆粕,m2701,01,乾坤期货,0,0,0,持平,0,0
20260302,豆粕,m2701,01,摩根大通期货,0,0,0,持平,0,0
20260302,豆粕,m2701,01,瑞银期货,0,0,0,持平,0,0
20260303,豆粕,m2609,09,中粮期货,49454,149842,-100388,净空,-3531,4099
20260303,豆粕,m2609,09,乾坤期货,0,0,0,持平,0,0
20260303,豆粕,m2609,09,摩根大通期货,28361,64715,-36354,净空,-1679,-2000
20260303,豆粕,m2609,09,瑞银期货,0,0,0,持平,0,0
20260303,豆粕,m2611,11,中粮期货,841,0,841,净多,1,0
20260303,豆粕,m2611,11,乾坤期货,0,0,0,持平,0,0
20260303,豆粕,m2611,11,摩根大通期货,0,0,0,持平,0,0
20260303,豆粕,m2611,11,瑞银期货,0,0,0,持平,0,0
20260303,豆粕,m2701,01,中粮期货,3147,6762,-3615,净空,0,-194
20260303,豆粕,m2701,01,乾坤期货,0,0,0,持平,0,0
20260303,豆粕,m2701,01,摩根大通期货,0,0,0,持平,0,0
20260303,豆粕,m2701,01,瑞银期货,0,0,0,持平,0,0
20260304,豆粕,m2609,09,中粮期货,50632,155853,-105221,净空,1178,6011
20260304,豆粕,m2609,09,乾坤期货,0,0,0,持平,0,0
20260304,豆粕,m2609,09,摩根大通期货,31884,64714,-32830,净空,3523,-1
20260304,豆粕,m2609,09,瑞银期货,0,0,0,持平,0,0
20260304,豆粕,m2611,11,中粮期货,1037,0,1037,净多,196,0
20260304,豆粕,m2611,11,乾坤期货,0,0,0,持平,0,0
20260304,豆粕,m2611,11,摩根大通期货,0,0,0,持平,0,0
20260304,豆粕,m2611,11,瑞银期货,0,0,0,持平,0,0
20260304,豆粕,m2701,01,中粮期货,3182,6816,-3634,净空,35,54
20260304,豆粕,m2701,01,乾坤期货,0,0,0,持平,0,0
20260304,豆粕,m2701,01,摩根大通期货,0,0,0,持平,0,0
20260304,豆粕,m2701,01,瑞银期货,0,0,0,持平,0,0
20260305,豆粕,m2609,09,中粮期货,51447,159074,-107627,净空,815,3221
20260305,豆粕,m2609,09,乾坤期货,0,0,0,持平,0,0
20260305,豆粕,m2609,09,摩根大通期货,31485,64214,-32729,净空,-399,-500
20260305,豆粕,m2609,09,瑞银期货,0,0,0,持平,0,0
20260305,豆粕,m2611,11,中粮期货,1237,0,1237,净多,200,0
20260305,豆粕,m2611,11,乾坤期货,0,0,0,持平,0,0
20260305,豆粕,m2611,11,摩根大通期货,0,0,0,持平,0,0
20260305,豆粕,m2611,11,瑞银期货,0,0,0,持平,0,0
20260305,豆粕,m2701,01,中粮期货,3233,6799,-3566,净空,51,-17
20260305,豆粕,m2701,01,乾坤期货,0,0,0,持平,0,0
20260305,豆粕,m2701,01,摩根大通期货,0,0,0,持平,0,0
20260305,豆粕,m2701,01,瑞银期货,0,0,0,持平,0,0
20260306,豆粕,m2609,09,中粮期货,50484,191277,-140793,净空,-963,32203
20260306,豆粕,m2609,09,乾坤期货,0,0,0,持平,0,0
20260306,豆粕,m2609,09,摩根大通期货,30217,58479,-28262,净空,-1268,-5735
20260306,豆粕,m2609,09,瑞银期货,0,0,0,持平,0,0
20260306,豆粕,m2611,11,中粮期货,1037,0,1037,净多,-200,0
20260306,豆粕,m2611,11,乾坤期货,0,0,0,持平,0,0
20260306,豆粕,m2611,11,摩根大通期货,0,0,0,持平,0,0
20260306,豆粕,m2611,11,瑞银期货,0,0,0,持平,0,0
20260306,豆粕,m2701,01,中粮期货,2688,6513,-3825,净空,-545,-286
20260306,豆粕,m2701,01,乾坤期货,0,0,0,持平,0,0
20260306,豆粕,m2701,01,摩根大通期货,0,0,0,持平,0,0
20260306,豆粕,m2701,01,瑞银期货,0,0,0,持平,0,0
20260309,豆粕,m2609,09,中粮期货,50718,216358,-165640,净空,234,25081
20260309,豆粕,m2609,09,乾坤期货,0,0,0,持平,0,0
20260309,豆粕,m2609,09,摩根大通期货,24168,59104,-34936,净空,-6049,625
20260309,豆粕,m2609,09,瑞银期货,0,0,0,持平,0,0
20260309,豆粕,m2611,11,中粮期货,837,0,837,净多,-200,0
20260309,豆粕,m2611,11,乾坤期货,0,0,0,持平,0,0
20260309,豆粕,m2611,11,摩根大通期货,0,0,0,持平,0,0
20260309,豆粕,m2611,11,瑞银期货,0,0,0,持平,0,0
20260309,豆粕,m2701,01,中粮期货,2265,6345,-4080,净空,-423,-168
20260309,豆粕,m2701,01,乾坤期货,0,0,0,持平,0,0
20260309,豆粕,m2701,01,摩根大通期货,0,0,0,持平,0,0
20260309,豆粕,m2701,01,瑞银期货,0,0,0,持平,0,0
20260310,豆粕,m2609,09,中粮期货,51608,218219,-166611,净空,890,1861
20260310,豆粕,m2609,09,乾坤期货,0,0,0,持平,0,0
20260310,豆粕,m2609,09,摩根大通期货,22547,59414,-36867,净空,-1621,310
20260310,豆粕,m2609,09,瑞银期货,0,0,0,持平,0,0
20260310,豆粕,m2611,11,中粮期货,970,0,970,净多,133,0
20260310,豆粕,m2611,11,乾坤期货,0,0,0,持平,0,0
20260310,豆粕,m2611,11,摩根大通期货,0,0,0,持平,0,0
20260310,豆粕,m2611,11,瑞银期货,0,0,0,持平,0,0
20260310,豆粕,m2701,01,中粮期货,3062,6233,-3171,净空,797,-112
20260310,豆粕,m2701,01,乾坤期货,0,0,0,持平,0,0
20260310,豆粕,m2701,01,摩根大通期货,0,0,0,持平,0,0
20260310,豆粕,m2701,01,瑞银期货,0,0,0,持平,0,0
20260311,豆粕,m2609,09,中粮期货,41258,212902,-171644,净空,-10350,-5317
20260311,豆粕,m2609,09,乾坤期货,0,0,0,持平,0,0
20260311,豆粕,m2609,09,摩根大通期货,24473,56046,-31573,净空,1926,-3368
20260311,豆粕,m2609,09,瑞银期货,0,0,0,持平,0,0
20260311,豆粕,m2611,11,中粮期货,828,0,828,净多,-142,0
20260311,豆粕,m2611,11,乾坤期货,0,0,0,持平,0,0
20260311,豆粕,m2611,11,摩根大通期货,0,0,0,持平,0,0
20260311,豆粕,m2611,11,瑞银期货,0,0,0,持平,0,0
20260311,豆粕,m2701,01,中粮期货,3176,4730,-1554,净空,114,-1503
20260311,豆粕,m2701,01,乾坤期货,0,0,0,持平,0,0
20260311,豆粕,m2701,01,摩根大通期货,0,1200,-1200,净空,0,1200
20260311,豆粕,m2701,01,瑞银期货,0,0,0,持平,0,0
20260312,豆粕,m2609,09,中粮期货,36791,218158,-181367,净空,-4467,5256
20260312,豆粕,m2609,09,乾坤期货,0,0,0,持平,0,0
20260312,豆粕,m2609,09,摩根大通期货,29017,59421,-30404,净空,4544,3375
20260312,豆粕,m2609,09,瑞银期货,0,0,0,持平,0,0
20260312,豆粕,m2611,11,中粮期货,829,0,829,净多,1,0
20260312,豆粕,m2611,11,乾坤期货,0,0,0,持平,0,0
20260312,豆粕,m2611,11,摩根大通期货,0,0,0,持平,0,0
20260312,豆粕,m2611,11,瑞银期货,0,0,0,持平,0,0
20260312,豆粕,m2701,01,中粮期货,1817,4123,-2306,净空,-1359,-607
20260312,豆粕,m2701,01,乾坤期货,0,0,0,持平,0,0
20260312,豆粕,m2701,01,摩根大通期货,0,1200,-1200,净空,0,0
20260312,豆粕,m2701,01,瑞银期货,0,0,0,持平,0,0
20260313,豆粕,m2609,09,中粮期货,37672,218793,-181121,净空,881,635
20260313,豆粕,m2609,09,乾坤期货,0,0,0,持平,0,0
20260313,豆粕,m2609,09,摩根大通期货,25518,55319,-29801,净空,-3499,-4102
20260313,豆粕,m2609,09,瑞银期货,0,0,0,持平,0,0
20260313,豆粕,m2611,11,中粮期货,501,0,501,净多,-328,0
20260313,豆粕,m2611,11,乾坤期货,0,0,0,持平,0,0
20260313,豆粕,m2611,11,摩根大通期货,0,0,0,持平,0,0
20260313,豆粕,m2611,11,瑞银期货,0,0,0,持平,0,0
20260313,豆粕,m2701,01,中粮期货,0,7055,-7055,净空,0,2932
20260313,豆粕,m2701,01,乾坤期货,0,0,0,持平,0,0
20260313,豆粕,m2701,01,摩根大通期货,0,1200,-1200,净空,0,0
20260313,豆粕,m2701,01,瑞银期货,0,0,0,持平,0,0
20260316,豆粕,m2609,09,中粮期货,36590,224060,-187470,净空,-1082,5267
20260316,豆粕,m2609,09,乾坤期货,0,0,0,持平,0,0
20260316,豆粕,m2609,09,摩根大通期货,12721,48034,-35313,净空,-12797,-7285
20260316,豆粕,m2609,09,瑞银期货,0,0,0,持平,0,0
20260316,豆粕,m2611,11,中粮期货,512,0,512,净多,11,0
20260316,豆粕,m2611,11,乾坤期货,0,0,0,持平,0,0
20260316,豆粕,m2611,11,摩根大通期货,0,0,0,持平,0,0
20260316,豆粕,m2611,11,瑞银期货,0,0,0,持平,0,0
20260316,豆粕,m2701,01,中粮期货,1411,7029,-5618,净空,690,-26
20260316,豆粕,m2701,01,乾坤期货,0,0,0,持平,0,0
20260316,豆粕,m2701,01,摩根大通期货,0,2395,-2395,净空,0,1195
20260316,豆粕,m2701,01,瑞银期货,0,0,0,持平,0,0
20260317,豆粕,m2609,09,中粮期货,39143,235397,-196254,净空,2553,11337
20260317,豆粕,m2609,09,乾坤期货,0,0,0,持平,0,0
20260317,豆粕,m2609,09,摩根大通期货,0,54906,-54906,净空,0,6872
20260317,豆粕,m2609,09,瑞银期货,0,0,0,持平,0,0
20260317,豆粕,m2611,11,中粮期货,751,0,751,净多,239,0
20260317,豆粕,m2611,11,乾坤期货,0,0,0,持平,0,0
20260317,豆粕,m2611,11,摩根大通期货,0,0,0,持平,0,0
20260317,豆粕,m2611,11,瑞银期货,0,0,0,持平,0,0
20260317,豆粕,m2701,01,中粮期货,2292,9572,-7280,净空,881,2543
20260317,豆粕,m2701,01,乾坤期货,0,0,0,持平,0,0
20260317,豆粕,m2701,01,摩根大通期货,0,2395,-2395,净空,0,0
20260317,豆粕,m2701,01,瑞银期货,0,0,0,持平,0,0
20260318,豆粕,m2609,09,中粮期货,38385,233719,-195334,净空,-758,-1678
20260318,豆粕,m2609,09,乾坤期货,0,0,0,持平,0,0
20260318,豆粕,m2609,09,摩根大通期货,0,49578,-49578,净空,0,-5328
20260318,豆粕,m2609,09,瑞银期货,0,0,0,持平,0,0
20260318,豆粕,m2611,11,中粮期货,678,0,678,净多,-73,0
20260318,豆粕,m2611,11,乾坤期货,0,0,0,持平,0,0
20260318,豆粕,m2611,11,摩根大通期货,0,0,0,持平,0,0
20260318,豆粕,m2611,11,瑞银期货,0,0,0,持平,0,0
20260318,豆粕,m2701,01,中粮期货,2091,9991,-7900,净空,-201,419
20260318,豆粕,m2701,01,乾坤期货,0,0,0,持平,0,0
20260318,豆粕,m2701,01,摩根大通期货,1307,2895,-1588,净空,207,500
20260318,豆粕,m2701,01,瑞银期货,0,0,0,持平,0,0
20260318,豆粕,m2703,03,中粮期货,0,0,0,持平,0,0
20260318,豆粕,m2703,03,乾坤期货,0,0,0,持平,0,0
20260318,豆粕,m2703,03,摩根大通期货,0,0,0,持平,0,0
20260318,豆粕,m2703,03,瑞银期货,0,0,0,持平,0,0
20260319,豆粕,m2609,09,中粮期货,40774,229567,-188793,净空,2389,-4152
20260319,豆粕,m2609,09,乾坤期货,0,0,0,持平,0,0
20260319,豆粕,m2609,09,摩根大通期货,0,47114,-47114,净空,0,-2464
20260319,豆粕,m2609,09,瑞银期货,0,0,0,持平,0,0
20260319,豆粕,m2611,11,中粮期货,1155,0,1155,净多,477,0
20260319,豆粕,m2611,11,乾坤期货,0,0,0,持平,0,0
20260319,豆粕,m2611,11,摩根大通期货,0,0,0,持平,0,0
20260319,豆粕,m2611,11,瑞银期货,0,0,0,持平,0,0
20260319,豆粕,m2701,01,中粮期货,2192,9991,-7799,净空,101,0
20260319,豆粕,m2701,01,乾坤期货,0,0,0,持平,0,0
20260319,豆粕,m2701,01,摩根大通期货,0,2895,-2895,净空,0,0
20260319,豆粕,m2701,01,瑞银期货,0,0,0,持平,0,0
20260319,豆粕,m2703,03,中粮期货,0,0,0,持平,0,0
20260319,豆粕,m2703,03,乾坤期货,0,0,0,持平,0,0
20260319,豆粕,m2703,03,摩根大通期货,0,0,0,持平,0,0
20260319,豆粕,m2703,03,瑞银期货,0,0,0,持平,0,0
20260320,豆粕,m2609,09,中粮期货,40474,233891,-193417,净空,-300,4324
20260320,豆粕,m2609,09,乾坤期货,0,0,0,持平,0,0
20260320,豆粕,m2609,09,摩根大通期货,0,53534,-53534,净空,0,6420
20260320,豆粕,m2609,09,瑞银期货,0,0,0,持平,0,0
20260320,豆粕,m2611,11,中粮期货,1182,0,1182,净多,27,0
20260320,豆粕,m2611,11,乾坤期货,0,0,0,持平,0,0
20260320,豆粕,m2611,11,摩根大通期货,0,0,0,持平,0,0
20260320,豆粕,m2611,11,瑞银期货,0,0,0,持平,0,0
20260320,豆粕,m2701,01,中粮期货,2882,12406,-9524,净空,690,2415
20260320,豆粕,m2701,01,乾坤期货,0,0,0,持平,0,0
20260320,豆粕,m2701,01,摩根大通期货,1454,2895,-1441,净空,147,0
20260320,豆粕,m2701,01,瑞银期货,0,0,0,持平,0,0
20260320,豆粕,m2703,03,中粮期货,0,0,0,持平,0,0
20260320,豆粕,m2703,03,乾坤期货,0,0,0,持平,0,0
20260320,豆粕,m2703,03,摩根大通期货,0,0,0,持平,0,0
20260320,豆粕,m2703,03,瑞银期货,0,0,0,持平,0,0
20260323,豆粕,m2609,09,中粮期货,39052,237762,-198710,净空,-1422,3871
20260323,豆粕,m2609,09,乾坤期货,0,0,0,持平,0,0
20260323,豆粕,m2609,09,摩根大通期货,0,58454,-58454,净空,0,4920
20260323,豆粕,m2609,09,瑞银期货,0,0,0,持平,0,0
20260323,豆粕,m2611,11,中粮期货,1182,0,1182,净多,0,0
20260323,豆粕,m2611,11,乾坤期货,0,0,0,持平,0,0
20260323,豆粕,m2611,11,摩根大通期货,0,0,0,持平,0,0
20260323,豆粕,m2611,11,瑞银期货,0,0,0,持平,0,0
20260323,豆粕,m2701,01,中粮期货,2905,12429,-9524,净空,23,23
20260323,豆粕,m2701,01,乾坤期货,0,0,0,持平,0,0
20260323,豆粕,m2701,01,摩根大通期货,1467,2345,-878,净空,13,-550
20260323,豆粕,m2701,01,瑞银期货,0,0,0,持平,0,0
20260323,豆粕,m2703,03,中粮期货,0,0,0,持平,0,0
20260323,豆粕,m2703,03,乾坤期货,0,0,0,持平,0,0
20260323,豆粕,m2703,03,摩根大通期货,0,0,0,持平,0,0
20260323,豆粕,m2703,03,瑞银期货,0,0,0,持平,0,0
20260324,豆粕,m2609,09,中粮期货,38651,244624,-205973,净空,-401,6862
20260324,豆粕,m2609,09,乾坤期货,0,0,0,持平,0,0
20260324,豆粕,m2609,09,摩根大通期货,0,56956,-56956,净空,0,-1498
20260324,豆粕,m2609,09,瑞银期货,0,0,0,持平,0,0
20260324,豆粕,m2611,11,中粮期货,1686,0,1686,净多,504,0
20260324,豆粕,m2611,11,乾坤期货,0,0,0,持平,0,0
20260324,豆粕,m2611,11,摩根大通期货,0,0,0,持平,0,0
20260324,豆粕,m2611,11,瑞银期货,0,0,0,持平,0,0
20260324,豆粕,m2701,01,中粮期货,2730,12561,-9831,净空,-175,132
20260324,豆粕,m2701,01,乾坤期货,0,0,0,持平,0,0
20260324,豆粕,m2701,01,摩根大通期货,1467,2345,-878,净空,0,0
20260324,豆粕,m2701,01,瑞银期货,0,0,0,持平,0,0
20260324,豆粕,m2703,03,中粮期货,365,433,-68,净空,316,428
20260324,豆粕,m2703,03,乾坤期货,0,0,0,持平,0,0
20260324,豆粕,m2703,03,摩根大通期货,0,0,0,持平,0,0
20260324,豆粕,m2703,03,瑞银期货,0,0,0,持平,0,0
20260325,豆粕,m2609,09,中粮期货,41788,259967,-218179,净空,3137,15343
20260325,豆粕,m2609,09,乾坤期货,0,0,0,持平,0,0
20260325,豆粕,m2609,09,摩根大通期货,0,56064,-56064,净空,0,-892
20260325,豆粕,m2609,09,瑞银期货,0,0,0,持平,0,0
20260325,豆粕,m2611,11,中粮期货,2097,0,2097,净多,411,0
20260325,豆粕,m2611,11,乾坤期货,0,0,0,持平,0,0
20260325,豆粕,m2611,11,摩根大通期货,0,0,0,持平,0,0
20260325,豆粕,m2611,11,瑞银期货,0,0,0,持平,0,0
20260325,豆粕,m2701,01,中粮期货,2688,12541,-9853,净空,-42,-20
20260325,豆粕,m2701,01,乾坤期货,0,0,0,持平,0,0
20260325,豆粕,m2701,01,摩根大通期货,1572,2345,-773,净空,105,0
20260325,豆粕,m2701,01,瑞银期货,0,0,0,持平,0,0
20260325,豆粕,m2703,03,中粮期货,393,433,-40,净空,28,0
20260325,豆粕,m2703,03,乾坤期货,0,0,0,持平,0,0
20260325,豆粕,m2703,03,摩根大通期货,0,0,0,持平,0,0
20260325,豆粕,m2703,03,瑞银期货,0,0,0,持平,0,0
20260326,豆粕,m2609,09,中粮期货,41486,268226,-226740,净空,-302,8259
20260326,豆粕,m2609,09,乾坤期货,0,0,0,持平,0,0
20260326,豆粕,m2609,09,摩根大通期货,0,56379,-56379,净空,0,315
20260326,豆粕,m2609,09,瑞银期货,0,0,0,持平,0,0
20260326,豆粕,m2611,11,中粮期货,2877,0,2877,净多,780,0
20260326,豆粕,m2611,11,乾坤期货,0,0,0,持平,0,0
20260326,豆粕,m2611,11,摩根大通期货,0,0,0,持平,0,0
20260326,豆粕,m2611,11,瑞银期货,0,0,0,持平,0,0
20260326,豆粕,m2701,01,中粮期货,2824,12531,-9707,净空,136,-10
20260326,豆粕,m2701,01,乾坤期货,0,0,0,持平,0,0
20260326,豆粕,m2701,01,摩根大通期货,1578,1095,483,净多,6,-1250
20260326,豆粕,m2701,01,瑞银期货,0,0,0,持平,0,0
20260326,豆粕,m2703,03,中粮期货,393,433,-40,净空,0,0
20260326,豆粕,m2703,03,乾坤期货,0,0,0,持平,0,0
20260326,豆粕,m2703,03,摩根大通期货,0,0,0,持平,0,0
20260326,豆粕,m2703,03,瑞银期货,0,0,0,持平,0,0
20260327,豆粕,m2609,09,中粮期货,44302,274373,-230071,净空,2816,6147
20260327,豆粕,m2609,09,乾坤期货,0,0,0,持平,0,0
20260327,豆粕,m2609,09,摩根大通期货,31369,53005,-21636,净空,20760,-3374
20260327,豆粕,m2609,09,瑞银期货,0,0,0,持平,0,0
20260327,豆粕,m2611,11,中粮期货,2877,0,2877,净多,0,0
20260327,豆粕,m2611,11,乾坤期货,0,0,0,持平,0,0
20260327,豆粕,m2611,11,摩根大通期货,0,0,0,持平,0,0
20260327,豆粕,m2611,11,瑞银期货,0,0,0,持平,0,0
20260327,豆粕,m2701,01,中粮期货,2726,12530,-9804,净空,-98,-1
20260327,豆粕,m2701,01,乾坤期货,0,0,0,持平,0,0
20260327,豆粕,m2701,01,摩根大通期货,1583,1095,488,净多,5,0
20260327,豆粕,m2701,01,瑞银期货,1399,0,1399,净多,125,0
20260327,豆粕,m2703,03,中粮期货,393,433,-40,净空,0,0
20260327,豆粕,m2703,03,乾坤期货,0,0,0,持平,0,0
20260327,豆粕,m2703,03,摩根大通期货,0,0,0,持平,0,0
20260327,豆粕,m2703,03,瑞银期货,0,0,0,持平,0,0
20260330,豆粕,m2609,09,中粮期货,43166,272797,-229631,净空,-1136,-1576
20260330,豆粕,m2609,09,乾坤期货,0,0,0,持平,0,0
20260330,豆粕,m2609,09,摩根大通期货,30083,54691,-24608,净空,-1286,1686
20260330,豆粕,m2609,09,瑞银期货,17056,0,17056,净多,2622,0
20260330,豆粕,m2611,11,中粮期货,2628,0,2628,净多,-249,0
20260330,豆粕,m2611,11,乾坤期货,0,0,0,持平,0,0
20260330,豆粕,m2611,11,摩根大通期货,0,0,0,持平,0,0
20260330,豆粕,m2611,11,瑞银期货,0,0,0,持平,0,0
20260330,豆粕,m2701,01,中粮期货,2629,12471,-9842,净空,-97,-59
20260330,豆粕,m2701,01,乾坤期货,0,0,0,持平,0,0
20260330,豆粕,m2701,01,摩根大通期货,1590,1295,295,净多,7,200
20260330,豆粕,m2701,01,瑞银期货,1526,0,1526,净多,127,0
20260330,豆粕,m2703,03,中粮期货,392,433,-41,净空,-1,0
20260330,豆粕,m2703,03,乾坤期货,0,0,0,持平,0,0
20260330,豆粕,m2703,03,摩根大通期货,0,0,0,持平,0,0
20260330,豆粕,m2703,03,瑞银期货,0,0,0,持平,0,0
20260331,豆粕,m2609,09,中粮期货,42577,273388,-230811,净空,-589,591
20260331,豆粕,m2609,09,乾坤期货,0,0,0,持平,0,0
20260331,豆粕,m2609,09,摩根大通期货,42582,57741,-15159,净空,12499,3050
20260331,豆粕,m2609,09,瑞银期货,0,0,0,持平,0,0
20260331,豆粕,m2611,11,中粮期货,2736,0,2736,净多,108,0
20260331,豆粕,m2611,11,乾坤期货,0,0,0,持平,0,0
20260331,豆粕,m2611,11,摩根大通期货,0,0,0,持平,0,0
20260331,豆粕,m2611,11,瑞银期货,0,0,0,持平,0,0
20260331,豆粕,m2701,01,中粮期货,2216,12472,-10256,净空,-413,1
20260331,豆粕,m2701,01,乾坤期货,0,0,0,持平,0,0
20260331,豆粕,m2701,01,摩根大通期货,1590,2195,-605,净空,0,900
20260331,豆粕,m2701,01,瑞银期货,1653,0,1653,净多,127,0
20260331,豆粕,m2703,03,中粮期货,403,433,-30,净空,11,0
20260331,豆粕,m2703,03,乾坤期货,0,0,0,持平,0,0
20260331,豆粕,m2703,03,摩根大通期货,0,0,0,持平,0,0
20260331,豆粕,m2703,03,瑞银期货,0,0,0,持平,0,0
20260401,豆粕,m2609,09,中粮期货,50065,276496,-226431,净空,7488,3108
20260401,豆粕,m2609,09,乾坤期货,0,0,0,持平,0,0
20260401,豆粕,m2609,09,摩根大通期货,33856,57970,-24114,净空,-8726,229
20260401,豆粕,m2609,09,瑞银期货,19264,0,19264,净多,1698,0
20260401,豆粕,m2611,11,中粮期货,2985,0,2985,净多,249,0
20260401,豆粕,m2611,11,乾坤期货,0,0,0,持平,0,0
20260401,豆粕,m2611,11,摩根大通期货,0,0,0,持平,0,0
20260401,豆粕,m2611,11,瑞银期货,0,0,0,持平,0,0
20260401,豆粕,m2701,01,中粮期货,2628,12756,-10128,净空,412,284
20260401,豆粕,m2701,01,乾坤期货,0,0,0,持平,0,0
20260401,豆粕,m2701,01,摩根大通期货,1590,2195,-605,净空,0,0
20260401,豆粕,m2701,01,瑞银期货,1939,0,1939,净多,286,0
20260401,豆粕,m2703,03,中粮期货,0,433,-433,净空,0,0
20260401,豆粕,m2703,03,乾坤期货,0,0,0,持平,0,0
20260401,豆粕,m2703,03,摩根大通期货,0,0,0,持平,0,0
20260401,豆粕,m2703,03,瑞银期货,0,0,0,持平,0,0
20260402,豆粕,m2609,09,中粮期货,52711,299366,-246655,净空,2646,22870
20260402,豆粕,m2609,09,乾坤期货,0,0,0,持平,0,0
20260402,豆粕,m2609,09,摩根大通期货,34016,59259,-25243,净空,160,1289
20260402,豆粕,m2609,09,瑞银期货,19312,0,19312,净多,48,0
20260402,豆粕,m2611,11,中粮期货,3106,0,3106,净多,121,0
20260402,豆粕,m2611,11,乾坤期货,0,0,0,持平,0,0
20260402,豆粕,m2611,11,摩根大通期货,0,0,0,持平,0,0
20260402,豆粕,m2611,11,瑞银期货,0,0,0,持平,0,0
20260402,豆粕,m2701,01,中粮期货,2826,12738,-9912,净空,198,-18
20260402,豆粕,m2701,01,乾坤期货,0,0,0,持平,0,0
20260402,豆粕,m2701,01,摩根大通期货,1590,2195,-605,净空,0,0
20260402,豆粕,m2701,01,瑞银期货,1993,0,1993,净多,54,0
20260402,豆粕,m2703,03,中粮期货,0,431,-431,净空,0,-2
20260402,豆粕,m2703,03,乾坤期货,0,0,0,持平,0,0
20260402,豆粕,m2703,03,摩根大通期货,0,0,0,持平,0,0
20260402,豆粕,m2703,03,瑞银期货,0,0,0,持平,0,0
20260403,豆粕,m2609,09,中粮期货,52307,312180,-259873,净空,-404,12814
20260403,豆粕,m2609,09,乾坤期货,0,0,0,持平,0,0
20260403,豆粕,m2609,09,摩根大通期货,35408,62382,-26974,净空,1392,3123
20260403,豆粕,m2609,09,瑞银期货,18959,0,18959,净多,-353,0
20260403,豆粕,m2611,11,中粮期货,3138,0,3138,净多,32,0
20260403,豆粕,m2611,11,乾坤期货,0,0,0,持平,0,0
20260403,豆粕,m2611,11,摩根大通期货,0,0,0,持平,0,0
20260403,豆粕,m2611,11,瑞银期货,0,0,0,持平,0,0
20260403,豆粕,m2701,01,中粮期货,3974,12847,-8873,净空,1148,109
20260403,豆粕,m2701,01,乾坤期货,0,0,0,持平,0,0
20260403,豆粕,m2701,01,摩根大通期货,1590,2195,-605,净空,0,0
20260403,豆粕,m2701,01,瑞银期货,1981,0,1981,净多,-12,0
20260403,豆粕,m2703,03,中粮期货,711,431,280,净多,301,0
20260403,豆粕,m2703,03,乾坤期货,0,0,0,持平,0,0
20260403,豆粕,m2703,03,摩根大通期货,0,0,0,持平,0,0
20260403,豆粕,m2703,03,瑞银期货,0,0,0,持平,0,0
20260407,豆粕,m2609,09,中粮期货,53113,322027,-268914,净空,806,9847
20260407,豆粕,m2609,09,乾坤期货,0,0,0,持平,0,0
20260407,豆粕,m2609,09,摩根大通期货,28279,64056,-35777,净空,-7129,1674
20260407,豆粕,m2609,09,瑞银期货,0,0,0,持平,0,0
20260407,豆粕,m2611,11,中粮期货,3114,0,3114,净多,-24,0
20260407,豆粕,m2611,11,乾坤期货,0,0,0,持平,0,0
20260407,豆粕,m2611,11,摩根大通期货,0,0,0,持平,0,0
20260407,豆粕,m2611,11,瑞银期货,0,0,0,持平,0,0
20260407,豆粕,m2701,01,中粮期货,4680,13087,-8407,净空,706,240
20260407,豆粕,m2701,01,乾坤期货,0,0,0,持平,0,0
20260407,豆粕,m2701,01,摩根大通期货,1590,2195,-605,净空,0,0
20260407,豆粕,m2701,01,瑞银期货,1650,0,1650,净多,-331,0
20260407,豆粕,m2703,03,中粮期货,712,431,281,净多,1,0
20260407,豆粕,m2703,03,乾坤期货,0,0,0,持平,0,0
20260407,豆粕,m2703,03,摩根大通期货,0,0,0,持平,0,0
20260407,豆粕,m2703,03,瑞银期货,0,0,0,持平,0,0
20260408,豆粕,m2609,09,中粮期货,52511,335980,-283469,净空,-602,13953
20260408,豆粕,m2609,09,乾坤期货,0,0,0,持平,0,0
20260408,豆粕,m2609,09,摩根大通期货,29565,89416,-59851,净空,1286,25360
20260408,豆粕,m2609,09,瑞银期货,0,0,0,持平,0,0
20260408,豆粕,m2611,11,中粮期货,3106,0,3106,净多,-8,0
20260408,豆粕,m2611,11,乾坤期货,0,0,0,持平,0,0
20260408,豆粕,m2611,11,摩根大通期货,0,0,0,持平,0,0
20260408,豆粕,m2611,11,瑞银期货,0,0,0,持平,0,0
20260408,豆粕,m2701,01,中粮期货,3963,13281,-9318,净空,-717,194
20260408,豆粕,m2701,01,乾坤期货,0,0,0,持平,0,0
20260408,豆粕,m2701,01,摩根大通期货,1892,2195,-303,净空,302,0
20260408,豆粕,m2701,01,瑞银期货,1747,0,1747,净多,97,0
20260408,豆粕,m2703,03,中粮期货,0,429,-429,净空,0,-2
20260408,豆粕,m2703,03,乾坤期货,0,0,0,持平,0,0
20260408,豆粕,m2703,03,摩根大通期货,0,0,0,持平,0,0
20260408,豆粕,m2703,03,瑞银期货,0,0,0,持平,0,0
20260409,豆粕,m2609,09,中粮期货,53419,349658,-296239,净空,908,13678
20260409,豆粕,m2609,09,乾坤期货,0,0,0,持平,0,0
20260409,豆粕,m2609,09,摩根大通期货,31321,95224,-63903,净空,1756,5808
20260409,豆粕,m2609,09,瑞银期货,33425,0,33425,净多,15551,0
20260409,豆粕,m2611,11,中粮期货,3079,0,3079,净多,-27,0
20260409,豆粕,m2611,11,乾坤期货,0,0,0,持平,0,0
20260409,豆粕,m2611,11,摩根大通期货,0,0,0,持平,0,0
20260409,豆粕,m2611,11,瑞银期货,0,0,0,持平,0,0
20260409,豆粕,m2701,01,中粮期货,3496,13687,-10191,净空,-467,406
20260409,豆粕,m2701,01,乾坤期货,0,0,0,持平,0,0
20260409,豆粕,m2701,01,摩根大通期货,1962,2195,-233,净空,70,0
20260409,豆粕,m2701,01,瑞银期货,1844,0,1844,净多,97,0
20260409,豆粕,m2703,03,中粮期货,0,429,-429,净空,0,0
20260409,豆粕,m2703,03,乾坤期货,0,0,0,持平,0,0
20260409,豆粕,m2703,03,摩根大通期货,0,0,0,持平,0,0
20260409,豆粕,m2703,03,瑞银期货,0,0,0,持平,0,0
20260410,豆粕,m2609,09,中粮期货,55920,358513,-302593,净空,2501,8855
20260410,豆粕,m2609,09,乾坤期货,0,0,0,持平,0,0
20260410,豆粕,m2609,09,摩根大通期货,30402,88372,-57970,净空,-919,-6852
20260410,豆粕,m2609,09,瑞银期货,48921,0,48921,净多,15496,0
20260410,豆粕,m2611,11,中粮期货,3996,0,3996,净多,917,0
20260410,豆粕,m2611,11,乾坤期货,0,0,0,持平,0,0
20260410,豆粕,m2611,11,摩根大通期货,0,0,0,持平,0,0
20260410,豆粕,m2611,11,瑞银期货,0,0,0,持平,0,0
20260410,豆粕,m2701,01,中粮期货,3531,20651,-17120,净空,35,6964
20260410,豆粕,m2701,01,乾坤期货,0,0,0,持平,0,0
20260410,豆粕,m2701,01,摩根大通期货,2175,2195,-20,净空,213,0
20260410,豆粕,m2701,01,瑞银期货,1941,0,1941,净多,97,0
20260410,豆粕,m2703,03,中粮期货,0,440,-440,净空,0,11
20260410,豆粕,m2703,03,乾坤期货,0,0,0,持平,0,0
20260410,豆粕,m2703,03,摩根大通期货,0,0,0,持平,0,0
20260410,豆粕,m2703,03,瑞银期货,0,0,0,持平,0,0
20260413,豆粕,m2609,09,中粮期货,55296,358464,-303168,净空,-624,-49
20260413,豆粕,m2609,09,乾坤期货,0,0,0,持平,0,0
20260413,豆粕,m2609,09,摩根大通期货,32956,72572,-39616,净空,2554,-15800
20260413,豆粕,m2609,09,瑞银期货,47398,0,47398,净多,-1523,0
20260413,豆粕,m2611,11,中粮期货,4498,0,4498,净多,502,0
20260413,豆粕,m2611,11,乾坤期货,0,0,0,持平,0,0
20260413,豆粕,m2611,11,摩根大通期货,0,0,0,持平,0,0
20260413,豆粕,m2611,11,瑞银期货,0,0,0,持平,0,0
20260413,豆粕,m2701,01,中粮期货,3753,28210,-24457,净空,222,7559
20260413,豆粕,m2701,01,乾坤期货,0,0,0,持平,0,0
20260413,豆粕,m2701,01,摩根大通期货,2292,2195,97,净多,117,0
20260413,豆粕,m2701,01,瑞银期货,0,0,0,持平,0,0
20260413,豆粕,m2703,03,中粮期货,0,478,-478,净空,0,38
20260413,豆粕,m2703,03,乾坤期货,0,0,0,持平,0,0
20260413,豆粕,m2703,03,摩根大通期货,0,0,0,持平,0,0
20260413,豆粕,m2703,03,瑞银期货,0,0,0,持平,0,0
20260414,豆粕,m2609,09,中粮期货,53945,369059,-315114,净空,-1351,10595
20260414,豆粕,m2609,09,乾坤期货,0,0,0,持平,0,0
20260414,豆粕,m2609,09,摩根大通期货,32487,73813,-41326,净空,-469,1241
20260414,豆粕,m2609,09,瑞银期货,48495,0,48495,净多,1097,0
20260414,豆粕,m2611,11,中粮期货,4565,0,4565,净多,67,0
20260414,豆粕,m2611,11,乾坤期货,0,0,0,持平,0,0
20260414,豆粕,m2611,11,摩根大通期货,0,0,0,持平,0,0
20260414,豆粕,m2611,11,瑞银期货,0,0,0,持平,0,0
20260414,豆粕,m2701,01,中粮期货,3981,28032,-24051,净空,228,-178
20260414,豆粕,m2701,01,乾坤期货,0,0,0,持平,0,0
20260414,豆粕,m2701,01,摩根大通期货,2366,2195,171,净多,74,0
20260414,豆粕,m2701,01,瑞银期货,0,0,0,持平,0,0
20260414,豆粕,m2703,03,中粮期货,0,478,-478,净空,0,0
20260414,豆粕,m2703,03,乾坤期货,0,0,0,持平,0,0
20260414,豆粕,m2703,03,摩根大通期货,0,0,0,持平,0,0
20260414,豆粕,m2703,03,瑞银期货,0,0,0,持平,0,0
20260415,豆粕,m2609,09,中粮期货,54010,369731,-315721,净空,65,672
20260415,豆粕,m2609,09,乾坤期货,0,0,0,持平,0,0
20260415,豆粕,m2609,09,摩根大通期货,30662,79028,-48366,净空,-1825,5215
20260415,豆粕,m2609,09,瑞银期货,50010,0,50010,净多,1515,0
20260415,豆粕,m2611,11,中粮期货,4648,0,4648,净多,83,0
20260415,豆粕,m2611,11,乾坤期货,0,0,0,持平,0,0
20260415,豆粕,m2611,11,摩根大通期货,0,0,0,持平,0,0
20260415,豆粕,m2611,11,瑞银期货,0,0,0,持平,0,0
20260415,豆粕,m2701,01,中粮期货,3955,27839,-23884,净空,-26,-193
20260415,豆粕,m2701,01,乾坤期货,0,0,0,持平,0,0
20260415,豆粕,m2701,01,摩根大通期货,2332,2195,137,净多,-34,0
20260415,豆粕,m2701,01,瑞银期货,0,0,0,持平,0,0
20260415,豆粕,m2703,03,中粮期货,0,478,-478,净空,0,0
20260415,豆粕,m2703,03,乾坤期货,0,0,0,持平,0,0
20260415,豆粕,m2703,03,摩根大通期货,0,0,0,持平,0,0
20260415,豆粕,m2703,03,瑞银期货,0,0,0,持平,0,0
20260416,豆粕,m2609,09,中粮期货,58432,381401,-322969,净空,4422,11670
20260416,豆粕,m2609,09,乾坤期货,0,0,0,持平,0,0
20260416,豆粕,m2609,09,摩根大通期货,33165,73376,-40211,净空,2503,-5652
20260416,豆粕,m2609,09,瑞银期货,50371,0,50371,净多,361,0
20260416,豆粕,m2611,11,中粮期货,4468,0,4468,净多,-180,0
20260416,豆粕,m2611,11,乾坤期货,0,0,0,持平,0,0
20260416,豆粕,m2611,11,摩根大通期货,0,0,0,持平,0,0
20260416,豆粕,m2611,11,瑞银期货,0,0,0,持平,0,0
20260416,豆粕,m2701,01,中粮期货,4639,28055,-23416,净空,684,216
20260416,豆粕,m2701,01,乾坤期货,0,0,0,持平,0,0
20260416,豆粕,m2701,01,摩根大通期货,0,3323,-3323,净空,0,1128
20260416,豆粕,m2701,01,瑞银期货,0,0,0,持平,0,0
20260416,豆粕,m2703,03,中粮期货,0,531,-531,净空,0,53
20260416,豆粕,m2703,03,乾坤期货,0,0,0,持平,0,0
20260416,豆粕,m2703,03,摩根大通期货,0,0,0,持平,0,0
20260416,豆粕,m2703,03,瑞银期货,0,0,0,持平,0,0
20260417,豆粕,m2609,09,中粮期货,66856,382933,-316077,净空,8424,1532
20260417,豆粕,m2609,09,乾坤期货,0,0,0,持平,0,0
20260417,豆粕,m2609,09,摩根大通期货,29811,76760,-46949,净空,-3354,3384
20260417,豆粕,m2609,09,瑞银期货,50732,0,50732,净多,361,0
20260417,豆粕,m2611,11,中粮期货,5817,0,5817,净多,1349,0
20260417,豆粕,m2611,11,乾坤期货,0,0,0,持平,0,0
20260417,豆粕,m2611,11,摩根大通期货,0,0,0,持平,0,0
20260417,豆粕,m2611,11,瑞银期货,0,0,0,持平,0,0
20260417,豆粕,m2701,01,中粮期货,4911,27777,-22866,净空,272,-278
20260417,豆粕,m2701,01,乾坤期货,0,0,0,持平,0,0
20260417,豆粕,m2701,01,摩根大通期货,0,2973,-2973,净空,0,-350
20260417,豆粕,m2701,01,瑞银期货,0,0,0,持平,0,0
20260417,豆粕,m2703,03,中粮期货,533,430,103,净多,123,-101
20260417,豆粕,m2703,03,乾坤期货,0,0,0,持平,0,0
20260417,豆粕,m2703,03,摩根大通期货,0,0,0,持平,0,0
20260417,豆粕,m2703,03,瑞银期货,0,0,0,持平,0,0
20260420,豆粕,m2609,09,中粮期货,63971,400356,-336385,净空,-2885,17423
20260420,豆粕,m2609,09,乾坤期货,0,0,0,持平,0,0
20260420,豆粕,m2609,09,摩根大通期货,32601,73988,-41387,净空,2790,-2772
20260420,豆粕,m2609,09,瑞银期货,49537,0,49537,净多,-1195,0
20260420,豆粕,m2611,11,中粮期货,6707,0,6707,净多,890,0
20260420,豆粕,m2611,11,乾坤期货,0,0,0,持平,0,0
20260420,豆粕,m2611,11,摩根大通期货,0,0,0,持平,0,0
20260420,豆粕,m2611,11,瑞银期货,0,0,0,持平,0,0
20260420,豆粕,m2701,01,中粮期货,5053,28194,-23141,净空,142,417
20260420,豆粕,m2701,01,乾坤期货,0,0,0,持平,0,0
20260420,豆粕,m2701,01,摩根大通期货,0,2973,-2973,净空,0,0
20260420,豆粕,m2701,01,瑞银期货,0,0,0,持平,0,0
20260420,豆粕,m2703,03,中粮期货,514,436,78,净多,-19,6
20260420,豆粕,m2703,03,乾坤期货,0,0,0,持平,0,0
20260420,豆粕,m2703,03,摩根大通期货,0,0,0,持平,0,0
20260420,豆粕,m2703,03,瑞银期货,0,0,0,持平,0,0
20260421,豆粕,m2609,09,中粮期货,64921,423505,-358584,净空,950,23149
20260421,豆粕,m2609,09,乾坤期货,0,0,0,持平,0,0
20260421,豆粕,m2609,09,摩根大通期货,27691,78562,-50871,净空,-4910,4574
20260421,豆粕,m2609,09,瑞银期货,49537,0,49537,净多,0,0
20260421,豆粕,m2611,11,中粮期货,6616,0,6616,净多,-91,0
20260421,豆粕,m2611,11,乾坤期货,0,0,0,持平,0,0
20260421,豆粕,m2611,11,摩根大通期货,0,0,0,持平,0,0
20260421,豆粕,m2611,11,瑞银期货,0,0,0,持平,0,0
20260421,豆粕,m2701,01,中粮期货,5267,28191,-22924,净空,214,-3
20260421,豆粕,m2701,01,乾坤期货,0,0,0,持平,0,0
20260421,豆粕,m2701,01,摩根大通期货,0,8573,-8573,净空,0,5600
20260421,豆粕,m2701,01,瑞银期货,0,0,0,持平,0,0
20260421,豆粕,m2703,03,中粮期货,0,552,-552,净空,0,116
20260421,豆粕,m2703,03,乾坤期货,0,0,0,持平,0,0
20260421,豆粕,m2703,03,摩根大通期货,0,0,0,持平,0,0
20260421,豆粕,m2703,03,瑞银期货,0,0,0,持平,0,0
20260422,豆粕,m2609,09,中粮期货,59553,456096,-396543,净空,-5368,32591
20260422,豆粕,m2609,09,乾坤期货,0,0,0,持平,0,0
20260422,豆粕,m2609,09,摩根大通期货,34424,79371,-44947,净空,6733,809
20260422,豆粕,m2609,09,瑞银期货,49537,0,49537,净多,0,0
20260422,豆粕,m2611,11,中粮期货,6145,0,6145,净多,-471,0
20260422,豆粕,m2611,11,乾坤期货,0,0,0,持平,0,0
20260422,豆粕,m2611,11,摩根大通期货,0,0,0,持平,0,0
20260422,豆粕,m2611,11,瑞银期货,0,0,0,持平,0,0
20260422,豆粕,m2701,01,中粮期货,5249,28509,-23260,净空,-18,318
20260422,豆粕,m2701,01,乾坤期货,0,0,0,持平,0,0
20260422,豆粕,m2701,01,摩根大通期货,0,8573,-8573,净空,0,0
20260422,豆粕,m2701,01,瑞银期货,0,0,0,持平,0,0
20260422,豆粕,m2703,03,中粮期货,0,610,-610,净空,0,58
20260422,豆粕,m2703,03,乾坤期货,0,0,0,持平,0,0
20260422,豆粕,m2703,03,摩根大通期货,0,0,0,持平,0,0
20260422,豆粕,m2703,03,瑞银期货,0,0,0,持平,0,0
20260423,豆粕,m2609,09,中粮期货,65992,481865,-415873,净空,6439,25769
20260423,豆粕,m2609,09,乾坤期货,0,0,0,持平,0,0
20260423,豆粕,m2609,09,摩根大通期货,0,87172,-87172,净空,0,7801
20260423,豆粕,m2609,09,瑞银期货,50249,0,50249,净多,712,0
20260423,豆粕,m2611,11,中粮期货,7338,0,7338,净多,1193,0
20260423,豆粕,m2611,11,乾坤期货,0,0,0,持平,0,0
20260423,豆粕,m2611,11,摩根大通期货,0,0,0,持平,0,0
20260423,豆粕,m2611,11,瑞银期货,0,0,0,持平,0,0
20260423,豆粕,m2701,01,中粮期货,5639,30847,-25208,净空,390,2338
20260423,豆粕,m2701,01,乾坤期货,0,0,0,持平,0,0
20260423,豆粕,m2701,01,摩根大通期货,0,8573,-8573,净空,0,0
20260423,豆粕,m2701,01,瑞银期货,0,0,0,持平,0,0
20260423,豆粕,m2703,03,中粮期货,0,610,-610,净空,0,0
20260423,豆粕,m2703,03,乾坤期货,0,0,0,持平,0,0
20260423,豆粕,m2703,03,摩根大通期货,0,0,0,持平,0,0
20260423,豆粕,m2703,03,瑞银期货,0,0,0,持平,0,0
20260424,豆粕,m2609,09,中粮期货,72270,482820,-410550,净空,6278,955
20260424,豆粕,m2609,09,乾坤期货,0,0,0,持平,0,0
20260424,豆粕,m2609,09,摩根大通期货,0,93144,-93144,净空,0,5972
20260424,豆粕,m2609,09,瑞银期货,50249,0,50249,净多,0,0
20260424,豆粕,m2611,11,中粮期货,7509,0,7509,净多,171,0
20260424,豆粕,m2611,11,乾坤期货,0,0,0,持平,0,0
20260424,豆粕,m2611,11,摩根大通期货,0,0,0,持平,0,0
20260424,豆粕,m2611,11,瑞银期货,0,0,0,持平,0,0
20260424,豆粕,m2701,01,中粮期货,7654,41007,-33353,净空,2015,10160
20260424,豆粕,m2701,01,乾坤期货,0,0,0,持平,0,0
20260424,豆粕,m2701,01,摩根大通期货,0,8573,-8573,净空,0,0
20260424,豆粕,m2701,01,瑞银期货,0,0,0,持平,0,0
20260424,豆粕,m2703,03,中粮期货,0,5711,-5711,净空,0,5101
20260424,豆粕,m2703,03,乾坤期货,0,0,0,持平,0,0
20260424,豆粕,m2703,03,摩根大通期货,0,0,0,持平,0,0
20260424,豆粕,m2703,03,瑞银期货,0,0,0,持平,0,0
20260427,豆粕,m2609,09,中粮期货,71929,481811,-409882,净空,-341,-1009
20260427,豆粕,m2609,09,乾坤期货,0,0,0,持平,0,0
20260427,豆粕,m2609,09,摩根大通期货,0,86827,-86827,净空,0,-6317
20260427,豆粕,m2609,09,瑞银期货,50249,0,50249,净多,0,0
20260427,豆粕,m2611,11,中粮期货,7378,0,7378,净多,-131,0
20260427,豆粕,m2611,11,乾坤期货,0,0,0,持平,0,0
20260427,豆粕,m2611,11,摩根大通期货,0,0,0,持平,0,0
20260427,豆粕,m2611,11,瑞银期货,0,0,0,持平,0,0
20260427,豆粕,m2701,01,中粮期货,7171,40908,-33737,净空,-483,-99
20260427,豆粕,m2701,01,乾坤期货,0,0,0,持平,0,0
20260427,豆粕,m2701,01,摩根大通期货,0,8573,-8573,净空,0,0
20260427,豆粕,m2701,01,瑞银期货,0,0,0,持平,0,0
20260427,豆粕,m2703,03,中粮期货,0,5712,-5712,净空,0,1
20260427,豆粕,m2703,03,乾坤期货,0,0,0,持平,0,0
20260427,豆粕,m2703,03,摩根大通期货,0,0,0,持平,0,0
20260427,豆粕,m2703,03,瑞银期货,0,0,0,持平,0,0
20260428,豆粕,m2609,09,中粮期货,71611,487441,-415830,净空,-318,5630
20260428,豆粕,m2609,09,乾坤期货,0,0,0,持平,0,0
20260428,豆粕,m2609,09,摩根大通期货,0,81425,-81425,净空,0,-5402
20260428,豆粕,m2609,09,瑞银期货,50249,0,50249,净多,0,0
20260428,豆粕,m2611,11,中粮期货,7252,0,7252,净多,-126,0
20260428,豆粕,m2611,11,乾坤期货,0,0,0,持平,0,0
20260428,豆粕,m2611,11,摩根大通期货,0,0,0,持平,0,0
20260428,豆粕,m2611,11,瑞银期货,0,0,0,持平,0,0
20260428,豆粕,m2701,01,中粮期货,7797,41256,-33459,净空,626,348
20260428,豆粕,m2701,01,乾坤期货,0,0,0,持平,0,0
20260428,豆粕,m2701,01,摩根大通期货,0,8573,-8573,净空,0,0
20260428,豆粕,m2701,01,瑞银期货,0,0,0,持平,0,0
20260428,豆粕,m2703,03,中粮期货,0,5712,-5712,净空,0,0
20260428,豆粕,m2703,03,乾坤期货,0,0,0,持平,0,0
20260428,豆粕,m2703,03,摩根大通期货,0,0,0,持平,0,0
20260428,豆粕,m2703,03,瑞银期货,0,0,0,持平,0,0
20260429,豆粕,m2609,09,中粮期货,69399,504240,-434841,净空,-2212,16799
20260429,豆粕,m2609,09,乾坤期货,0,0,0,持平,0,0
20260429,豆粕,m2609,09,摩根大通期货,29809,78856,-49047,净空,5556,-2569
20260429,豆粕,m2609,09,瑞银期货,53877,0,53877,净多,3628,0
20260429,豆粕,m2611,11,中粮期货,7130,0,7130,净多,-122,0
20260429,豆粕,m2611,11,乾坤期货,0,0,0,持平,0,0
20260429,豆粕,m2611,11,摩根大通期货,0,0,0,持平,0,0
20260429,豆粕,m2611,11,瑞银期货,0,0,0,持平,0,0
20260429,豆粕,m2701,01,中粮期货,6384,41908,-35524,净空,-1413,652
20260429,豆粕,m2701,01,乾坤期货,0,0,0,持平,0,0
20260429,豆粕,m2701,01,摩根大通期货,0,8573,-8573,净空,0,0
20260429,豆粕,m2701,01,瑞银期货,0,0,0,持平,0,0
20260429,豆粕,m2703,03,中粮期货,0,5715,-5715,净空,0,3
20260429,豆粕,m2703,03,乾坤期货,0,0,0,持平,0,0
20260429,豆粕,m2703,03,摩根大通期货,0,0,0,持平,0,0
20260429,豆粕,m2703,03,瑞银期货,0,0,0,持平,0,0
20260430,豆粕,m2609,09,中粮期货,69134,526039,-456905,净空,-265,21799
20260430,豆粕,m2609,09,乾坤期货,0,0,0,持平,0,0
20260430,豆粕,m2609,09,摩根大通期货,38033,69570,-31537,净空,8224,-9286
20260430,豆粕,m2609,09,瑞银期货,56250,0,56250,净多,2373,0
20260430,豆粕,m2611,11,中粮期货,7132,0,7132,净多,2,0
20260430,豆粕,m2611,11,乾坤期货,0,0,0,持平,0,0
20260430,豆粕,m2611,11,摩根大通期货,0,0,0,持平,0,0
20260430,豆粕,m2611,11,瑞银期货,0,0,0,持平,0,0
20260430,豆粕,m2701,01,中粮期货,5959,42150,-36191,净空,-425,242
20260430,豆粕,m2701,01,乾坤期货,0,0,0,持平,0,0
20260430,豆粕,m2701,01,摩根大通期货,0,9073,-9073,净空,0,500
20260430,豆粕,m2701,01,瑞银期货,0,0,0,持平,0,0
20260430,豆粕,m2703,03,中粮期货,611,5715,-5104,净空,200,0
20260430,豆粕,m2703,03,乾坤期货,0,0,0,持平,0,0
20260430,豆粕,m2703,03,摩根大通期货,0,0,0,持平,0,0
20260430,豆粕,m2703,03,瑞银期货,0,0,0,持平,0,0
20260506,豆粕,m2609,09,中粮期货,69415,526599,-457184,净空,281,560
20260506,豆粕,m2609,09,乾坤期货,0,0,0,持平,0,0
20260506,豆粕,m2609,09,摩根大通期货,40649,68403,-27754,净空,2616,-1167
20260506,豆粕,m2609,09,瑞银期货,58481,0,58481,净多,2231,0
20260506,豆粕,m2611,11,中粮期货,7253,0,7253,净多,121,0
20260506,豆粕,m2611,11,乾坤期货,0,0,0,持平,0,0
20260506,豆粕,m2611,11,摩根大通期货,0,0,0,持平,0,0
20260506,豆粕,m2611,11,瑞银期货,0,0,0,持平,0,0
20260506,豆粕,m2701,01,中粮期货,6271,42041,-35770,净空,312,-109
20260506,豆粕,m2701,01,乾坤期货,0,0,0,持平,0,0
20260506,豆粕,m2701,01,摩根大通期货,0,12164,-12164,净空,0,3091
20260506,豆粕,m2701,01,瑞银期货,0,0,0,持平,0,0
20260506,豆粕,m2703,03,中粮期货,613,5717,-5104,净空,2,2
20260506,豆粕,m2703,03,乾坤期货,0,0,0,持平,0,0
20260506,豆粕,m2703,03,摩根大通期货,0,0,0,持平,0,0
20260506,豆粕,m2703,03,瑞银期货,0,0,0,持平,0,0
20260507,豆粕,m2609,09,中粮期货,76074,517546,-441472,净空,6659,-9053
20260507,豆粕,m2609,09,乾坤期货,0,0,0,持平,0,0
20260507,豆粕,m2609,09,摩根大通期货,38713,73856,-35143,净空,-1936,5453
20260507,豆粕,m2609,09,瑞银期货,58481,0,58481,净多,0,0
20260507,豆粕,m2611,11,中粮期货,7376,0,7376,净多,123,0
20260507,豆粕,m2611,11,乾坤期货,0,0,0,持平,0,0
20260507,豆粕,m2611,11,摩根大通期货,0,0,0,持平,0,0
20260507,豆粕,m2611,11,瑞银期货,0,0,0,持平,0,0
20260507,豆粕,m2701,01,中粮期货,6616,43268,-36652,净空,345,1227
20260507,豆粕,m2701,01,乾坤期货,0,0,0,持平,0,0
20260507,豆粕,m2701,01,摩根大通期货,0,12664,-12664,净空,0,500
20260507,豆粕,m2701,01,瑞银期货,0,0,0,持平,0,0
20260507,豆粕,m2703,03,中粮期货,613,5717,-5104,净空,0,0
20260507,豆粕,m2703,03,乾坤期货,0,0,0,持平,0,0
20260507,豆粕,m2703,03,摩根大通期货,0,0,0,持平,0,0
20260507,豆粕,m2703,03,瑞银期货,0,0,0,持平,0,0
20260508,豆粕,m2609,09,中粮期货,76894,533291,-456397,净空,820,15745
20260508,豆粕,m2609,09,乾坤期货,0,0,0,持平,0,0
20260508,豆粕,m2609,09,摩根大通期货,37540,78237,-40697,净空,-1173,4381
20260508,豆粕,m2609,09,瑞银期货,58483,0,58483,净多,2,0
20260508,豆粕,m2611,11,中粮期货,7365,0,7365,净多,-11,0
20260508,豆粕,m2611,11,乾坤期货,0,0,0,持平,0,0
20260508,豆粕,m2611,11,摩根大通期货,0,0,0,持平,0,0
20260508,豆粕,m2611,11,瑞银期货,0,0,0,持平,0,0
20260508,豆粕,m2701,01,中粮期货,9137,47894,-38757,净空,2521,4626
20260508,豆粕,m2701,01,乾坤期货,0,0,0,持平,0,0
20260508,豆粕,m2701,01,摩根大通期货,5964,13302,-7338,净空,4804,638
20260508,豆粕,m2701,01,瑞银期货,0,0,0,持平,0,0
20260508,豆粕,m2703,03,中粮期货,611,5291,-4680,净空,-2,-426
20260508,豆粕,m2703,03,乾坤期货,0,0,0,持平,0,0
20260508,豆粕,m2703,03,摩根大通期货,0,0,0,持平,0,0
20260508,豆粕,m2703,03,瑞银期货,0,0,0,持平,0,0
20260511,豆粕,m2609,09,中粮期货,73321,536355,-463034,净空,-3573,3064
20260511,豆粕,m2609,09,乾坤期货,0,0,0,持平,0,0
20260511,豆粕,m2609,09,摩根大通期货,40895,67750,-26855,净空,3355,-10487
20260511,豆粕,m2609,09,瑞银期货,58263,0,58263,净多,-220,0
20260511,豆粕,m2611,11,中粮期货,7038,0,7038,净多,-327,0
20260511,豆粕,m2611,11,乾坤期货,0,0,0,持平,0,0
20260511,豆粕,m2611,11,摩根大通期货,0,0,0,持平,0,0
20260511,豆粕,m2611,11,瑞银期货,0,0,0,持平,0,0
20260511,豆粕,m2701,01,中粮期货,8676,57853,-49177,净空,-461,9959
20260511,豆粕,m2701,01,乾坤期货,0,0,0,持平,0,0
20260511,豆粕,m2701,01,摩根大通期货,6379,13175,-6796,净空,415,-127
20260511,豆粕,m2701,01,瑞银期货,0,0,0,持平,0,0
20260511,豆粕,m2703,03,中粮期货,0,5504,-5504,净空,0,213
20260511,豆粕,m2703,03,乾坤期货,0,0,0,持平,0,0
20260511,豆粕,m2703,03,摩根大通期货,0,0,0,持平,0,0
20260511,豆粕,m2703,03,瑞银期货,0,0,0,持平,0,0
20260512,豆粕,m2609,09,中粮期货,74867,548270,-473403,净空,1546,11915
20260512,豆粕,m2609,09,乾坤期货,0,0,0,持平,0,0
20260512,豆粕,m2609,09,摩根大通期货,52113,67509,-15396,净空,11218,-241
20260512,豆粕,m2609,09,瑞银期货,61545,0,61545,净多,3282,0
20260512,豆粕,m2611,11,中粮期货,7058,0,7058,净多,20,0
20260512,豆粕,m2611,11,乾坤期货,0,0,0,持平,0,0
20260512,豆粕,m2611,11,摩根大通期货,1620,0,1620,净多,1080,0
20260512,豆粕,m2611,11,瑞银期货,0,0,0,持平,0,0
20260512,豆粕,m2701,01,中粮期货,11923,61167,-49244,净空,3247,3314
20260512,豆粕,m2701,01,乾坤期货,0,0,0,持平,0,0
20260512,豆粕,m2701,01,摩根大通期货,6646,21559,-14913,净空,267,8384
20260512,豆粕,m2701,01,瑞银期货,0,0,0,持平,0,0
20260512,豆粕,m2703,03,中粮期货,550,5514,-4964,净空,440,10
20260512,豆粕,m2703,03,乾坤期货,0,0,0,持平,0,0
20260512,豆粕,m2703,03,摩根大通期货,0,0,0,持平,0,0
20260512,豆粕,m2703,03,瑞银期货,0,0,0,持平,0,0
20260513,豆粕,m2609,09,中粮期货,74564,550534,-475970,净空,-303,2264
20260513,豆粕,m2609,09,乾坤期货,0,0,0,持平,0,0
20260513,豆粕,m2609,09,摩根大通期货,59623,69051,-9428,净空,7510,1542
20260513,豆粕,m2609,09,瑞银期货,60939,0,60939,净多,-606,0
20260513,豆粕,m2611,11,中粮期货,4939,0,4939,净多,-2119,0
20260513,豆粕,m2611,11,乾坤期货,0,0,0,持平,0,0
20260513,豆粕,m2611,11,摩根大通期货,1620,0,1620,净多,0,0
20260513,豆粕,m2611,11,瑞银期货,0,0,0,持平,0,0
20260513,豆粕,m2701,01,中粮期货,12476,65578,-53102,净空,553,4411
20260513,豆粕,m2701,01,乾坤期货,0,0,0,持平,0,0
20260513,豆粕,m2701,01,摩根大通期货,7230,24388,-17158,净空,584,2829
20260513,豆粕,m2701,01,瑞银期货,0,0,0,持平,0,0
20260513,豆粕,m2703,03,中粮期货,990,5516,-4526,净空,440,2
20260513,豆粕,m2703,03,乾坤期货,0,0,0,持平,0,0
20260513,豆粕,m2703,03,摩根大通期货,0,0,0,持平,0,0
20260513,豆粕,m2703,03,瑞银期货,0,0,0,持平,0,0
20260514,豆粕,m2609,09,中粮期货,73147,545501,-472354,净空,-1417,-5033
20260514,豆粕,m2609,09,乾坤期货,0,0,0,持平,0,0
20260514,豆粕,m2609,09,摩根大通期货,61956,78509,-16553,净空,2333,9458
20260514,豆粕,m2609,09,瑞银期货,61306,0,61306,净多,367,0
20260514,豆粕,m2611,11,中粮期货,4966,0,4966,净多,27,0
20260514,豆粕,m2611,11,乾坤期货,0,0,0,持平,0,0
20260514,豆粕,m2611,11,摩根大通期货,2160,0,2160,净多,540,0
20260514,豆粕,m2611,11,瑞银期货,0,0,0,持平,0,0
20260514,豆粕,m2701,01,中粮期货,15263,72883,-57620,净空,2787,7305
20260514,豆粕,m2701,01,乾坤期货,0,0,0,持平,0,0
20260514,豆粕,m2701,01,摩根大通期货,7872,24928,-17056,净空,642,540
20260514,豆粕,m2701,01,瑞银期货,0,0,0,持平,0,0
20260514,豆粕,m2703,03,中粮期货,991,6216,-5225,净空,1,700
20260514,豆粕,m2703,03,乾坤期货,0,0,0,持平,0,0
20260514,豆粕,m2703,03,摩根大通期货,0,0,0,持平,0,0
20260514,豆粕,m2703,03,瑞银期货,0,0,0,持平,0,0
20260515,豆粕,m2609,09,中粮期货,73551,532120,-458569,净空,404,-13381
20260515,豆粕,m2609,09,乾坤期货,0,0,0,持平,0,0
20260515,豆粕,m2609,09,摩根大通期货,66864,77087,-10223,净空,4908,-1422
20260515,豆粕,m2609,09,瑞银期货,61298,0,61298,净多,-8,0
20260515,豆粕,m2611,11,中粮期货,5353,0,5353,净多,387,0
20260515,豆粕,m2611,11,乾坤期货,0,0,0,持平,0,0
20260515,豆粕,m2611,11,摩根大通期货,2700,0,2700,净多,540,0
20260515,豆粕,m2611,11,瑞银期货,0,0,0,持平,0,0
20260515,豆粕,m2701,01,中粮期货,18672,88143,-69471,净空,3409,15260
20260515,豆粕,m2701,01,乾坤期货,0,0,0,持平,0,0
20260515,豆粕,m2701,01,摩根大通期货,9352,26748,-17396,净空,1480,1820
20260515,豆粕,m2701,01,瑞银期货,0,0,0,持平,0,0
20260515,豆粕,m2703,03,中粮期货,994,6560,-5566,净空,3,344
20260515,豆粕,m2703,03,乾坤期货,0,0,0,持平,0,0
20260515,豆粕,m2703,03,摩根大通期货,0,0,0,持平,0,0
20260515,豆粕,m2703,03,瑞银期货,0,0,0,持平,0,0
20260518,豆粕,m2609,09,中粮期货,76624,522356,-445732,净空,3073,-9764
20260518,豆粕,m2609,09,乾坤期货,0,0,0,持平,0,0
20260518,豆粕,m2609,09,摩根大通期货,66209,73942,-7733,净空,-655,-3145
20260518,豆粕,m2609,09,瑞银期货,61248,0,61248,净多,-50,0
20260518,豆粕,m2611,11,中粮期货,5357,0,5357,净多,4,0
20260518,豆粕,m2611,11,乾坤期货,0,0,0,持平,0,0
20260518,豆粕,m2611,11,摩根大通期货,3780,0,3780,净多,1080,0
20260518,豆粕,m2611,11,瑞银期货,0,0,0,持平,0,0
20260518,豆粕,m2701,01,中粮期货,21140,97496,-76356,净空,2468,9353
20260518,豆粕,m2701,01,乾坤期货,0,0,0,持平,0,0
20260518,豆粕,m2701,01,摩根大通期货,12376,24127,-11751,净空,3024,-2621
20260518,豆粕,m2701,01,瑞银期货,0,0,0,持平,0,0
20260518,豆粕,m2703,03,中粮期货,994,6561,-5567,净空,0,1
20260518,豆粕,m2703,03,乾坤期货,0,0,0,持平,0,0
20260518,豆粕,m2703,03,摩根大通期货,0,0,0,持平,0,0
20260518,豆粕,m2703,03,瑞银期货,0,0,0,持平,0,0
20260519,豆粕,m2609,09,中粮期货,63566,528601,-465035,净空,-13058,6245
20260519,豆粕,m2609,09,乾坤期货,0,0,0,持平,0,0
20260519,豆粕,m2609,09,摩根大通期货,68961,62098,6863,净多,2752,-11844
20260519,豆粕,m2609,09,瑞银期货,60632,0,60632,净多,-616,0
20260519,豆粕,m2611,11,中粮期货,5059,0,5059,净多,-298,0
20260519,豆粕,m2611,11,乾坤期货,0,0,0,持平,0,0
20260519,豆粕,m2611,11,摩根大通期货,4100,0,4100,净多,320,0
20260519,豆粕,m2611,11,瑞银期货,0,0,0,持平,0,0
20260519,豆粕,m2701,01,中粮期货,23597,97989,-74392,净空,2457,493
20260519,豆粕,m2701,01,乾坤期货,0,0,0,持平,0,0
20260519,豆粕,m2701,01,摩根大通期货,10879,23846,-12967,净空,-1497,-281
20260519,豆粕,m2701,01,瑞银期货,0,0,0,持平,0,0
20260519,豆粕,m2703,03,中粮期货,822,6736,-5914,净空,-172,175
20260519,豆粕,m2703,03,乾坤期货,0,0,0,持平,0,0
20260519,豆粕,m2703,03,摩根大通期货,0,0,0,持平,0,0
20260519,豆粕,m2703,03,瑞银期货,0,0,0,持平,0,0
20260520,豆粕,m2609,09,中粮期货,59329,527422,-468093,净空,-4237,-1179
20260520,豆粕,m2609,09,乾坤期货,0,0,0,持平,0,0
20260520,豆粕,m2609,09,摩根大通期货,62224,70242,-8018,净空,-6737,8144
20260520,豆粕,m2609,09,瑞银期货,59995,0,59995,净多,-637,0
20260520,豆粕,m2611,11,中粮期货,5070,0,5070,净多,11,0
20260520,豆粕,m2611,11,乾坤期货,0,0,0,持平,0,0
20260520,豆粕,m2611,11,摩根大通期货,4100,0,4100,净多,0,0
20260520,豆粕,m2611,11,瑞银期货,0,0,0,持平,0,0
20260520,豆粕,m2701,01,中粮期货,27829,118167,-90338,净空,4232,20178
20260520,豆粕,m2701,01,乾坤期货,0,0,0,持平,0,0
20260520,豆粕,m2701,01,摩根大通期货,11821,23848,-12027,净空,942,2
20260520,豆粕,m2701,01,瑞银期货,0,0,0,持平,0,0
20260520,豆粕,m2703,03,中粮期货,999,7076,-6077,净空,177,340
20260520,豆粕,m2703,03,乾坤期货,0,0,0,持平,0,0
20260520,豆粕,m2703,03,摩根大通期货,0,0,0,持平,0,0
20260520,豆粕,m2703,03,瑞银期货,0,0,0,持平,0,0
20260520,豆粕,m2705,05,中粮期货,0,9826,-9826,净空,0,9826
20260520,豆粕,m2705,05,乾坤期货,0,0,0,持平,0,0
20260520,豆粕,m2705,05,摩根大通期货,0,0,0,持平,0,0
20260520,豆粕,m2705,05,瑞银期货,0,0,0,持平,0,0
20260521,豆粕,m2609,09,中粮期货,57118,522211,-465093,净空,-2211,-5211
20260521,豆粕,m2609,09,乾坤期货,0,0,0,持平,0,0
20260521,豆粕,m2609,09,摩根大通期货,60993,58468,2525,净多,-1231,-11774
20260521,豆粕,m2609,09,瑞银期货,59952,0,59952,净多,-43,0
20260521,豆粕,m2611,11,中粮期货,7363,0,7363,净多,2293,0
20260521,豆粕,m2611,11,乾坤期货,0,0,0,持平,0,0
20260521,豆粕,m2611,11,摩根大通期货,4100,0,4100,净多,0,0
20260521,豆粕,m2611,11,瑞银期货,0,0,0,持平,0,0
20260521,豆粕,m2701,01,中粮期货,34201,133218,-99017,净空,6372,15051
20260521,豆粕,m2701,01,乾坤期货,0,0,0,持平,0,0
20260521,豆粕,m2701,01,摩根大通期货,12923,23854,-10931,净空,1102,6
20260521,豆粕,m2701,01,瑞银期货,0,0,0,持平,0,0
20260521,豆粕,m2703,03,中粮期货,985,7257,-6272,净空,-14,181
20260521,豆粕,m2703,03,乾坤期货,0,0,0,持平,0,0
20260521,豆粕,m2703,03,摩根大通期货,0,0,0,持平,0,0
20260521,豆粕,m2703,03,瑞银期货,0,0,0,持平,0,0
20260521,豆粕,m2705,05,中粮期货,0,14723,-14723,净空,0,4897
20260521,豆粕,m2705,05,乾坤期货,0,0,0,持平,0,0
20260521,豆粕,m2705,05,摩根大通期货,0,0,0,持平,0,0
20260521,豆粕,m2705,05,瑞银期货,0,0,0,持平,0,0
20260522,豆粕,m2609,09,中粮期货,55261,533246,-477985,净空,-1857,11035
20260522,豆粕,m2609,09,乾坤期货,0,0,0,持平,0,0
20260522,豆粕,m2609,09,摩根大通期货,63157,56650,6507,净多,2164,-1818
20260522,豆粕,m2609,09,瑞银期货,59390,0,59390,净多,-562,0
20260522,豆粕,m2611,11,中粮期货,7392,0,7392,净多,29,0
20260522,豆粕,m2611,11,乾坤期货,0,0,0,持平,0,0
20260522,豆粕,m2611,11,摩根大通期货,4100,0,4100,净多,0,0
20260522,豆粕,m2611,11,瑞银期货,0,0,0,持平,0,0
20260522,豆粕,m2701,01,中粮期货,34169,128688,-94519,净空,-32,-4530
20260522,豆粕,m2701,01,乾坤期货,0,0,0,持平,0,0
20260522,豆粕,m2701,01,摩根大通期货,12603,25695,-13092,净空,-320,1841
20260522,豆粕,m2701,01,瑞银期货,0,0,0,持平,0,0
20260522,豆粕,m2703,03,中粮期货,990,7003,-6013,净空,5,-254
20260522,豆粕,m2703,03,乾坤期货,0,0,0,持平,0,0
20260522,豆粕,m2703,03,摩根大通期货,0,0,0,持平,0,0
20260522,豆粕,m2703,03,瑞银期货,0,0,0,持平,0,0
20260522,豆粕,m2705,05,中粮期货,754,19771,-19017,净空,332,5048
20260522,豆粕,m2705,05,乾坤期货,0,0,0,持平,0,0
20260522,豆粕,m2705,05,摩根大通期货,0,2275,-2275,净空,0,2275
20260522,豆粕,m2705,05,瑞银期货,0,0,0,持平,0,0
20260525,豆粕,m2609,09,中粮期货,58625,531071,-472446,净空,3364,-2175
20260525,豆粕,m2609,09,乾坤期货,0,0,0,持平,0,0
20260525,豆粕,m2609,09,摩根大通期货,62611,61895,716,净多,-546,5245
20260525,豆粕,m2609,09,瑞银期货,59390,0,59390,净多,0,0
20260525,豆粕,m2611,11,中粮期货,7514,0,7514,净多,122,0
20260525,豆粕,m2611,11,乾坤期货,0,0,0,持平,0,0
20260525,豆粕,m2611,11,摩根大通期货,4100,0,4100,净多,0,0
20260525,豆粕,m2611,11,瑞银期货,0,0,0,持平,0,0
20260525,豆粕,m2701,01,中粮期货,36193,130545,-94352,净空,2024,1857
20260525,豆粕,m2701,01,乾坤期货,0,0,0,持平,0,0
20260525,豆粕,m2701,01,摩根大通期货,13391,25790,-12399,净空,788,95
20260525,豆粕,m2701,01,瑞银期货,0,0,0,持平,0,0
20260525,豆粕,m2703,03,中粮期货,807,7003,-6196,净空,-183,0
20260525,豆粕,m2703,03,乾坤期货,0,0,0,持平,0,0
20260525,豆粕,m2703,03,摩根大通期货,0,0,0,持平,0,0
20260525,豆粕,m2703,03,瑞银期货,0,0,0,持平,0,0
20260525,豆粕,m2705,05,中粮期货,1246,20634,-19388,净空,492,863
20260525,豆粕,m2705,05,乾坤期货,0,0,0,持平,0,0
20260525,豆粕,m2705,05,摩根大通期货,879,2275,-1396,净空,540,0
20260525,豆粕,m2705,05,瑞银期货,0,0,0,持平,0,0
20260526,豆粕,m2609,09,中粮期货,61618,528121,-466503,净空,2993,-2950
20260526,豆粕,m2609,09,乾坤期货,0,0,0,持平,0,0
20260526,豆粕,m2609,09,摩根大通期货,59489,57357,2132,净多,-3122,-4538
20260526,豆粕,m2609,09,瑞银期货,58882,0,58882,净多,-508,0
20260526,豆粕,m2611,11,中粮期货,7577,0,7577,净多,63,0
20260526,豆粕,m2611,11,乾坤期货,0,0,0,持平,0,0
20260526,豆粕,m2611,11,摩根大通期货,4640,0,4640,净多,540,0
20260526,豆粕,m2611,11,瑞银期货,0,0,0,持平,0,0
20260526,豆粕,m2701,01,中粮期货,38179,131022,-92843,净空,1986,477
20260526,豆粕,m2701,01,乾坤期货,0,0,0,持平,0,0
20260526,豆粕,m2701,01,摩根大通期货,13322,29264,-15942,净空,-69,3474
20260526,豆粕,m2701,01,瑞银期货,0,0,0,持平,0,0
20260526,豆粕,m2703,03,中粮期货,810,6823,-6013,净空,3,-180
20260526,豆粕,m2703,03,乾坤期货,0,0,0,持平,0,0
20260526,豆粕,m2703,03,摩根大通期货,0,0,0,持平,0,0
20260526,豆粕,m2703,03,瑞银期货,0,0,0,持平,0,0
20260526,豆粕,m2705,05,中粮期货,1268,21260,-19992,净空,22,626
20260526,豆粕,m2705,05,乾坤期货,0,0,0,持平,0,0
20260526,豆粕,m2705,05,摩根大通期货,879,2275,-1396,净空,0,0
20260526,豆粕,m2705,05,瑞银期货,0,0,0,持平,0,0
20260527,豆粕,m2609,09,中粮期货,63542,522484,-458942,净空,1924,-5637
20260527,豆粕,m2609,09,乾坤期货,0,0,0,持平,0,0
20260527,豆粕,m2609,09,摩根大通期货,53161,58119,-4958,净空,-6328,762
20260527,豆粕,m2609,09,瑞银期货,58316,0,58316,净多,-566,0
20260527,豆粕,m2611,11,中粮期货,7628,0,7628,净多,51,0
20260527,豆粕,m2611,11,乾坤期货,0,0,0,持平,0,0
20260527,豆粕,m2611,11,摩根大通期货,4640,0,4640,净多,0,0
20260527,豆粕,m2611,11,瑞银期货,0,0,0,持平,0,0
20260527,豆粕,m2701,01,中粮期货,39783,134798,-95015,净空,1604,3776
20260527,豆粕,m2701,01,乾坤期货,0,0,0,持平,0,0
20260527,豆粕,m2701,01,摩根大通期货,13572,28791,-15219,净空,250,-473
20260527,豆粕,m2701,01,瑞银期货,0,0,0,持平,0,0
20260527,豆粕,m2703,03,中粮期货,810,6823,-6013,净空,0,0
20260527,豆粕,m2703,03,乾坤期货,0,0,0,持平,0,0
20260527,豆粕,m2703,03,摩根大通期货,0,0,0,持平,0,0
20260527,豆粕,m2703,03,瑞银期货,0,0,0,持平,0,0
20260527,豆粕,m2705,05,中粮期货,1950,22461,-20511,净空,682,1201
20260527,豆粕,m2705,05,乾坤期货,0,0,0,持平,0,0
20260527,豆粕,m2705,05,摩根大通期货,0,4005,-4005,净空,0,1730
20260527,豆粕,m2705,05,瑞银期货,0,0,0,持平,0,0
20260528,豆粕,m2609,09,中粮期货,60463,518389,-457926,净空,-3079,-4095
20260528,豆粕,m2609,09,乾坤期货,0,0,0,持平,0,0
20260528,豆粕,m2609,09,摩根大通期货,51834,53803,-1969,净空,-1327,-4316
20260528,豆粕,m2609,09,瑞银期货,58000,0,58000,净多,-316,0
20260528,豆粕,m2611,11,中粮期货,7558,0,7558,净多,-70,0
20260528,豆粕,m2611,11,乾坤期货,0,0,0,持平,0,0
20260528,豆粕,m2611,11,摩根大通期货,4640,0,4640,净多,0,0
20260528,豆粕,m2611,11,瑞银期货,0,0,0,持平,0,0
20260528,豆粕,m2701,01,中粮期货,38573,135250,-96677,净空,-1210,452
20260528,豆粕,m2701,01,乾坤期货,0,0,0,持平,0,0
20260528,豆粕,m2701,01,摩根大通期货,12791,28497,-15706,净空,-781,-294
20260528,豆粕,m2701,01,瑞银期货,0,0,0,持平,0,0
20260528,豆粕,m2703,03,中粮期货,812,6916,-6104,净空,2,93
20260528,豆粕,m2703,03,乾坤期货,0,0,0,持平,0,0
20260528,豆粕,m2703,03,摩根大通期货,0,0,0,持平,0,0
20260528,豆粕,m2703,03,瑞银期货,0,0,0,持平,0,0
20260528,豆粕,m2705,05,中粮期货,2672,24723,-22051,净空,722,2262
20260528,豆粕,m2705,05,乾坤期货,0,0,0,持平,0,0
20260528,豆粕,m2705,05,摩根大通期货,1419,5005,-3586,净空,540,1000
20260528,豆粕,m2705,05,瑞银期货,0,0,0,持平,0,0
20260529,豆粕,m2609,09,中粮期货,55188,522712,-467524,净空,-5275,4323
20260529,豆粕,m2609,09,乾坤期货,0,0,0,持平,0,0
20260529,豆粕,m2609,09,摩根大通期货,50142,53437,-3295,净空,-1692,-366
20260529,豆粕,m2609,09,瑞银期货,57764,0,57764,净多,-236,0
20260529,豆粕,m2611,11,中粮期货,6567,0,6567,净多,-991,0
20260529,豆粕,m2611,11,乾坤期货,0,0,0,持平,0,0
20260529,豆粕,m2611,11,摩根大通期货,4640,0,4640,净多,0,0
20260529,豆粕,m2611,11,瑞银期货,0,0,0,持平,0,0
20260529,豆粕,m2701,01,中粮期货,38415,136889,-98474,净空,-158,1639
20260529,豆粕,m2701,01,乾坤期货,0,0,0,持平,0,0
20260529,豆粕,m2701,01,摩根大通期货,12951,28490,-15539,净空,160,-7
20260529,豆粕,m2701,01,瑞银期货,0,0,0,持平,0,0
20260529,豆粕,m2703,03,中粮期货,812,6916,-6104,净空,0,0
20260529,豆粕,m2703,03,乾坤期货,0,0,0,持平,0,0
20260529,豆粕,m2703,03,摩根大通期货,0,0,0,持平,0,0
20260529,豆粕,m2703,03,瑞银期货,0,0,0,持平,0,0
20260529,豆粕,m2705,05,中粮期货,2730,25023,-22293,净空,58,300
20260529,豆粕,m2705,05,乾坤期货,0,0,0,持平,0,0
20260529,豆粕,m2705,05,摩根大通期货,1919,8948,-7029,净空,500,3943
20260529,豆粕,m2705,05,瑞银期货,0,0,0,持平,0,0
20260601,豆粕,m2609,09,中粮期货,53887,518415,-464528,净空,-1301,-4297
20260601,豆粕,m2609,09,乾坤期货,0,0,0,持平,0,0
20260601,豆粕,m2609,09,摩根大通期货,45297,54981,-9684,净空,-4845,1544
20260601,豆粕,m2609,09,瑞银期货,57997,0,57997,净多,233,0
20260601,豆粕,m2611,11,中粮期货,6495,0,6495,净多,-72,0
20260601,豆粕,m2611,11,乾坤期货,0,0,0,持平,0,0
20260601,豆粕,m2611,11,摩根大通期货,4640,0,4640,净多,0,0
20260601,豆粕,m2611,11,瑞银期货,0,0,0,持平,0,0
20260601,豆粕,m2701,01,中粮期货,38936,142532,-103596,净空,521,5643
20260601,豆粕,m2701,01,乾坤期货,0,0,0,持平,0,0
20260601,豆粕,m2701,01,摩根大通期货,13221,29490,-16269,净空,270,1000
20260601,豆粕,m2701,01,瑞银期货,0,0,0,持平,0,0
20260601,豆粕,m2703,03,中粮期货,818,6971,-6153,净空,6,55
20260601,豆粕,m2703,03,乾坤期货,0,0,0,持平,0,0
20260601,豆粕,m2703,03,摩根大通期货,0,0,0,持平,0,0
20260601,豆粕,m2703,03,瑞银期货,0,0,0,持平,0,0
20260601,豆粕,m2705,05,中粮期货,2717,25106,-22389,净空,-13,83
20260601,豆粕,m2705,05,乾坤期货,0,0,0,持平,0,0
20260601,豆粕,m2705,05,摩根大通期货,2299,8948,-6649,净空,380,0
20260601,豆粕,m2705,05,瑞银期货,0,0,0,持平,0,0
20260602,豆粕,m2609,09,中粮期货,58330,511542,-453212,净空,4443,-6873
20260602,豆粕,m2609,09,乾坤期货,0,0,0,持平,0,0
20260602,豆粕,m2609,09,摩根大通期货,41247,59869,-18622,净空,-4050,4888
20260602,豆粕,m2609,09,瑞银期货,58218,0,58218,净多,221,0
20260602,豆粕,m2611,11,中粮期货,6624,0,6624,净多,129,0
20260602,豆粕,m2611,11,乾坤期货,0,0,0,持平,0,0
20260602,豆粕,m2611,11,摩根大通期货,4640,0,4640,净多,0,0
20260602,豆粕,m2611,11,瑞银期货,0,0,0,持平,0,0
20260602,豆粕,m2701,01,中粮期货,41408,141964,-100556,净空,2472,-568
20260602,豆粕,m2701,01,乾坤期货,0,0,0,持平,0,0
20260602,豆粕,m2701,01,摩根大通期货,14873,29854,-14981,净空,1652,364
20260602,豆粕,m2701,01,瑞银期货,0,0,0,持平,0,0
20260602,豆粕,m2703,03,中粮期货,823,6971,-6148,净空,5,0
20260602,豆粕,m2703,03,乾坤期货,0,0,0,持平,0,0
20260602,豆粕,m2703,03,摩根大通期货,0,0,0,持平,0,0
20260602,豆粕,m2703,03,瑞银期货,0,0,0,持平,0,0
20260602,豆粕,m2705,05,中粮期货,3374,25072,-21698,净空,657,-34
20260602,豆粕,m2705,05,乾坤期货,0,0,0,持平,0,0
20260602,豆粕,m2705,05,摩根大通期货,2509,8703,-6194,净空,210,-245
20260602,豆粕,m2705,05,瑞银期货,0,0,0,持平,0,0
20260603,豆粕,m2609,09,中粮期货,55027,504826,-449799,净空,-3303,-6716
20260603,豆粕,m2609,09,乾坤期货,0,0,0,持平,0,0
20260603,豆粕,m2609,09,摩根大通期货,39017,59622,-20605,净空,-2230,-247
20260603,豆粕,m2609,09,瑞银期货,56820,0,56820,净多,-1398,0
20260603,豆粕,m2611,11,中粮期货,6613,0,6613,净多,-11,0
20260603,豆粕,m2611,11,乾坤期货,0,0,0,持平,0,0
20260603,豆粕,m2611,11,摩根大通期货,4640,0,4640,净多,0,0
20260603,豆粕,m2611,11,瑞银期货,0,0,0,持平,0,0
20260603,豆粕,m2701,01,中粮期货,41965,144748,-102783,净空,557,2784
20260603,豆粕,m2701,01,乾坤期货,0,0,0,持平,0,0
20260603,豆粕,m2701,01,摩根大通期货,17384,29427,-12043,净空,2511,-427
20260603,豆粕,m2701,01,瑞银期货,0,0,0,持平,0,0
20260603,豆粕,m2703,03,中粮期货,819,6562,-5743,净空,-4,-409
20260603,豆粕,m2703,03,乾坤期货,0,0,0,持平,0,0
20260603,豆粕,m2703,03,摩根大通期货,0,0,0,持平,0,0
20260603,豆粕,m2703,03,瑞银期货,0,0,0,持平,0,0
20260603,豆粕,m2705,05,中粮期货,3574,25246,-21672,净空,200,174
20260603,豆粕,m2705,05,乾坤期货,0,0,0,持平,0,0
20260603,豆粕,m2705,05,摩根大通期货,3209,8703,-5494,净空,700,0
20260603,豆粕,m2705,05,瑞银期货,0,0,0,持平,0,0
20260604,豆粕,m2609,09,中粮期货,65941,466106,-400165,净空,10914,-38720
20260604,豆粕,m2609,09,乾坤期货,0,0,0,持平,0,0
20260604,豆粕,m2609,09,摩根大通期货,31501,65300,-33799,净空,-7516,5678
20260604,豆粕,m2609,09,瑞银期货,52314,0,52314,净多,-4506,0
20260604,豆粕,m2611,11,中粮期货,6890,0,6890,净多,277,0
20260604,豆粕,m2611,11,乾坤期货,0,0,0,持平,0,0
20260604,豆粕,m2611,11,摩根大通期货,4640,0,4640,净多,0,0
20260604,豆粕,m2611,11,瑞银期货,0,0,0,持平,0,0
20260604,豆粕,m2701,01,中粮期货,46347,162259,-115912,净空,4382,17511
20260604,豆粕,m2701,01,乾坤期货,0,0,0,持平,0,0
20260604,豆粕,m2701,01,摩根大通期货,20923,26547,-5624,净空,3539,-2880
20260604,豆粕,m2701,01,瑞银期货,0,0,0,持平,0,0
20260604,豆粕,m2703,03,中粮期货,422,6560,-6138,净空,-397,-2
20260604,豆粕,m2703,03,乾坤期货,0,0,0,持平,0,0
20260604,豆粕,m2703,03,摩根大通期货,0,0,0,持平,0,0
20260604,豆粕,m2703,03,瑞银期货,0,0,0,持平,0,0
20260604,豆粕,m2705,05,中粮期货,4744,28786,-24042,净空,1170,3540
20260604,豆粕,m2705,05,乾坤期货,0,0,0,持平,0,0
20260604,豆粕,m2705,05,摩根大通期货,4945,8493,-3548,净空,1736,-210
20260604,豆粕,m2705,05,瑞银期货,0,0,0,持平,0,0
20260605,豆粕,m2609,09,中粮期货,66372,436769,-370397,净空,431,-29337
20260605,豆粕,m2609,09,乾坤期货,0,0,0,持平,0,0
20260605,豆粕,m2609,09,摩根大通期货,25702,59250,-33548,净空,-5799,-6050
20260605,豆粕,m2609,09,瑞银期货,50919,0,50919,净多,-1395,0
20260605,豆粕,m2611,11,中粮期货,9177,0,9177,净多,2287,0
20260605,豆粕,m2611,11,乾坤期货,0,0,0,持平,0,0
20260605,豆粕,m2611,11,摩根大通期货,4640,0,4640,净多,0,0
20260605,豆粕,m2611,11,瑞银期货,0,0,0,持平,0,0
20260605,豆粕,m2701,01,中粮期货,48936,172487,-123551,净空,2589,10228
20260605,豆粕,m2701,01,乾坤期货,0,0,0,持平,0,0
20260605,豆粕,m2701,01,摩根大通期货,24559,18264,6295,净多,3636,-8283
20260605,豆粕,m2701,01,瑞银期货,0,0,0,持平,0,0
20260605,豆粕,m2703,03,中粮期货,0,6559,-6559,净空,0,-1
20260605,豆粕,m2703,03,乾坤期货,0,0,0,持平,0,0
20260605,豆粕,m2703,03,摩根大通期货,0,0,0,持平,0,0
20260605,豆粕,m2703,03,瑞银期货,0,0,0,持平,0,0
20260605,豆粕,m2705,05,中粮期货,9540,47211,-37671,净空,4796,18425
20260605,豆粕,m2705,05,乾坤期货,0,0,0,持平,0,0
20260605,豆粕,m2705,05,摩根大通期货,6753,8493,-1740,净空,1808,0
20260605,豆粕,m2705,05,瑞银期货,0,0,0,持平,0,0
20260608,豆粕,m2609,09,中粮期货,68796,424313,-355517,净空,2424,-12456
20260608,豆粕,m2609,09,乾坤期货,0,0,0,持平,0,0
20260608,豆粕,m2609,09,摩根大通期货,0,58172,-58172,净空,0,-1078
20260608,豆粕,m2609,09,瑞银期货,46964,0,46964,净多,-3955,0
20260608,豆粕,m2611,11,中粮期货,9726,0,9726,净多,549,0
20260608,豆粕,m2611,11,乾坤期货,0,0,0,持平,0,0
20260608,豆粕,m2611,11,摩根大通期货,4640,0,4640,净多,0,0
20260608,豆粕,m2611,11,瑞银期货,0,0,0,持平,0,0
20260608,豆粕,m2701,01,中粮期货,51651,173896,-122245,净空,2715,1409
20260608,豆粕,m2701,01,乾坤期货,0,0,0,持平,0,0
20260608,豆粕,m2701,01,摩根大通期货,25439,17463,7976,净多,880,-801
20260608,豆粕,m2701,01,瑞银期货,0,0,0,持平,0,0
20260608,豆粕,m2703,03,中粮期货,672,6649,-5977,净空,250,90
20260608,豆粕,m2703,03,乾坤期货,0,0,0,持平,0,0
20260608,豆粕,m2703,03,摩根大通期货,0,0,0,持平,0,0
20260608,豆粕,m2703,03,瑞银期货,0,0,0,持平,0,0
20260608,豆粕,m2705,05,中粮期货,8928,47328,-38400,净空,-612,117
20260608,豆粕,m2705,05,乾坤期货,0,0,0,持平,0,0
20260608,豆粕,m2705,05,摩根大通期货,6753,9043,-2290,净空,0,550
20260608,豆粕,m2705,05,瑞银期货,0,0,0,持平,0,0
20260609,豆粕,m2609,09,中粮期货,74003,409234,-335231,净空,5207,-15079
20260609,豆粕,m2609,09,乾坤期货,0,0,0,持平,0,0
20260609,豆粕,m2609,09,摩根大通期货,0,63785,-63785,净空,0,5613
20260609,豆粕,m2609,09,瑞银期货,40375,0,40375,净多,-6589,0
20260609,豆粕,m2611,11,中粮期货,9728,0,9728,净多,2,0
20260609,豆粕,m2611,11,乾坤期货,0,0,0,持平,0,0
20260609,豆粕,m2611,11,摩根大通期货,4640,0,4640,净多,0,0
20260609,豆粕,m2611,11,瑞银期货,0,0,0,持平,0,0
20260609,豆粕,m2701,01,中粮期货,51363,175193,-123830,净空,-288,1297
20260609,豆粕,m2701,01,乾坤期货,0,0,0,持平,0,0
20260609,豆粕,m2701,01,摩根大通期货,26089,16963,9126,净多,650,-500
20260609,豆粕,m2701,01,瑞银期货,0,0,0,持平,0,0
20260609,豆粕,m2703,03,中粮期货,658,6664,-6006,净空,-14,15
20260609,豆粕,m2703,03,乾坤期货,0,0,0,持平,0,0
20260609,豆粕,m2703,03,摩根大通期货,0,0,0,持平,0,0
20260609,豆粕,m2703,03,瑞银期货,0,0,0,持平,0,0
20260609,豆粕,m2705,05,中粮期货,11643,55146,-43503,净空,2715,7818
20260609,豆粕,m2705,05,乾坤期货,0,0,0,持平,0,0
20260609,豆粕,m2705,05,摩根大通期货,8110,13593,-5483,净空,1357,4550
20260609,豆粕,m2705,05,瑞银期货,0,0,0,持平,0,0
20260610,豆粕,m2609,09,中粮期货,80077,398800,-318723,净空,6074,-10434
20260610,豆粕,m2609,09,乾坤期货,0,0,0,持平,0,0
20260610,豆粕,m2609,09,摩根大通期货,0,62945,-62945,净空,0,-840
20260610,豆粕,m2609,09,瑞银期货,38776,0,38776,净多,-1599,0
20260610,豆粕,m2611,11,中粮期货,8809,0,8809,净多,-919,0
20260610,豆粕,m2611,11,乾坤期货,0,0,0,持平,0,0
20260610,豆粕,m2611,11,摩根大通期货,4640,0,4640,净多,0,0
20260610,豆粕,m2611,11,瑞银期货,0,0,0,持平,0,0
20260610,豆粕,m2701,01,中粮期货,50386,179396,-129010,净空,-977,4203
20260610,豆粕,m2701,01,乾坤期货,0,0,0,持平,0,0
20260610,豆粕,m2701,01,摩根大通期货,24689,16945,7744,净多,-1400,-18
20260610,豆粕,m2701,01,瑞银期货,0,0,0,持平,0,0
20260610,豆粕,m2703,03,中粮期货,868,6720,-5852,净空,210,56
20260610,豆粕,m2703,03,乾坤期货,0,0,0,持平,0,0
20260610,豆粕,m2703,03,摩根大通期货,0,0,0,持平,0,0
20260610,豆粕,m2703,03,瑞银期货,0,0,0,持平,0,0
20260610,豆粕,m2705,05,中粮期货,12763,59146,-46383,净空,1120,4000
20260610,豆粕,m2705,05,乾坤期货,0,0,0,持平,0,0
20260610,豆粕,m2705,05,摩根大通期货,8835,13593,-4758,净空,725,0
20260610,豆粕,m2705,05,瑞银期货,0,0,0,持平,0,0
20260611,豆粕,m2609,09,中粮期货,81727,396439,-314712,净空,1650,-2361
20260611,豆粕,m2609,09,乾坤期货,0,0,0,持平,0,0
20260611,豆粕,m2609,09,摩根大通期货,26244,64470,-38226,净空,2560,1525
20260611,豆粕,m2609,09,瑞银期货,37325,0,37325,净多,-1451,0
20260611,豆粕,m2611,11,中粮期货,8433,0,8433,净多,-376,0
20260611,豆粕,m2611,11,乾坤期货,0,0,0,持平,0,0
20260611,豆粕,m2611,11,摩根大通期货,4640,0,4640,净多,0,0
20260611,豆粕,m2611,11,瑞银期货,0,0,0,持平,0,0
20260611,豆粕,m2701,01,中粮期货,53007,184030,-131023,净空,2621,4634
20260611,豆粕,m2701,01,乾坤期货,0,0,0,持平,0,0
20260611,豆粕,m2701,01,摩根大通期货,24980,26120,-1140,净空,291,9175
20260611,豆粕,m2701,01,瑞银期货,0,0,0,持平,0,0
20260611,豆粕,m2703,03,中粮期货,579,6706,-6127,净空,-289,-14
20260611,豆粕,m2703,03,乾坤期货,0,0,0,持平,0,0
20260611,豆粕,m2703,03,摩根大通期货,0,0,0,持平,0,0
20260611,豆粕,m2703,03,瑞银期货,0,0,0,持平,0,0
20260611,豆粕,m2705,05,中粮期货,13187,72177,-58990,净空,424,13031
20260611,豆粕,m2705,05,乾坤期货,0,0,0,持平,0,0
20260611,豆粕,m2705,05,摩根大通期货,9843,13593,-3750,净空,1008,0
20260611,豆粕,m2705,05,瑞银期货,0,0,0,持平,0,0
20260612,豆粕,m2609,09,中粮期货,80113,385809,-305696,净空,-1614,-10630
20260612,豆粕,m2609,09,乾坤期货,0,0,0,持平,0,0
20260612,豆粕,m2609,09,摩根大通期货,24870,65660,-40790,净空,-1374,1190
20260612,豆粕,m2609,09,瑞银期货,37439,0,37439,净多,114,0
20260612,豆粕,m2611,11,中粮期货,8419,0,8419,净多,-14,0
20260612,豆粕,m2611,11,乾坤期货,0,0,0,持平,0,0
20260612,豆粕,m2611,11,摩根大通期货,4640,0,4640,净多,0,0
20260612,豆粕,m2611,11,瑞银期货,0,0,0,持平,0,0
20260612,豆粕,m2701,01,中粮期货,54127,201871,-147744,净空,1120,17841
20260612,豆粕,m2701,01,乾坤期货,0,0,0,持平,0,0
20260612,豆粕,m2701,01,摩根大通期货,24450,27025,-2575,净空,-530,905
20260612,豆粕,m2701,01,瑞银期货,0,0,0,持平,0,0
20260612,豆粕,m2703,03,中粮期货,578,6705,-6127,净空,-1,-1
20260612,豆粕,m2703,03,乾坤期货,0,0,0,持平,0,0
20260612,豆粕,m2703,03,摩根大通期货,0,0,0,持平,0,0
20260612,豆粕,m2703,03,瑞银期货,0,0,0,持平,0,0
20260612,豆粕,m2705,05,中粮期货,13864,73099,-59235,净空,677,922
20260612,豆粕,m2705,05,乾坤期货,0,0,0,持平,0,0
20260612,豆粕,m2705,05,摩根大通期货,10529,13593,-3064,净空,686,0
20260612,豆粕,m2705,05,瑞银期货,0,0,0,持平,0,0
20260615,豆粕,m2609,09,中粮期货,76867,363453,-286586,净空,-3246,-22356
20260615,豆粕,m2609,09,乾坤期货,0,0,0,持平,0,0
20260615,豆粕,m2609,09,摩根大通期货,25180,64013,-38833,净空,310,-1647
20260615,豆粕,m2609,09,瑞银期货,37438,0,37438,净多,-1,0
20260615,豆粕,m2611,11,中粮期货,8436,0,8436,净多,17,0
20260615,豆粕,m2611,11,乾坤期货,0,0,0,持平,0,0
20260615,豆粕,m2611,11,摩根大通期货,4640,0,4640,净多,0,0
20260615,豆粕,m2611,11,瑞银期货,0,0,0,持平,0,0
20260615,豆粕,m2701,01,中粮期货,55705,224114,-168409,净空,1578,22243
20260615,豆粕,m2701,01,乾坤期货,0,0,0,持平,0,0
20260615,豆粕,m2701,01,摩根大通期货,26618,22955,3663,净多,2168,-4070
20260615,豆粕,m2701,01,瑞银期货,0,0,0,持平,0,0
20260615,豆粕,m2703,03,中粮期货,586,6693,-6107,净空,8,-12
20260615,豆粕,m2703,03,乾坤期货,0,0,0,持平,0,0
20260615,豆粕,m2703,03,摩根大通期货,0,0,0,持平,0,0
20260615,豆粕,m2703,03,瑞银期货,0,0,0,持平,0,0
20260615,豆粕,m2705,05,中粮期货,12986,73864,-60878,净空,-878,765
20260615,豆粕,m2705,05,乾坤期货,0,0,0,持平,0,0
20260615,豆粕,m2705,05,摩根大通期货,10209,16593,-6384,净空,-320,3000
20260615,豆粕,m2705,05,瑞银期货,0,0,0,持平,0,0
20260616,豆粕,m2609,09,中粮期货,75939,357726,-281787,净空,-928,-5727
20260616,豆粕,m2609,09,乾坤期货,0,0,0,持平,0,0
20260616,豆粕,m2609,09,摩根大通期货,22513,63571,-41058,净空,-2667,-442
20260616,豆粕,m2609,09,瑞银期货,22853,0,22853,净多,-14585,0
20260616,豆粕,m2611,11,中粮期货,8466,0,8466,净多,30,0
20260616,豆粕,m2611,11,乾坤期货,0,0,0,持平,0,0
20260616,豆粕,m2611,11,摩根大通期货,4640,0,4640,净多,0,0
20260616,豆粕,m2611,11,瑞银期货,0,0,0,持平,0,0
20260616,豆粕,m2701,01,中粮期货,55939,231912,-175973,净空,234,7798
20260616,豆粕,m2701,01,乾坤期货,0,0,0,持平,0,0
20260616,豆粕,m2701,01,摩根大通期货,25650,23078,2572,净多,-968,123
20260616,豆粕,m2701,01,瑞银期货,0,0,0,持平,0,0
20260616,豆粕,m2703,03,中粮期货,579,6704,-6125,净空,-7,11
20260616,豆粕,m2703,03,乾坤期货,0,0,0,持平,0,0
20260616,豆粕,m2703,03,摩根大通期货,0,0,0,持平,0,0
20260616,豆粕,m2703,03,瑞银期货,0,0,0,持平,0,0
20260616,豆粕,m2705,05,中粮期货,12998,83046,-70048,净空,12,9182
20260616,豆粕,m2705,05,乾坤期货,0,0,0,持平,0,0
20260616,豆粕,m2705,05,摩根大通期货,10362,16593,-6231,净空,153,0
20260616,豆粕,m2705,05,瑞银期货,0,0,0,持平,0,0
20260617,豆粕,m2609,09,中粮期货,72822,355175,-282353,净空,-3117,-2551
20260617,豆粕,m2609,09,乾坤期货,0,0,0,持平,0,0
20260617,豆粕,m2609,09,摩根大通期货,22752,61524,-38772,净空,239,-2047
20260617,豆粕,m2609,09,瑞银期货,0,0,0,持平,0,0
20260617,豆粕,m2611,11,中粮期货,8350,0,8350,净多,-116,0
20260617,豆粕,m2611,11,乾坤期货,0,0,0,持平,0,0
20260617,豆粕,m2611,11,摩根大通期货,4640,0,4640,净多,0,0
20260617,豆粕,m2611,11,瑞银期货,0,0,0,持平,0,0
20260617,豆粕,m2701,01,中粮期货,56428,239492,-183064,净空,489,7580
20260617,豆粕,m2701,01,乾坤期货,0,0,0,持平,0,0
20260617,豆粕,m2701,01,摩根大通期货,24763,33907,-9144,净空,-887,10829
20260617,豆粕,m2701,01,瑞银期货,0,0,0,持平,0,0
20260617,豆粕,m2703,03,中粮期货,576,6628,-6052,净空,-3,-76
20260617,豆粕,m2703,03,乾坤期货,0,0,0,持平,0,0
20260617,豆粕,m2703,03,摩根大通期货,0,0,0,持平,0,0
20260617,豆粕,m2703,03,瑞银期货,0,0,0,持平,0,0
20260617,豆粕,m2705,05,中粮期货,12365,83469,-71104,净空,-633,423
20260617,豆粕,m2705,05,乾坤期货,0,0,0,持平,0,0
20260617,豆粕,m2705,05,摩根大通期货,10112,16593,-6481,净空,-250,0
20260617,豆粕,m2705,05,瑞银期货,0,0,0,持平,0,0
20260618,豆粕,m2609,09,中粮期货,69600,346630,-277030,净空,-3222,-8545
20260618,豆粕,m2609,09,乾坤期货,0,0,0,持平,0,0
20260618,豆粕,m2609,09,摩根大通期货,0,64456,-64456,净空,0,2932
20260618,豆粕,m2609,09,瑞银期货,0,0,0,持平,0,0
20260618,豆粕,m2611,11,中粮期货,8394,0,8394,净多,44,0
20260618,豆粕,m2611,11,乾坤期货,0,0,0,持平,0,0
20260618,豆粕,m2611,11,摩根大通期货,4640,0,4640,净多,0,0
20260618,豆粕,m2611,11,瑞银期货,0,0,0,持平,0,0
20260618,豆粕,m2701,01,中粮期货,57926,246674,-188748,净空,1498,7182
20260618,豆粕,m2701,01,乾坤期货,0,0,0,持平,0,0
20260618,豆粕,m2701,01,摩根大通期货,25280,34168,-8888,净空,517,261
20260618,豆粕,m2701,01,瑞银期货,0,0,0,持平,0,0
20260618,豆粕,m2703,03,中粮期货,597,6508,-5911,净空,21,-120
20260618,豆粕,m2703,03,乾坤期货,0,0,0,持平,0,0
20260618,豆粕,m2703,03,摩根大通期货,0,0,0,持平,0,0
20260618,豆粕,m2703,03,瑞银期货,0,0,0,持平,0,0
20260618,豆粕,m2705,05,中粮期货,12533,83337,-70804,净空,168,-132
20260618,豆粕,m2705,05,乾坤期货,0,0,0,持平,0,0
20260618,豆粕,m2705,05,摩根大通期货,10412,16593,-6181,净空,300,0
20260618,豆粕,m2705,05,瑞银期货,0,0,0,持平,0,0
20260622,豆粕,m2609,09,中粮期货,69829,336468,-266639,净空,229,-10162
20260622,豆粕,m2609,09,乾坤期货,0,0,0,持平,0,0
20260622,豆粕,m2609,09,摩根大通期货,0,64110,-64110,净空,0,-346
20260622,豆粕,m2609,09,瑞银期货,0,0,0,持平,0,0
20260622,豆粕,m2611,11,中粮期货,8406,0,8406,净多,12,0
20260622,豆粕,m2611,11,乾坤期货,0,0,0,持平,0,0
20260622,豆粕,m2611,11,摩根大通期货,4640,0,4640,净多,0,0
20260622,豆粕,m2611,11,瑞银期货,0,0,0,持平,0,0
20260622,豆粕,m2701,01,中粮期货,60215,261052,-200837,净空,2289,14378
20260622,豆粕,m2701,01,乾坤期货,0,0,0,持平,0,0
20260622,豆粕,m2701,01,摩根大通期货,26480,33596,-7116,净空,1200,-572
20260622,豆粕,m2701,01,瑞银期货,0,0,0,持平,0,0
20260622,豆粕,m2703,03,中粮期货,617,6493,-5876,净空,20,-15
20260622,豆粕,m2703,03,乾坤期货,0,0,0,持平,0,0
20260622,豆粕,m2703,03,摩根大通期货,0,0,0,持平,0,0
20260622,豆粕,m2703,03,瑞银期货,0,0,0,持平,0,0
20260622,豆粕,m2705,05,中粮期货,13595,82867,-69272,净空,1062,-470
20260622,豆粕,m2705,05,乾坤期货,0,0,0,持平,0,0
20260622,豆粕,m2705,05,摩根大通期货,10412,16593,-6181,净空,0,0
20260622,豆粕,m2705,05,瑞银期货,0,0,0,持平,0,0
20260623,豆粕,m2609,09,中粮期货,63940,334855,-270915,净空,-5889,-1613
20260623,豆粕,m2609,09,乾坤期货,0,0,0,持平,0,0
20260623,豆粕,m2609,09,摩根大通期货,21805,65020,-43215,净空,2329,910
20260623,豆粕,m2609,09,瑞银期货,0,0,0,持平,0,0
20260623,豆粕,m2611,11,中粮期货,8486,0,8486,净多,80,0
20260623,豆粕,m2611,11,乾坤期货,0,0,0,持平,0,0
20260623,豆粕,m2611,11,摩根大通期货,4640,0,4640,净多,0,0
20260623,豆粕,m2611,11,瑞银期货,0,0,0,持平,0,0
20260623,豆粕,m2701,01,中粮期货,58088,275058,-216970,净空,-2127,14006
20260623,豆粕,m2701,01,乾坤期货,0,0,0,持平,0,0
20260623,豆粕,m2701,01,摩根大通期货,26860,30809,-3949,净空,380,-2787
20260623,豆粕,m2701,01,瑞银期货,0,0,0,持平,0,0
20260623,豆粕,m2703,03,中粮期货,617,6498,-5881,净空,0,5
20260623,豆粕,m2703,03,乾坤期货,0,0,0,持平,0,0
20260623,豆粕,m2703,03,摩根大通期货,0,0,0,持平,0,0
20260623,豆粕,m2703,03,瑞银期货,0,0,0,持平,0,0
20260623,豆粕,m2705,05,中粮期货,13956,81945,-67989,净空,361,-922
20260623,豆粕,m2705,05,乾坤期货,0,0,0,持平,0,0
20260623,豆粕,m2705,05,摩根大通期货,10412,16593,-6181,净空,0,0
20260623,豆粕,m2705,05,瑞银期货,0,0,0,持平,0,0
20260624,豆粕,m2609,09,中粮期货,61933,334074,-272141,净空,-2007,-781
20260624,豆粕,m2609,09,乾坤期货,0,0,0,持平,0,0
20260624,豆粕,m2609,09,摩根大通期货,22983,63359,-40376,净空,1178,-1661
20260624,豆粕,m2609,09,瑞银期货,0,0,0,持平,0,0
20260624,豆粕,m2611,11,中粮期货,9252,0,9252,净多,766,0
20260624,豆粕,m2611,11,乾坤期货,0,0,0,持平,0,0
20260624,豆粕,m2611,11,摩根大通期货,4640,0,4640,净多,0,0
20260624,豆粕,m2611,11,瑞银期货,0,0,0,持平,0,0
20260624,豆粕,m2701,01,中粮期货,57118,274172,-217054,净空,-970,-886
20260624,豆粕,m2701,01,乾坤期货,0,0,0,持平,0,0
20260624,豆粕,m2701,01,摩根大通期货,26219,33448,-7229,净空,-641,2639
20260624,豆粕,m2701,01,瑞银期货,0,0,0,持平,0,0
20260624,豆粕,m2703,03,中粮期货,617,6398,-5781,净空,0,-100
20260624,豆粕,m2703,03,乾坤期货,0,0,0,持平,0,0
20260624,豆粕,m2703,03,摩根大通期货,0,0,0,持平,0,0
20260624,豆粕,m2703,03,瑞银期货,0,0,0,持平,0,0
20260624,豆粕,m2705,05,中粮期货,14324,81362,-67038,净空,368,-583
20260624,豆粕,m2705,05,乾坤期货,0,0,0,持平,0,0
20260624,豆粕,m2705,05,摩根大通期货,10412,16593,-6181,净空,0,0
20260624,豆粕,m2705,05,瑞银期货,0,0,0,持平,0,0
20260625,豆粕,m2609,09,中粮期货,66078,322982,-256904,净空,4145,-11092
20260625,豆粕,m2609,09,乾坤期货,0,0,0,持平,0,0
20260625,豆粕,m2609,09,摩根大通期货,23179,68037,-44858,净空,196,4678
20260625,豆粕,m2609,09,瑞银期货,0,0,0,持平,0,0
20260625,豆粕,m2611,11,中粮期货,9720,0,9720,净多,468,0
20260625,豆粕,m2611,11,乾坤期货,0,0,0,持平,0,0
20260625,豆粕,m2611,11,摩根大通期货,4640,0,4640,净多,0,0
20260625,豆粕,m2611,11,瑞银期货,0,0,0,持平,0,0
20260625,豆粕,m2701,01,中粮期货,57816,282551,-224735,净空,698,8379
20260625,豆粕,m2701,01,乾坤期货,0,0,0,持平,0,0
20260625,豆粕,m2701,01,摩根大通期货,25585,43806,-18221,净空,-634,10358
20260625,豆粕,m2701,01,瑞银期货,0,0,0,持平,0,0
20260625,豆粕,m2703,03,中粮期货,817,6398,-5581,净空,200,0
20260625,豆粕,m2703,03,乾坤期货,0,0,0,持平,0,0
20260625,豆粕,m2703,03,摩根大通期货,0,0,0,持平,0,0
20260625,豆粕,m2703,03,瑞银期货,0,0,0,持平,0,0
20260625,豆粕,m2705,05,中粮期货,16151,77595,-61444,净空,1827,-3767
20260625,豆粕,m2705,05,乾坤期货,0,0,0,持平,0,0
20260625,豆粕,m2705,05,摩根大通期货,10612,16593,-5981,净空,200,0
20260625,豆粕,m2705,05,瑞银期货,0,0,0,持平,0,0
20260626,豆粕,m2609,09,中粮期货,52069,326621,-274552,净空,-14009,3639
20260626,豆粕,m2609,09,乾坤期货,0,0,0,持平,0,0
20260626,豆粕,m2609,09,摩根大通期货,27469,49066,-21597,净空,4290,-18971
20260626,豆粕,m2609,09,瑞银期货,0,0,0,持平,0,0
20260626,豆粕,m2611,11,中粮期货,9571,0,9571,净多,-149,0
20260626,豆粕,m2611,11,乾坤期货,0,0,0,持平,0,0
20260626,豆粕,m2611,11,摩根大通期货,4640,0,4640,净多,0,0
20260626,豆粕,m2611,11,瑞银期货,0,0,0,持平,0,0
20260626,豆粕,m2701,01,中粮期货,57645,283412,-225767,净空,-171,861
20260626,豆粕,m2701,01,乾坤期货,0,0,0,持平,0,0
20260626,豆粕,m2701,01,摩根大通期货,25235,46089,-20854,净空,-350,2283
20260626,豆粕,m2701,01,瑞银期货,0,0,0,持平,0,0
20260626,豆粕,m2703,03,中粮期货,776,6538,-5762,净空,-41,140
20260626,豆粕,m2703,03,乾坤期货,0,0,0,持平,0,0
20260626,豆粕,m2703,03,摩根大通期货,0,0,0,持平,0,0
20260626,豆粕,m2703,03,瑞银期货,0,0,0,持平,0,0
20260626,豆粕,m2705,05,中粮期货,15446,67107,-51661,净空,-705,-10488
20260626,豆粕,m2705,05,乾坤期货,0,0,0,持平,0,0
20260626,豆粕,m2705,05,摩根大通期货,10049,16593,-6544,净空,-563,0
20260626,豆粕,m2705,05,瑞银期货,0,0,0,持平,0,0
20260629,豆粕,m2609,09,中粮期货,51151,315010,-263859,净空,-918,-11611
20260629,豆粕,m2609,09,乾坤期货,0,0,0,持平,0,0
20260629,豆粕,m2609,09,摩根大通期货,22297,50678,-28381,净空,-5172,1612
20260629,豆粕,m2609,09,瑞银期货,0,0,0,持平,0,0
20260629,豆粕,m2611,11,中粮期货,9689,0,9689,净多,118,0
20260629,豆粕,m2611,11,乾坤期货,0,0,0,持平,0,0
20260629,豆粕,m2611,11,摩根大通期货,4640,0,4640,净多,0,0
20260629,豆粕,m2611,11,瑞银期货,0,0,0,持平,0,0
20260629,豆粕,m2701,01,中粮期货,56659,289891,-233232,净空,-986,6479
20260629,豆粕,m2701,01,乾坤期货,0,0,0,持平,0,0
20260629,豆粕,m2701,01,摩根大通期货,18736,36568,-17832,净空,-6499,-9521
20260629,豆粕,m2701,01,瑞银期货,0,0,0,持平,0,0
20260629,豆粕,m2703,03,中粮期货,796,6523,-5727,净空,20,-15
20260629,豆粕,m2703,03,乾坤期货,0,0,0,持平,0,0
20260629,豆粕,m2703,03,摩根大通期货,0,0,0,持平,0,0
20260629,豆粕,m2703,03,瑞银期货,0,0,0,持平,0,0
20260629,豆粕,m2705,05,中粮期货,16329,66430,-50101,净空,883,-677
20260629,豆粕,m2705,05,乾坤期货,0,0,0,持平,0,0
20260629,豆粕,m2705,05,摩根大通期货,9567,16593,-7026,净空,-482,0
20260629,豆粕,m2705,05,瑞银期货,0,0,0,持平,0,0
20260630,豆粕,m2609,09,中粮期货,47207,303822,-256615,净空,-3944,-11188
20260630,豆粕,m2609,09,乾坤期货,0,0,0,持平,0,0
20260630,豆粕,m2609,09,摩根大通期货,0,41215,-41215,净空,0,-9463
20260630,豆粕,m2609,09,瑞银期货,0,0,0,持平,0,0
20260630,豆粕,m2611,11,中粮期货,9975,0,9975,净多,286,0
20260630,豆粕,m2611,11,乾坤期货,0,0,0,持平,0,0
20260630,豆粕,m2611,11,摩根大通期货,4640,0,4640,净多,0,0
20260630,豆粕,m2611,11,瑞银期货,0,0,0,持平,0,0
20260630,豆粕,m2701,01,中粮期货,61517,306177,-244660,净空,4858,16286
20260630,豆粕,m2701,01,乾坤期货,0,0,0,持平,0,0
20260630,豆粕,m2701,01,摩根大通期货,20108,44450,-24342,净空,1372,7882
20260630,豆粕,m2701,01,瑞银期货,0,0,0,持平,0,0
20260630,豆粕,m2703,03,中粮期货,818,6503,-5685,净空,22,-20
20260630,豆粕,m2703,03,乾坤期货,0,0,0,持平,0,0
20260630,豆粕,m2703,03,摩根大通期货,0,0,0,持平,0,0
20260630,豆粕,m2703,03,瑞银期货,0,0,0,持平,0,0
20260630,豆粕,m2705,05,中粮期货,15929,68418,-52489,净空,-400,1988
20260630,豆粕,m2705,05,乾坤期货,0,0,0,持平,0,0
20260630,豆粕,m2705,05,摩根大通期货,10228,6047,4181,净多,661,-10546
20260630,豆粕,m2705,05,瑞银期货,0,0,0,持平,0,0
20260701,豆粕,m2609,09,中粮期货,44388,296416,-252028,净空,-2819,-7406
20260701,豆粕,m2609,09,乾坤期货,0,0,0,持平,0,0
20260701,豆粕,m2609,09,摩根大通期货,0,33747,-33747,净空,0,-7468
20260701,豆粕,m2609,09,瑞银期货,0,0,0,持平,0,0
20260701,豆粕,m2611,11,中粮期货,12152,4110,8042,净多,2177,3309
20260701,豆粕,m2611,11,乾坤期货,0,0,0,持平,0,0
20260701,豆粕,m2611,11,摩根大通期货,4640,2464,2176,净多,0,2000
20260701,豆粕,m2611,11,瑞银期货,0,0,0,持平,0,0
20260701,豆粕,m2701,01,中粮期货,71208,325882,-254674,净空,9691,19705
20260701,豆粕,m2701,01,乾坤期货,0,0,0,持平,0,0
20260701,豆粕,m2701,01,摩根大通期货,0,41775,-41775,净空,0,-2675
20260701,豆粕,m2701,01,瑞银期货,0,0,0,持平,0,0
20260701,豆粕,m2703,03,中粮期货,2505,8232,-5727,净空,1687,1729
20260701,豆粕,m2703,03,乾坤期货,0,0,0,持平,0,0
20260701,豆粕,m2703,03,摩根大通期货,0,0,0,持平,0,0
20260701,豆粕,m2703,03,瑞银期货,0,0,0,持平,0,0
20260701,豆粕,m2705,05,中粮期货,16909,78388,-61479,净空,980,9970
20260701,豆粕,m2705,05,乾坤期货,0,0,0,持平,0,0
20260701,豆粕,m2705,05,摩根大通期货,10089,6047,4042,净多,-139,0
20260701,豆粕,m2705,05,瑞银期货,0,0,0,持平,0,0
20260702,豆粕,m2609,09,中粮期货,42206,297875,-255669,净空,-2182,1459
20260702,豆粕,m2609,09,乾坤期货,0,0,0,持平,0,0
20260702,豆粕,m2609,09,摩根大通期货,0,32854,-32854,净空,0,-893
20260702,豆粕,m2609,09,瑞银期货,0,0,0,持平,0,0
20260702,豆粕,m2611,11,中粮期货,13871,6012,7859,净多,1719,1902
20260702,豆粕,m2611,11,乾坤期货,0,0,0,持平,0,0
20260702,豆粕,m2611,11,摩根大通期货,4652,2464,2188,净多,12,0
20260702,豆粕,m2611,11,瑞银期货,0,0,0,持平,0,0
20260702,豆粕,m2701,01,中粮期货,70457,332707,-262250,净空,-751,6825
20260702,豆粕,m2701,01,乾坤期货,0,0,0,持平,0,0
20260702,豆粕,m2701,01,摩根大通期货,0,39545,-39545,净空,0,-2230
20260702,豆粕,m2701,01,瑞银期货,0,0,0,持平,0,0
20260702,豆粕,m2703,03,中粮期货,3023,8691,-5668,净空,518,459
20260702,豆粕,m2703,03,乾坤期货,0,0,0,持平,0,0
20260702,豆粕,m2703,03,摩根大通期货,0,0,0,持平,0,0
20260702,豆粕,m2703,03,瑞银期货,0,0,0,持平,0,0
20260702,豆粕,m2705,05,中粮期货,16794,78751,-61957,净空,-115,363
20260702,豆粕,m2705,05,乾坤期货,0,0,0,持平,0,0
20260702,豆粕,m2705,05,摩根大通期货,9677,6047,3630,净多,-412,0
20260702,豆粕,m2705,05,瑞银期货,0,0,0,持平,0,0
20260703,豆粕,m2609,09,中粮期货,43559,294906,-251347,净空,1353,-2969
20260703,豆粕,m2609,09,乾坤期货,0,0,0,持平,0,0
20260703,豆粕,m2609,09,摩根大通期货,0,34596,-34596,净空,0,1742
20260703,豆粕,m2609,09,瑞银期货,0,0,0,持平,0,0
20260703,豆粕,m2611,11,中粮期货,17058,9037,8021,净多,3187,3025
20260703,豆粕,m2611,11,乾坤期货,0,0,0,持平,0,0
20260703,豆粕,m2611,11,摩根大通期货,4652,2464,2188,净多,0,0
20260703,豆粕,m2611,11,瑞银期货,0,0,0,持平,0,0
20260703,豆粕,m2701,01,中粮期货,71348,333498,-262150,净空,891,791
20260703,豆粕,m2701,01,乾坤期货,0,0,0,持平,0,0
20260703,豆粕,m2701,01,摩根大通期货,0,40448,-40448,净空,0,903
20260703,豆粕,m2701,01,瑞银期货,0,0,0,持平,0,0
20260703,豆粕,m2703,03,中粮期货,4057,9735,-5678,净空,1034,1044
20260703,豆粕,m2703,03,乾坤期货,0,0,0,持平,0,0
20260703,豆粕,m2703,03,摩根大通期货,0,0,0,持平,0,0
20260703,豆粕,m2703,03,瑞银期货,0,0,0,持平,0,0
20260703,豆粕,m2705,05,中粮期货,16869,78879,-62010,净空,75,128
20260703,豆粕,m2705,05,乾坤期货,0,0,0,持平,0,0
20260703,豆粕,m2705,05,摩根大通期货,9677,6047,3630,净多,0,0
20260703,豆粕,m2705,05,瑞银期货,0,0,0,持平,0,0
20260706,豆粕,m2609,09,中粮期货,36868,296405,-259537,净空,-6691,1499
20260706,豆粕,m2609,09,乾坤期货,0,0,0,持平,0,0
20260706,豆粕,m2609,09,摩根大通期货,36620,28336,8284,净多,17474,-6260
20260706,豆粕,m2609,09,瑞银期货,0,0,0,持平,0,0
20260706,豆粕,m2611,11,中粮期货,19433,12136,7297,净多,2375,3099
20260706,豆粕,m2611,11,乾坤期货,0,0,0,持平,0,0
20260706,豆粕,m2611,11,摩根大通期货,4652,2464,2188,净多,0,0
20260706,豆粕,m2611,11,瑞银期货,0,0,0,持平,0,0
20260706,豆粕,m2701,01,中粮期货,67496,334764,-267268,净空,-3852,1266
20260706,豆粕,m2701,01,乾坤期货,0,0,0,持平,0,0
20260706,豆粕,m2701,01,摩根大通期货,0,40764,-40764,净空,0,316
20260706,豆粕,m2701,01,瑞银期货,0,0,0,持平,0,0
20260706,豆粕,m2703,03,中粮期货,5172,10920,-5748,净空,1115,1185
20260706,豆粕,m2703,03,乾坤期货,0,0,0,持平,0,0
20260706,豆粕,m2703,03,摩根大通期货,0,0,0,持平,0,0
20260706,豆粕,m2703,03,瑞银期货,0,0,0,持平,0,0
20260706,豆粕,m2705,05,中粮期货,16411,80706,-64295,净空,-458,1827
20260706,豆粕,m2705,05,乾坤期货,0,0,0,持平,0,0
20260706,豆粕,m2705,05,摩根大通期货,8855,6347,2508,净多,-822,300
20260706,豆粕,m2705,05,瑞银期货,0,0,0,持平,0,0
20260707,豆粕,m2609,09,中粮期货,34221,301364,-267143,净空,-2647,4959
20260707,豆粕,m2609,09,乾坤期货,0,0,0,持平,0,0
20260707,豆粕,m2609,09,摩根大通期货,49192,41073,8119,净多,12572,12737
20260707,豆粕,m2609,09,瑞银期货,0,0,0,持平,0,0
20260707,豆粕,m2611,11,中粮期货,22189,15038,7151,净多,2756,2902
20260707,豆粕,m2611,11,乾坤期货,0,0,0,持平,0,0
20260707,豆粕,m2611,11,摩根大通期货,4652,2464,2188,净多,0,0
20260707,豆粕,m2611,11,瑞银期货,0,0,0,持平,0,0
20260707,豆粕,m2701,01,中粮期货,68158,338900,-270742,净空,662,4136
20260707,豆粕,m2701,01,乾坤期货,0,0,0,持平,0,0
20260707,豆粕,m2701,01,摩根大通期货,0,40278,-40278,净空,0,-486
20260707,豆粕,m2701,01,瑞银期货,0,0,0,持平,0,0
20260707,豆粕,m2703,03,中粮期货,6286,12087,-5801,净空,1114,1167
20260707,豆粕,m2703,03,乾坤期货,0,0,0,持平,0,0
20260707,豆粕,m2703,03,摩根大通期货,0,0,0,持平,0,0
20260707,豆粕,m2703,03,瑞银期货,0,0,0,持平,0,0
20260707,豆粕,m2705,05,中粮期货,15459,86243,-70784,净空,-952,5537
20260707,豆粕,m2705,05,乾坤期货,0,0,0,持平,0,0
20260707,豆粕,m2705,05,摩根大通期货,5888,7286,-1398,净空,-2967,939
20260707,豆粕,m2705,05,瑞银期货,0,0,0,持平,0,0
20260708,豆粕,m2609,09,中粮期货,34648,300494,-265846,净空,427,-870
20260708,豆粕,m2609,09,乾坤期货,0,0,0,持平,0,0
20260708,豆粕,m2609,09,摩根大通期货,57030,45909,11121,净多,7838,4836
20260708,豆粕,m2609,09,瑞银期货,0,0,0,持平,0,0
20260708,豆粕,m2611,11,中粮期货,24629,19302,5327,净多,2440,4264
20260708,豆粕,m2611,11,乾坤期货,0,0,0,持平,0,0
20260708,豆粕,m2611,11,摩根大通期货,4652,2464,2188,净多,0,0
20260708,豆粕,m2611,11,瑞银期货,0,0,0,持平,0,0
20260708,豆粕,m2701,01,中粮期货,67183,342090,-274907,净空,-975,3190
20260708,豆粕,m2701,01,乾坤期货,0,0,0,持平,0,0
20260708,豆粕,m2701,01,摩根大通期货,0,40578,-40578,净空,0,300
20260708,豆粕,m2701,01,瑞银期货,0,0,0,持平,0,0
20260708,豆粕,m2703,03,中粮期货,7858,13657,-5799,净空,1572,1570
20260708,豆粕,m2703,03,乾坤期货,0,0,0,持平,0,0
20260708,豆粕,m2703,03,摩根大通期货,0,0,0,持平,0,0
20260708,豆粕,m2703,03,瑞银期货,0,0,0,持平,0,0
20260708,豆粕,m2705,05,中粮期货,16037,86139,-70102,净空,578,-104
20260708,豆粕,m2705,05,乾坤期货,0,0,0,持平,0,0
20260708,豆粕,m2705,05,摩根大通期货,5711,6986,-1275,净空,-177,-300
20260708,豆粕,m2705,05,瑞银期货,0,0,0,持平,0,0
20260709,豆粕,m2609,09,中粮期货,32697,302454,-269757,净空,-1951,1960
20260709,豆粕,m2609,09,乾坤期货,0,0,0,持平,0,0
20260709,豆粕,m2609,09,摩根大通期货,55100,50522,4578,净多,-1930,4613
20260709,豆粕,m2609,09,瑞银期货,0,0,0,持平,0,0
20260709,豆粕,m2611,11,中粮期货,26140,21121,5019,净多,1511,1819
20260709,豆粕,m2611,11,乾坤期货,0,0,0,持平,0,0
20260709,豆粕,m2611,11,摩根大通期货,4662,2464,2198,净多,10,0
20260709,豆粕,m2611,11,瑞银期货,0,0,0,持平,0,0
20260709,豆粕,m2701,01,中粮期货,64862,341176,-276314,净空,-2321,-914
20260709,豆粕,m2701,01,乾坤期货,0,0,0,持平,0,0
20260709,豆粕,m2701,01,摩根大通期货,0,40578,-40578,净空,0,0
20260709,豆粕,m2701,01,瑞银期货,0,0,0,持平,0,0
20260709,豆粕,m2703,03,中粮期货,8165,14267,-6102,净空,307,610
20260709,豆粕,m2703,03,乾坤期货,0,0,0,持平,0,0
20260709,豆粕,m2703,03,摩根大通期货,0,0,0,持平,0,0
20260709,豆粕,m2703,03,瑞银期货,0,0,0,持平,0,0
20260709,豆粕,m2705,05,中粮期货,15933,87335,-71402,净空,-104,1196
20260709,豆粕,m2705,05,乾坤期货,0,0,0,持平,0,0
20260709,豆粕,m2705,05,摩根大通期货,0,7986,-7986,净空,0,1000
20260709,豆粕,m2705,05,瑞银期货,0,0,0,持平,0,0
20260710,豆粕,m2609,09,中粮期货,30248,304719,-274471,净空,-2449,2265
20260710,豆粕,m2609,09,乾坤期货,0,0,0,持平,0,0
20260710,豆粕,m2609,09,摩根大通期货,56264,62852,-6588,净空,1164,12330
20260710,豆粕,m2609,09,瑞银期货,0,0,0,持平,0,0
20260710,豆粕,m2611,11,中粮期货,27596,22271,5325,净多,1456,1150
20260710,豆粕,m2611,11,乾坤期货,0,0,0,持平,0,0
20260710,豆粕,m2611,11,摩根大通期货,4662,2464,2198,净多,0,0
20260710,豆粕,m2611,11,瑞银期货,0,0,0,持平,0,0
20260710,豆粕,m2701,01,中粮期货,63796,345328,-281532,净空,-1066,4152
20260710,豆粕,m2701,01,乾坤期货,0,0,0,持平,0,0
20260710,豆粕,m2701,01,摩根大通期货,0,31078,-31078,净空,0,-9500
20260710,豆粕,m2701,01,瑞银期货,0,0,0,持平,0,0
20260710,豆粕,m2703,03,中粮期货,8861,14324,-5463,净空,696,57
20260710,豆粕,m2703,03,乾坤期货,0,0,0,持平,0,0
20260710,豆粕,m2703,03,摩根大通期货,0,0,0,持平,0,0
20260710,豆粕,m2703,03,瑞银期货,0,0,0,持平,0,0
20260710,豆粕,m2705,05,中粮期货,16034,93087,-77053,净空,101,5752
20260710,豆粕,m2705,05,乾坤期货,0,0,0,持平,0,0
20260710,豆粕,m2705,05,摩根大通期货,0,7986,-7986,净空,0,0
20260710,豆粕,m2705,05,瑞银期货,0,0,0,持平,0,0
20260713,豆粕,m2609,09,中粮期货,37290,299858,-262568,净空,7042,-4861
20260713,豆粕,m2609,09,乾坤期货,0,0,0,持平,0,0
20260713,豆粕,m2609,09,摩根大通期货,54659,67261,-12602,净空,-1605,4409
20260713,豆粕,m2609,09,瑞银期货,0,0,0,持平,0,0
20260713,豆粕,m2611,11,中粮期货,28294,23458,4836,净多,698,1187
20260713,豆粕,m2611,11,乾坤期货,0,0,0,持平,0,0
20260713,豆粕,m2611,11,摩根大通期货,4662,2464,2198,净多,0,0
20260713,豆粕,m2611,11,瑞银期货,0,0,0,持平,0,0
20260713,豆粕,m2701,01,中粮期货,62442,348360,-285918,净空,-1354,3032
20260713,豆粕,m2701,01,乾坤期货,0,0,0,持平,0,0
20260713,豆粕,m2701,01,摩根大通期货,0,23298,-23298,净空,0,-7780
20260713,豆粕,m2701,01,瑞银期货,0,0,0,持平,0,0
20260713,豆粕,m2703,03,中粮期货,9744,15173,-5429,净空,883,849
20260713,豆粕,m2703,03,乾坤期货,0,0,0,持平,0,0
20260713,豆粕,m2703,03,摩根大通期货,0,0,0,持平,0,0
20260713,豆粕,m2703,03,瑞银期货,0,0,0,持平,0,0
20260713,豆粕,m2705,05,中粮期货,16442,93256,-76814,净空,408,169
20260713,豆粕,m2705,05,乾坤期货,0,0,0,持平,0,0
20260713,豆粕,m2705,05,摩根大通期货,5849,7986,-2137,净空,129,0
20260713,豆粕,m2705,05,瑞银期货,0,0,0,持平,0,0
20260714,豆粕,m2609,09,中粮期货,37535,290436,-252901,净空,245,-9422
20260714,豆粕,m2609,09,乾坤期货,0,0,0,持平,0,0
20260714,豆粕,m2609,09,摩根大通期货,59989,65660,-5671,净空,5330,-1601
20260714,豆粕,m2609,09,瑞银期货,0,0,0,持平,0,0
20260714,豆粕,m2611,11,中粮期货,28510,23707,4803,净多,216,249
20260714,豆粕,m2611,11,乾坤期货,0,0,0,持平,0,0
20260714,豆粕,m2611,11,摩根大通期货,4662,3964,698,净多,0,1500
20260714,豆粕,m2611,11,瑞银期货,0,0,0,持平,0,0
20260714,豆粕,m2701,01,中粮期货,63786,349530,-285744,净空,1344,1170
20260714,豆粕,m2701,01,乾坤期货,0,0,0,持平,0,0
20260714,豆粕,m2701,01,摩根大通期货,0,22550,-22550,净空,0,-748
20260714,豆粕,m2701,01,瑞银期货,0,0,0,持平,0,0
20260714,豆粕,m2703,03,中粮期货,10123,15561,-5438,净空,379,388
20260714,豆粕,m2703,03,乾坤期货,0,0,0,持平,0,0
20260714,豆粕,m2703,03,摩根大通期货,0,0,0,持平,0,0
20260714,豆粕,m2703,03,瑞银期货,0,0,0,持平,0,0
20260714,豆粕,m2705,05,中粮期货,16496,93877,-77381,净空,54,621
20260714,豆粕,m2705,05,乾坤期货,0,0,0,持平,0,0
20260714,豆粕,m2705,05,摩根大通期货,0,7786,-7786,净空,0,-200
20260714,豆粕,m2705,05,瑞银期货,0,0,0,持平,0,0
20260715,豆粕,m2609,09,中粮期货,34285,290695,-256410,净空,-3250,259
20260715,豆粕,m2609,09,乾坤期货,0,0,0,持平,0,0
20260715,豆粕,m2609,09,摩根大通期货,63608,63948,-340,净空,3619,-1712
20260715,豆粕,m2609,09,瑞银期货,0,0,0,持平,0,0
20260715,豆粕,m2611,11,中粮期货,28799,24409,4390,净多,289,702
20260715,豆粕,m2611,11,乾坤期货,0,0,0,持平,0,0
20260715,豆粕,m2611,11,摩根大通期货,4662,3964,698,净多,0,0
20260715,豆粕,m2611,11,瑞银期货,0,0,0,持平,0,0
20260715,豆粕,m2701,01,中粮期货,66241,366460,-300219,净空,2455,16930
20260715,豆粕,m2701,01,乾坤期货,0,0,0,持平,0,0
20260715,豆粕,m2701,01,摩根大通期货,0,14670,-14670,净空,0,-7880
20260715,豆粕,m2701,01,瑞银期货,0,0,0,持平,0,0
20260715,豆粕,m2703,03,中粮期货,10266,15739,-5473,净空,143,178
20260715,豆粕,m2703,03,乾坤期货,0,0,0,持平,0,0
20260715,豆粕,m2703,03,摩根大通期货,1297,0,1297,净多,1092,0
20260715,豆粕,m2703,03,瑞银期货,0,0,0,持平,0,0
20260715,豆粕,m2705,05,中粮期货,16958,94633,-77675,净空,462,756
20260715,豆粕,m2705,05,乾坤期货,0,0,0,持平,0,0
20260715,豆粕,m2705,05,摩根大通期货,0,7786,-7786,净空,0,0
20260715,豆粕,m2705,05,瑞银期货,0,0,0,持平,0,0
20260716,豆粕,m2609,09,一德期货,0,30159,-30159,净空,0,9287
20260716,豆粕,m2609,09,中信期货,213020,103455,109565,净多,5375,2129
20260716,豆粕,m2609,09,中粮期货,27950,291172,-263222,净空,-6335,477
20260716,豆粕,m2609,09,乾坤期货,0,0,0,持平,0,0
20260716,豆粕,m2609,09,国泰君安期货,155838,96719,59119,净多,-726,-1893
20260716,豆粕,m2609,09,摩根大通期货,60421,67663,-7242,净空,-3187,3715
20260716,豆粕,m2609,09,永安期货,84342,47816,36526,净多,-1244,-1357
20260716,豆粕,m2609,09,瑞银期货,0,0,0,持平,0,0
20260716,豆粕,m2609,09,高盛期货,122837,0,122837,净多,2205,0
20260716,豆粕,m2611,11,一德期货,0,3335,-3335,净空,0,1105
20260716,豆粕,m2611,11,中信期货,22907,23002,-95,净空,58,274
20260716,豆粕,m2611,11,中粮期货,29334,25695,3639,净多,535,1286
20260716,豆粕,m2611,11,乾坤期货,0,0,0,持平,0,0
20260716,豆粕,m2611,11,国泰君安期货,70440,51626,18814,净多,3658,297
20260716,豆粕,m2611,11,摩根大通期货,4662,3964,698,净多,0,0
20260716,豆粕,m2611,11,永安期货,0,19441,-19441,净空,0,122
20260716,豆粕,m2611,11,瑞银期货,0,0,0,持平,0,0
20260716,豆粕,m2611,11,高盛期货,0,0,0,持平,0,0
20260716,豆粕,m2701,01,一德期货,90388,0,90388,净多,3158,0
20260716,豆粕,m2701,01,中信期货,84082,40310,43772,净多,4433,-344
20260716,豆粕,m2701,01,中粮期货,63929,375899,-311970,净空,-2312,9439
20260716,豆粕,m2701,01,乾坤期货,0,0,0,持平,0,0
20260716,豆粕,m2701,01,国泰君安期货,181220,102974,78246,净多,-974,-1228
20260716,豆粕,m2701,01,摩根大通期货,15754,13418,2336,净多,3702,-1252
20260716,豆粕,m2701,01,永安期货,35501,34986,515,净多,-1752,-8658
20260716,豆粕,m2701,01,瑞银期货,0,0,0,持平,0,0
20260716,豆粕,m2701,01,高盛期货,30192,0,30192,净多,503,0
20260716,豆粕,m2703,03,一德期货,0,0,0,持平,0,0
20260716,豆粕,m2703,03,中信期货,16543,22737,-6194,净空,517,2483
20260716,豆粕,m2703,03,中粮期货,11182,16647,-5465,净空,916,908
20260716,豆粕,m2703,03,乾坤期货,0,0,0,持平,0,0
20260716,豆粕,m2703,03,国泰君安期货,40742,38617,2125,净多,949,995
20260716,豆粕,m2703,03,摩根大通期货,1297,0,1297,净多,0,0
20260716,豆粕,m2703,03,永安期货,0,279,-279,净空,0,0
20260716,豆粕,m2703,03,瑞银期货,0,0,0,持平,0,0
20260716,豆粕,m2703,03,高盛期货,839,0,839,净多,70,0
20260716,豆粕,m2705,05,一德期货,0,11992,-11992,净空,0,3183
20260716,豆粕,m2705,05,中信期货,18126,49097,-30971,净空,1303,1375
20260716,豆粕,m2705,05,中粮期货,16984,94939,-77955,净空,26,306
20260716,豆粕,m2705,05,乾坤期货,0,0,0,持平,0,0
20260716,豆粕,m2705,05,国泰君安期货,42180,41153,1027,净多,-907,-2659
20260716,豆粕,m2705,05,摩根大通期货,0,8986,-8986,净空,0,1200
20260716,豆粕,m2705,05,永安期货,0,21005,-21005,净空,0,-465
20260716,豆粕,m2705,05,瑞银期货,0,0,0,持平,0,0
20260716,豆粕,m2705,05,高盛期货,12477,0,12477,净多,1686,0
20260717,豆粕,m2609,09,一德期货,0,51901,-51901,净空,0,21742
20260717,豆粕,m2609,09,中信期货,204719,110113,94606,净多,-8301,6658
20260717,豆粕,m2609,09,中粮期货,27246,277452,-250206,净空,-704,-13720
20260717,豆粕,m2609,09,乾坤期货,0,0,0,持平,0,0
20260717,豆粕,m2609,09,国泰君安期货,156614,90972,65642,净多,776,-5747
20260717,豆粕,m2609,09,摩根大通期货,64344,72942,-8598,净空,3923,5279
20260717,豆粕,m2609,09,永安期货,84394,49449,34945,净多,52,1633
20260717,豆粕,m2609,09,瑞银期货,0,0,0,持平,0,0
20260717,豆粕,m2609,09,高盛期货,124670,0,124670,净多,1833,0
20260717,豆粕,m2611,11,一德期货,0,3335,-3335,净空,0,0
20260717,豆粕,m2611,11,中信期货,22911,23008,-97,净空,4,6
20260717,豆粕,m2611,11,中粮期货,28804,25673,3131,净多,-530,-22
20260717,豆粕,m2611,11,乾坤期货,0,0,0,持平,0,0
20260717,豆粕,m2611,11,国泰君安期货,70640,54061,16579,净多,200,2435
20260717,豆粕,m2611,11,摩根大通期货,4662,3964,698,净多,0,0
20260717,豆粕,m2611,11,永安期货,0,19450,-19450,净空,0,9
20260717,豆粕,m2611,11,瑞银期货,0,0,0,持平,0,0
20260717,豆粕,m2611,11,高盛期货,0,0,0,持平,0,0
20260717,豆粕,m2701,01,一德期货,87399,0,87399,净多,-2989,0
20260717,豆粕,m2701,01,中信期货,85636,39186,46450,净多,1554,-1124
20260717,豆粕,m2701,01,中粮期货,65362,397381,-332019,净空,1433,21482
20260717,豆粕,m2701,01,乾坤期货,0,0,0,持平,0,0
20260717,豆粕,m2701,01,国泰君安期货,186704,98763,87941,净多,5484,-4211
20260717,豆粕,m2701,01,摩根大通期货,17462,0,17462,净多,1708,0
20260717,豆粕,m2701,01,永安期货,35469,19939,15530,净多,-32,-15047
20260717,豆粕,m2701,01,瑞银期货,0,0,0,持平,0,0
20260717,豆粕,m2701,01,高盛期货,31026,0,31026,净多,834,0
20260717,豆粕,m2703,03,一德期货,0,0,0,持平,0,0
20260717,豆粕,m2703,03,中信期货,17128,25857,-8729,净空,585,3120
20260717,豆粕,m2703,03,中粮期货,12377,17795,-5418,净空,1195,1148
20260717,豆粕,m2703,03,乾坤期货,0,0,0,持平,0,0
20260717,豆粕,m2703,03,国泰君安期货,42593,39683,2910,净多,1851,1066
20260717,豆粕,m2703,03,摩根大通期货,1297,0,1297,净多,0,0
20260717,豆粕,m2703,03,永安期货,2392,0,2392,净多,1999,0
20260717,豆粕,m2703,03,瑞银期货,0,0,0,持平,0,0
20260717,豆粕,m2703,03,高盛期货,882,0,882,净多,43,0
20260717,豆粕,m2705,05,一德期货,0,11792,-11792,净空,0,-200
20260717,豆粕,m2705,05,中信期货,19059,49014,-29955,净空,933,-83
20260717,豆粕,m2705,05,中粮期货,15516,94667,-79151,净空,-1468,-272
20260717,豆粕,m2705,05,乾坤期货,0,0,0,持平,0,0
20260717,豆粕,m2705,05,国泰君安期货,41071,42392,-1321,净空,-1109,1239
20260717,豆粕,m2705,05,摩根大通期货,0,8686,-8686,净空,0,-300
20260717,豆粕,m2705,05,永安期货,0,20953,-20953,净空,0,-52
20260717,豆粕,m2705,05,瑞银期货,0,0,0,持平,0,0
20260717,豆粕,m2705,05,高盛期货,13665,0,13665,净多,1188,0
20260720,豆粕,m2609,09,一德期货,0,34120,-34120,净空,0,-17781
20260720,豆粕,m2609,09,中信期货,206867,116305,90562,净多,2148,6192
20260720,豆粕,m2609,09,中粮期货,31329,280575,-249246,净空,4083,3123
20260720,豆粕,m2609,09,乾坤期货,0,0,0,持平,0,0
20260720,豆粕,m2609,09,国泰君安期货,152102,95072,57030,净多,-4512,4100
20260720,豆粕,m2609,09,摩根大通期货,71064,57520,13544,净多,6720,-15422
20260720,豆粕,m2609,09,永安期货,90014,51340,38674,净多,5620,1891
20260720,豆粕,m2609,09,瑞银期货,0,0,0,持平,0,0
20260720,豆粕,m2609,09,高盛期货,123148,0,123148,净多,-1522,0
20260720,豆粕,m2611,11,一德期货,0,3830,-3830,净空,0,495
20260720,豆粕,m2611,11,中信期货,23010,23232,-222,净空,99,224
20260720,豆粕,m2611,11,中粮期货,29562,25791,3771,净多,758,118
20260720,豆粕,m2611,11,乾坤期货,0,0,0,持平,0,0
20260720,豆粕,m2611,11,国泰君安期货,74026,56831,17195,净多,3386,2770
20260720,豆粕,m2611,11,摩根大通期货,4662,5164,-502,净空,0,1200
20260720,豆粕,m2611,11,永安期货,0,19653,-19653,净空,0,203
20260720,豆粕,m2611,11,瑞银期货,0,0,0,持平,0,0
20260720,豆粕,m2611,11,高盛期货,0,0,0,持平,0,0
20260720,豆粕,m2701,01,一德期货,100764,0,100764,净多,13365,0
20260720,豆粕,m2701,01,中信期货,89291,42818,46473,净多,3655,3632
20260720,豆粕,m2701,01,中粮期货,66683,424978,-358295,净空,1321,27597
20260720,豆粕,m2701,01,乾坤期货,0,0,0,持平,0,0
20260720,豆粕,m2701,01,国泰君安期货,199529,90720,108809,净多,12825,-8043
20260720,豆粕,m2701,01,摩根大通期货,0,19710,-19710,净空,0,11704
20260720,豆粕,m2701,01,永安期货,41655,20493,21162,净多,6186,554
20260720,豆粕,m2701,01,瑞银期货,0,0,0,持平,0,0
20260720,豆粕,m2701,01,高盛期货,31276,0,31276,净多,250,0
20260720,豆粕,m2703,03,一德期货,0,0,0,持平,0,0
20260720,豆粕,m2703,03,中信期货,18032,28209,-10177,净空,904,2352
20260720,豆粕,m2703,03,中粮期货,12456,17906,-5450,净空,79,111
20260720,豆粕,m2703,03,乾坤期货,0,0,0,持平,0,0
20260720,豆粕,m2703,03,国泰君安期货,43155,40363,2792,净多,562,680
20260720,豆粕,m2703,03,摩根大通期货,1297,0,1297,净多,0,0
20260720,豆粕,m2703,03,永安期货,2793,0,2793,净多,401,0
20260720,豆粕,m2703,03,瑞银期货,0,0,0,持平,0,0
20260720,豆粕,m2703,03,高盛期货,923,0,923,净多,41,0
20260720,豆粕,m2705,05,一德期货,0,11687,-11687,净空,0,-105
20260720,豆粕,m2705,05,中信期货,19922,49271,-29349,净空,863,257
20260720,豆粕,m2705,05,中粮期货,14797,95360,-80563,净空,-719,693
20260720,豆粕,m2705,05,乾坤期货,0,0,0,持平,0,0
20260720,豆粕,m2705,05,国泰君安期货,40739,39885,854,净多,-332,-2507
20260720,豆粕,m2705,05,摩根大通期货,0,8187,-8187,净空,0,-499
20260720,豆粕,m2705,05,永安期货,0,20268,-20268,净空,0,-685
20260720,豆粕,m2705,05,瑞银期货,0,0,0,持平,0,0
20260720,豆粕,m2705,05,高盛期货,13861,0,13861,净多,196,0
20260721,豆粕,m2609,09,一德期货,0,31046,-31046,净空,0,-3074
20260721,豆粕,m2609,09,中信期货,203031,121760,81271,净多,-3836,5455
20260721,豆粕,m2609,09,中粮期货,31884,282526,-250642,净空,555,1951
20260721,豆粕,m2609,09,乾坤期货,0,0,0,持平,0,0
20260721,豆粕,m2609,09,国泰君安期货,162352,96599,65753,净多,10250,1527
20260721,豆粕,m2609,09,摩根大通期货,65032,63425,1607,净多,-6032,5905
20260721,豆粕,m2609,09,永安期货,90970,49718,41252,净多,956,-1622
20260721,豆粕,m2609,09,瑞银期货,0,0,0,持平,0,0
20260721,豆粕,m2609,09,高盛期货,125281,0,125281,净多,2133,0
20260721,豆粕,m2611,11,一德期货,0,3937,-3937,净空,0,107
20260721,豆粕,m2611,11,中信期货,23426,23822,-396,净空,416,590
20260721,豆粕,m2611,11,中粮期货,30222,26798,3424,净多,660,1007
20260721,豆粕,m2611,11,乾坤期货,0,0,0,持平,0,0
20260721,豆粕,m2611,11,国泰君安期货,76093,58461,17632,净多,2067,1630
20260721,豆粕,m2611,11,摩根大通期货,4662,5464,-802,净空,0,300
20260721,豆粕,m2611,11,永安期货,0,19666,-19666,净空,0,13
20260721,豆粕,m2611,11,瑞银期货,0,0,0,持平,0,0
20260721,豆粕,m2611,11,高盛期货,4532,0,4532,净多,1224,0
20260721,豆粕,m2701,01,一德期货,99709,0,99709,净多,-1055,0
20260721,豆粕,m2701,01,中信期货,92787,40849,51938,净多,3496,-1969
20260721,豆粕,m2701,01,中粮期货,65410,416463,-351053,净空,-1273,-8515
20260721,豆粕,m2701,01,乾坤期货,0,0,0,持平,0,0
20260721,豆粕,m2701,01,国泰君安期货,197289,87512,109777,净多,-2240,-3208
20260721,豆粕,m2701,01,摩根大通期货,0,20547,-20547,净空,0,837
20260721,豆粕,m2701,01,永安期货,45747,21139,24608,净多,4092,646
20260721,豆粕,m2701,01,瑞银期货,0,0,0,持平,0,0
20260721,豆粕,m2701,01,高盛期货,31047,0,31047,净多,-229,0
20260721,豆粕,m2703,03,一德期货,0,0,0,持平,0,0
20260721,豆粕,m2703,03,中信期货,18805,30579,-11774,净空,773,2370
20260721,豆粕,m2703,03,中粮期货,12497,17951,-5454,净空,41,45
20260721,豆粕,m2703,03,乾坤期货,0,0,0,持平,0,0
20260721,豆粕,m2703,03,国泰君安期货,43178,40391,2787,净多,23,28
20260721,豆粕,m2703,03,摩根大通期货,1297,0,1297,净多,0,0
20260721,豆粕,m2703,03,永安期货,4143,0,4143,净多,1350,0
20260721,豆粕,m2703,03,瑞银期货,0,0,0,持平,0,0
20260721,豆粕,m2703,03,高盛期货,932,0,932,净多,9,0
20260721,豆粕,m2705,05,一德期货,0,11687,-11687,净空,0,0
20260721,豆粕,m2705,05,中信期货,19526,49186,-29660,净空,-396,-85
20260721,豆粕,m2705,05,中粮期货,15189,96157,-80968,净空,392,797
20260721,豆粕,m2705,05,乾坤期货,0,0,0,持平,0,0
20260721,豆粕,m2705,05,国泰君安期货,41156,38616,2540,净多,417,-1269
20260721,豆粕,m2705,05,摩根大通期货,0,6686,-6686,净空,0,-1501
20260721,豆粕,m2705,05,永安期货,0,20506,-20506,净空,0,238
20260721,豆粕,m2705,05,瑞银期货,0,0,0,持平,0,0
20260721,豆粕,m2705,05,高盛期货,14108,0,14108,净多,247,0
20260722,豆粕,m2609,09,一德期货,0,29918,-29918,净空,0,-1128
20260722,豆粕,m2609,09,中信期货,212270,118864,93406,净多,9239,-2896
20260722,豆粕,m2609,09,中粮期货,33457,281818,-248361,净空,1573,-708
20260722,豆粕,m2609,09,乾坤期货,0,0,0,持平,0,0
20260722,豆粕,m2609,09,国泰君安期货,156405,95780,60625,净多,-5947,-819
20260722,豆粕,m2609,09,摩根大通期货,52077,56708,-4631,净空,-12955,-6717
20260722,豆粕,m2609,09,永安期货,82189,50191,31998,净多,-8781,473
20260722,豆粕,m2609,09,瑞银期货,27177,0,27177,净多,3803,0
20260722,豆粕,m2609,09,高盛期货,121642,0,121642,净多,-3639,0
20260722,豆粕,m2611,11,一德期货,0,4237,-4237,净空,0,300
20260722,豆粕,m2611,11,中信期货,23857,24948,-1091,净空,431,1126
20260722,豆粕,m2611,11,中粮期货,33559,30099,3460,净多,3337,3301
20260722,豆粕,m2611,11,乾坤期货,0,0,0,持平,0,0
20260722,豆粕,m2611,11,国泰君安期货,78308,58795,19513,净多,2215,334
20260722,豆粕,m2611,11,摩根大通期货,4662,5464,-802,净空,0,0
20260722,豆粕,m2611,11,永安期货,0,19692,-19692,净空,0,26
20260722,豆粕,m2611,11,瑞银期货,0,0,0,持平,0,0
20260722,豆粕,m2611,11,高盛期货,6154,0,6154,净多,1622,0
20260722,豆粕,m2701,01,一德期货,105397,0,105397,净多,5688,0
20260722,豆粕,m2701,01,中信期货,93102,41489,51613,净多,315,640
20260722,豆粕,m2701,01,中粮期货,62914,417563,-354649,净空,-2496,1100
20260722,豆粕,m2701,01,乾坤期货,0,0,0,持平,0,0
20260722,豆粕,m2701,01,国泰君安期货,190257,88588,101669,净多,-7032,1076
20260722,豆粕,m2701,01,摩根大通期货,29278,22216,7062,净多,17731,1669
20260722,豆粕,m2701,01,永安期货,51002,22947,28055,净多,5255,1808
20260722,豆粕,m2701,01,瑞银期货,0,0,0,持平,0,0
20260722,豆粕,m2701,01,高盛期货,32843,0,32843,净多,1796,0
20260722,豆粕,m2703,03,一德期货,0,0,0,持平,0,0
20260722,豆粕,m2703,03,中信期货,19594,32225,-12631,净空,789,1646
20260722,豆粕,m2703,03,中粮期货,12526,18016,-5490,净空,29,65
20260722,豆粕,m2703,03,乾坤期货,0,0,0,持平,0,0
20260722,豆粕,m2703,03,国泰君安期货,43118,40364,2754,净多,-60,-27
20260722,豆粕,m2703,03,摩根大通期货,1297,0,1297,净多,0,0
20260722,豆粕,m2703,03,永安期货,4145,0,4145,净多,2,0
20260722,豆粕,m2703,03,瑞银期货,0,0,0,持平,0,0
20260722,豆粕,m2703,03,高盛期货,1071,0,1071,净多,139,0
20260722,豆粕,m2705,05,一德期货,0,13407,-13407,净空,0,1720
20260722,豆粕,m2705,05,中信期货,20222,48965,-28743,净空,696,-221
20260722,豆粕,m2705,05,中粮期货,14812,97447,-82635,净空,-377,1290
20260722,豆粕,m2705,05,乾坤期货,0,0,0,持平,0,0
20260722,豆粕,m2705,05,国泰君安期货,42404,37478,4926,净多,1248,-1138
20260722,豆粕,m2705,05,摩根大通期货,0,7686,-7686,净空,0,1000
20260722,豆粕,m2705,05,永安期货,0,20700,-20700,净空,0,194
20260722,豆粕,m2705,05,瑞银期货,0,0,0,持平,0,0
20260722,豆粕,m2705,05,高盛期货,15035,0,15035,净多,927,0
20260723,豆粕,m2609,09,一德期货,0,40591,-40591,净空,0,10673
20260723,豆粕,m2609,09,中信期货,200966,127227,73739,净多,-11304,8363
20260723,豆粕,m2609,09,中粮期货,34584,276574,-241990,净空,1127,-5244
20260723,豆粕,m2609,09,乾坤期货,0,0,0,持平,0,0
20260723,豆粕,m2609,09,国泰君安期货,164524,99656,64868,净多,8119,3876
20260723,豆粕,m2609,09,摩根大通期货,43978,53872,-9894,净空,-8099,-2836
20260723,豆粕,m2609,09,永安期货,78773,51309,27464,净多,-3416,1118
20260723,豆粕,m2609,09,瑞银期货,26371,0,26371,净多,-806,0
20260723,豆粕,m2609,09,高盛期货,114697,0,114697,净多,-6945,0
20260723,豆粕,m2611,11,一德期货,0,4295,-4295,净空,0,58
20260723,豆粕,m2611,11,中信期货,24246,25313,-1067,净空,389,365
20260723,豆粕,m2611,11,中粮期货,33726,30112,3614,净多,167,13
20260723,豆粕,m2611,11,乾坤期货,0,0,0,持平,0,0
20260723,豆粕,m2611,11,国泰君安期货,79317,66227,13090,净多,1009,7432
20260723,豆粕,m2611,11,摩根大通期货,5199,5764,-565,净空,537,300
20260723,豆粕,m2611,11,永安期货,0,19661,-19661,净空,0,-31
20260723,豆粕,m2611,11,瑞银期货,0,0,0,持平,0,0
20260723,豆粕,m2611,11,高盛期货,8364,0,8364,净多,2210,0
20260723,豆粕,m2701,01,一德期货,112918,0,112918,净多,7521,0
20260723,豆粕,m2701,01,中信期货,100169,44086,56083,净多,7067,2597
20260723,豆粕,m2701,01,中粮期货,63564,421242,-357678,净空,650,3679
20260723,豆粕,m2701,01,乾坤期货,0,0,0,持平,0,0
20260723,豆粕,m2701,01,国泰君安期货,169692,90110,79582,净多,-20565,1522
20260723,豆粕,m2701,01,摩根大通期货,42319,14061,28258,净多,13041,-8155
20260723,豆粕,m2701,01,永安期货,53119,20802,32317,净多,2117,-2145
20260723,豆粕,m2701,01,瑞银期货,0,0,0,持平,0,0
20260723,豆粕,m2701,01,高盛期货,32406,0,32406,净多,-437,0
20260723,豆粕,m2703,03,一德期货,0,0,0,持平,0,0
20260723,豆粕,m2703,03,中信期货,19855,31108,-11253,净空,261,-1117
20260723,豆粕,m2703,03,中粮期货,13513,18892,-5379,净空,987,876
20260723,豆粕,m2703,03,乾坤期货,0,0,0,持平,0,0
20260723,豆粕,m2703,03,国泰君安期货,48666,41869,6797,净多,5548,1505
20260723,豆粕,m2703,03,摩根大通期货,1297,0,1297,净多,0,0
20260723,豆粕,m2703,03,永安期货,4131,0,4131,净多,-14,0
20260723,豆粕,m2703,03,瑞银期货,0,0,0,持平,0,0
20260723,豆粕,m2703,03,高盛期货,1376,0,1376,净多,305,0
20260723,豆粕,m2705,05,一德期货,0,15198,-15198,净空,0,1791
20260723,豆粕,m2705,05,中信期货,17825,45492,-27667,净空,-2397,-3473
20260723,豆粕,m2705,05,中粮期货,11561,98837,-87276,净空,-3251,1390
20260723,豆粕,m2705,05,乾坤期货,0,0,0,持平,0,0
20260723,豆粕,m2705,05,国泰君安期货,42351,40172,2179,净多,-53,2694
20260723,豆粕,m2705,05,摩根大通期货,0,8786,-8786,净空,0,1100
20260723,豆粕,m2705,05,永安期货,0,20913,-20913,净空,0,213
20260723,豆粕,m2705,05,瑞银期货,0,0,0,持平,0,0
20260723,豆粕,m2705,05,高盛期货,17502,0,17502,净多,2467,0
20260724,豆粕,m2609,09,一德期货,0,54370,-54370,净空,0,13779
20260724,豆粕,m2609,09,中信期货,200983,120078,80905,净多,17,-7149
20260724,豆粕,m2609,09,中粮期货,29620,288216,-258596,净空,-4964,11642
20260724,豆粕,m2609,09,乾坤期货,0,0,0,持平,0,0
20260724,豆粕,m2609,09,国泰君安期货,177924,97658,80266,净多,13400,-1998
20260724,豆粕,m2609,09,摩根大通期货,38066,58937,-20871,净空,-5912,5065
20260724,豆粕,m2609,09,永安期货,79492,52324,27168,净多,719,1015
20260724,豆粕,m2609,09,瑞银期货,0,0,0,持平,0,0
20260724,豆粕,m2609,09,高盛期货,120391,0,120391,净多,5694,0
20260724,豆粕,m2611,11,一德期货,0,5124,-5124,净空,0,829
20260724,豆粕,m2611,11,中信期货,24540,24998,-458,净空,294,-315
20260724,豆粕,m2611,11,中粮期货,32457,30289,2168,净多,-1269,177
20260724,豆粕,m2611,11,乾坤期货,0,0,0,持平,0,0
20260724,豆粕,m2611,11,国泰君安期货,78566,67209,11357,净多,-751,982
20260724,豆粕,m2611,11,摩根大通期货,0,5787,-5787,净空,0,23
20260724,豆粕,m2611,11,永安期货,0,19586,-19586,净空,0,-75
20260724,豆粕,m2611,11,瑞银期货,0,0,0,持平,0,0
20260724,豆粕,m2611,11,高盛期货,10398,0,10398,净多,2034,0
20260724,豆粕,m2701,01,一德期货,106264,0,106264,净多,-6654,0
20260724,豆粕,m2701,01,中信期货,104515,38525,65990,净多,4346,-5561
20260724,豆粕,m2701,01,中粮期货,66471,423176,-356705,净空,2907,1934
20260724,豆粕,m2701,01,乾坤期货,0,0,0,持平,0,0
20260724,豆粕,m2701,01,国泰君安期货,169035,92646,76389,净多,-657,2536
20260724,豆粕,m2701,01,摩根大通期货,55753,19850,35903,净多,13434,5789
20260724,豆粕,m2701,01,永安期货,54905,16890,38015,净多,1786,-3912
20260724,豆粕,m2701,01,瑞银期货,0,0,0,持平,0,0
20260724,豆粕,m2701,01,高盛期货,31689,0,31689,净多,-717,0
20260724,豆粕,m2703,03,一德期货,0,0,0,持平,0,0
20260724,豆粕,m2703,03,中信期货,19918,31219,-11301,净空,63,111
20260724,豆粕,m2703,03,中粮期货,14225,19463,-5238,净空,712,571
20260724,豆粕,m2703,03,乾坤期货,0,0,0,持平,0,0
20260724,豆粕,m2703,03,国泰君安期货,48717,43237,5480,净多,51,1368
20260724,豆粕,m2703,03,摩根大通期货,1297,0,1297,净多,0,0
20260724,豆粕,m2703,03,永安期货,4461,0,4461,净多,330,0
20260724,豆粕,m2703,03,瑞银期货,0,0,0,持平,0,0
20260724,豆粕,m2703,03,高盛期货,1328,0,1328,净多,-48,0
20260724,豆粕,m2705,05,一德期货,0,15192,-15192,净空,0,-6
20260724,豆粕,m2705,05,中信期货,18114,45934,-27820,净空,289,442
20260724,豆粕,m2705,05,中粮期货,11467,100812,-89345,净空,-94,1975
20260724,豆粕,m2705,05,乾坤期货,0,0,0,持平,0,0
20260724,豆粕,m2705,05,国泰君安期货,46926,41314,5612,净多,4575,1142
20260724,豆粕,m2705,05,摩根大通期货,0,9340,-9340,净空,0,554
20260724,豆粕,m2705,05,永安期货,0,20950,-20950,净空,0,37
20260724,豆粕,m2705,05,瑞银期货,0,0,0,持平,0,0
20260724,豆粕,m2705,05,高盛期货,17547,0,17547,净多,45,0
20260727,豆粕,m2609,09,一德期货,0,52027,-52027,净空,0,-2343
20260727,豆粕,m2609,09,中信期货,192775,119867,72908,净多,-8208,-211
20260727,豆粕,m2609,09,中粮期货,25597,262167,-236570,净空,-4023,-26049
20260727,豆粕,m2609,09,乾坤期货,0,0,0,持平,0,0
20260727,豆粕,m2609,09,国泰君安期货,178035,94498,83537,净多,111,-3160
20260727,豆粕,m2609,09,摩根大通期货,0,53836,-53836,净空,0,-5101
20260727,豆粕,m2609,09,永安期货,79254,51766,27488,净多,-238,-558
20260727,豆粕,m2609,09,瑞银期货,0,0,0,持平,0,0
20260727,豆粕,m2609,09,高盛期货,118137,0,118137,净多,-2254,0
20260727,豆粕,m2611,11,一德期货,0,6915,-6915,净空,0,1791
20260727,豆粕,m2611,11,中信期货,24695,25107,-412,净空,155,109
20260727,豆粕,m2611,11,中粮期货,32705,30824,1881,净多,248,535
20260727,豆粕,m2611,11,乾坤期货,0,0,0,持平,0,0
20260727,豆粕,m2611,11,国泰君安期货,84382,69608,14774,净多,5816,2399
20260727,豆粕,m2611,11,摩根大通期货,0,6164,-6164,净空,0,377
20260727,豆粕,m2611,11,永安期货,0,19992,-19992,净空,0,406
20260727,豆粕,m2611,11,瑞银期货,0,0,0,持平,0,0
20260727,豆粕,m2611,11,高盛期货,12764,0,12764,净多,2366,0
20260727,豆粕,m2701,01,一德期货,110944,0,110944,净多,4680,0
20260727,豆粕,m2701,01,中信期货,103080,37427,65653,净多,-1435,-1098
20260727,豆粕,m2701,01,中粮期货,68994,428677,-359683,净空,2523,5501
20260727,豆粕,m2701,01,乾坤期货,0,0,0,持平,0,0
20260727,豆粕,m2701,01,国泰君安期货,160219,102040,58179,净多,-8816,9394
20260727,豆粕,m2701,01,摩根大通期货,63216,19449,43767,净多,7463,-401
20260727,豆粕,m2701,01,永安期货,58859,16992,41867,净多,3954,102
20260727,豆粕,m2701,01,瑞银期货,0,0,0,持平,0,0
20260727,豆粕,m2701,01,高盛期货,34397,0,34397,净多,2708,0
20260727,豆粕,m2703,03,一德期货,0,0,0,持平,0,0
20260727,豆粕,m2703,03,中信期货,19979,32714,-12735,净空,61,1495
20260727,豆粕,m2703,03,中粮期货,14456,19751,-5295,净空,231,288
20260727,豆粕,m2703,03,乾坤期货,0,0,0,持平,0,0
20260727,豆粕,m2703,03,国泰君安期货,49840,42951,6889,净多,1123,-286
20260727,豆粕,m2703,03,摩根大通期货,1297,0,1297,净多,0,0
20260727,豆粕,m2703,03,永安期货,4427,0,4427,净多,-34,0
20260727,豆粕,m2703,03,瑞银期货,0,0,0,持平,0,0
20260727,豆粕,m2703,03,高盛期货,1408,0,1408,净多,80,0
20260727,豆粕,m2705,05,一德期货,0,17067,-17067,净空,0,1875
20260727,豆粕,m2705,05,中信期货,17166,46094,-28928,净空,-948,160
20260727,豆粕,m2705,05,中粮期货,11752,100849,-89097,净空,285,37
20260727,豆粕,m2705,05,乾坤期货,0,0,0,持平,0,0
20260727,豆粕,m2705,05,国泰君安期货,46822,41382,5440,净多,-104,68
20260727,豆粕,m2705,05,摩根大通期货,0,9840,-9840,净空,0,500
20260727,豆粕,m2705,05,永安期货,0,21169,-21169,净空,0,219
20260727,豆粕,m2705,05,瑞银期货,0,0,0,持平,0,0
20260727,豆粕,m2705,05,高盛期货,17971,0,17971,净多,424,0
20260728,豆粕,m2609,09,一德期货,0,46690,-46690,净空,0,-5337
20260728,豆粕,m2609,09,中信期货,186455,107922,78533,净多,-6320,-11945
20260728,豆粕,m2609,09,中粮期货,29962,240336,-210374,净空,4365,-21831
20260728,豆粕,m2609,09,乾坤期货,0,0,0,持平,0,0
20260728,豆粕,m2609,09,国泰君安期货,161712,113036,48676,净多,-16323,18538
20260728,豆粕,m2609,09,摩根大通期货,24690,39153,-14463,净空,411,-14683
20260728,豆粕,m2609,09,永安期货,76366,45743,30623,净多,-2888,-6023
20260728,豆粕,m2609,09,瑞银期货,24541,0,24541,净多,-363,0
20260728,豆粕,m2609,09,高盛期货,120271,0,120271,净多,2134,0
20260728,豆粕,m2611,11,一德期货,0,7320,-7320,净空,0,405
20260728,豆粕,m2611,11,中信期货,24452,25223,-771,净空,-243,116
20260728,豆粕,m2611,11,中粮期货,31405,31184,221,净多,-1300,360
20260728,豆粕,m2611,11,乾坤期货,0,0,0,持平,0,0
20260728,豆粕,m2611,11,国泰君安期货,85699,68845,16854,净多,1317,-763
20260728,豆粕,m2611,11,摩根大通期货,5931,6164,-233,净空,1055,0
20260728,豆粕,m2611,11,永安期货,0,19615,-19615,净空,0,-377
20260728,豆粕,m2611,11,瑞银期货,0,0,0,持平,0,0
20260728,豆粕,m2611,11,高盛期货,13807,0,13807,净多,1043,0
20260728,豆粕,m2701,01,一德期货,111406,0,111406,净多,462,0
20260728,豆粕,m2701,01,中信期货,104026,38176,65850,净多,946,749
20260728,豆粕,m2701,01,中粮期货,60713,416786,-356073,净空,-8281,-11891
20260728,豆粕,m2701,01,乾坤期货,0,0,0,持平,0,0
20260728,豆粕,m2701,01,国泰君安期货,158622,101941,56681,净多,-1597,-99
20260728,豆粕,m2701,01,摩根大通期货,66026,16235,49791,净多,2810,-3214
20260728,豆粕,m2701,01,永安期货,57881,16715,41166,净多,-978,-277
20260728,豆粕,m2701,01,瑞银期货,0,0,0,持平,0,0
20260728,豆粕,m2701,01,高盛期货,32433,0,32433,净多,-1964,0
20260728,豆粕,m2703,03,一德期货,0,0,0,持平,0,0
20260728,豆粕,m2703,03,中信期货,19726,32902,-13176,净空,-253,188
20260728,豆粕,m2703,03,中粮期货,14496,19730,-5234,净空,40,-21
20260728,豆粕,m2703,03,乾坤期货,0,0,0,持平,0,0
20260728,豆粕,m2703,03,国泰君安期货,53909,43815,10094,净多,4069,864
20260728,豆粕,m2703,03,摩根大通期货,1297,0,1297,净多,0,0
20260728,豆粕,m2703,03,永安期货,4404,0,4404,净多,-23,0
20260728,豆粕,m2703,03,瑞银期货,0,0,0,持平,0,0
20260728,豆粕,m2703,03,高盛期货,1463,0,1463,净多,55,0
20260728,豆粕,m2705,05,一德期货,0,15786,-15786,净空,0,-1281
20260728,豆粕,m2705,05,中信期货,16873,47486,-30613,净空,-293,1392
20260728,豆粕,m2705,05,中粮期货,17447,99692,-82245,净空,5695,-1157
20260728,豆粕,m2705,05,乾坤期货,0,0,0,持平,0,0
20260728,豆粕,m2705,05,国泰君安期货,61253,47466,13787,净多,14431,6084
20260728,豆粕,m2705,05,摩根大通期货,0,8965,-8965,净空,0,-875
20260728,豆粕,m2705,05,永安期货,0,22029,-22029,净空,0,860
20260728,豆粕,m2705,05,瑞银期货,0,0,0,持平,0,0
20260728,豆粕,m2705,05,高盛期货,18490,0,18490,净多,519,0
20260729,豆粕,m2609,09,一德期货,0,62819,-62819,净空,0,16129
20260729,豆粕,m2609,09,中信期货,185463,102978,82485,净多,-992,-4944
20260729,豆粕,m2609,09,中粮期货,31392,229477,-198085,净空,1430,-10859
20260729,豆粕,m2609,09,乾坤期货,0,0,0,持平,0,0
20260729,豆粕,m2609,09,国泰君安期货,160082,98811,61271,净多,-1630,-14225
20260729,豆粕,m2609,09,摩根大通期货,20744,42930,-22186,净空,-3946,3777
20260729,豆粕,m2609,09,永安期货,76987,44405,32582,净多,621,-1338
20260729,豆粕,m2609,09,瑞银期货,0,0,0,持平,0,0
20260729,豆粕,m2609,09,高盛期货,107688,0,107688,净多,-12583,0
20260729,豆粕,m2611,11,一德期货,0,7092,-7092,净空,0,-228
20260729,豆粕,m2611,11,中信期货,24266,25171,-905,净空,-186,-52
20260729,豆粕,m2611,11,中粮期货,30868,30626,242,净多,-537,-558
20260729,豆粕,m2611,11,乾坤期货,0,0,0,持平,0,0
20260729,豆粕,m2611,11,国泰君安期货,88766,69462,19304,净多,3067,617
20260729,豆粕,m2611,11,摩根大通期货,6436,6164,272,净多,505,0
20260729,豆粕,m2611,11,永安期货,0,19248,-19248,净空,0,-367
20260729,豆粕,m2611,11,瑞银期货,0,0,0,持平,0,0
20260729,豆粕,m2611,11,高盛期货,13968,0,13968,净多,161,0
20260729,豆粕,m2701,01,一德期货,109293,0,109293,净多,-2113,0
20260729,豆粕,m2701,01,中信期货,111016,37976,73040,净多,6990,-200
20260729,豆粕,m2701,01,中粮期货,60752,414462,-353710,净空,39,-2324
20260729,豆粕,m2701,01,乾坤期货,0,0,0,持平,0,0
20260729,豆粕,m2701,01,国泰君安期货,163644,111285,52359,净多,5022,9344
20260729,豆粕,m2701,01,摩根大通期货,66453,22676,43777,净多,427,6441
20260729,豆粕,m2701,01,永安期货,59525,16844,42681,净多,1644,129
20260729,豆粕,m2701,01,瑞银期货,0,0,0,持平,0,0
20260729,豆粕,m2701,01,高盛期货,36027,0,36027,净多,3594,0
20260729,豆粕,m2703,03,一德期货,0,0,0,持平,0,0
20260729,豆粕,m2703,03,中信期货,19681,32988,-13307,净空,-45,86
20260729,豆粕,m2703,03,中粮期货,14514,19693,-5179,净空,18,-37
20260729,豆粕,m2703,03,乾坤期货,0,0,0,持平,0,0
20260729,豆粕,m2703,03,国泰君安期货,53982,44428,9554,净多,73,613
20260729,豆粕,m2703,03,摩根大通期货,1297,0,1297,净多,0,0
20260729,豆粕,m2703,03,永安期货,4297,0,4297,净多,-107,0
20260729,豆粕,m2703,03,瑞银期货,0,0,0,持平,0,0
20260729,豆粕,m2703,03,高盛期货,1707,0,1707,净多,244,0
20260729,豆粕,m2705,05,一德期货,0,15898,-15898,净空,0,112
20260729,豆粕,m2705,05,中信期货,17017,52018,-35001,净空,144,4532
20260729,豆粕,m2705,05,中粮期货,18635,99259,-80624,净空,1188,-433
20260729,豆粕,m2705,05,乾坤期货,0,0,0,持平,0,0
20260729,豆粕,m2705,05,国泰君安期货,59800,45611,14189,净多,-1453,-1855
20260729,豆粕,m2705,05,摩根大通期货,0,7351,-7351,净空,0,-1614
20260729,豆粕,m2705,05,永安期货,0,22192,-22192,净空,0,163
20260729,豆粕,m2705,05,瑞银期货,0,0,0,持平,0,0
20260729,豆粕,m2705,05,高盛期货,19300,0,19300,净多,810,0
20260730,豆粕,m2609,09,一德期货,0,75003,-75003,净空,0,12184
20260730,豆粕,m2609,09,中信期货,182845,91430,91415,净多,-2618,-11548
20260730,豆粕,m2609,09,中粮期货,29342,212289,-182947,净空,-2050,-17188
20260730,豆粕,m2609,09,乾坤期货,0,0,0,持平,0,0
20260730,豆粕,m2609,09,国泰君安期货,154113,93200,60913,净多,-5969,-5611
20260730,豆粕,m2609,09,摩根大通期货,0,24936,-24936,净空,0,-17994
20260730,豆粕,m2609,09,永安期货,65175,43688,21487,净多,-11812,-717
20260730,豆粕,m2609,09,瑞银期货,19013,0,19013,净多,-1416,0
20260730,豆粕,m2609,09,高盛期货,82497,0,82497,净多,-25191,0
20260730,豆粕,m2611,11,一德期货,0,7705,-7705,净空,0,613
20260730,豆粕,m2611,11,中信期货,24244,25493,-1249,净空,-22,322
20260730,豆粕,m2611,11,中粮期货,31341,30377,964,净多,473,-249
20260730,豆粕,m2611,11,乾坤期货,0,0,0,持平,0,0
20260730,豆粕,m2611,11,国泰君安期货,94578,70646,23932,净多,5812,1184
20260730,豆粕,m2611,11,摩根大通期货,6591,6464,127,净多,155,300
20260730,豆粕,m2611,11,永安期货,0,18983,-18983,净空,0,-265
20260730,豆粕,m2611,11,瑞银期货,0,0,0,持平,0,0
20260730,豆粕,m2611,11,高盛期货,12835,0,12835,净多,-1133,0
20260730,豆粕,m2701,01,一德期货,92908,0,92908,净多,-16385,0
20260730,豆粕,m2701,01,中信期货,112682,38175,74507,净多,1666,199
20260730,豆粕,m2701,01,中粮期货,56329,417467,-361138,净空,-4423,3005
20260730,豆粕,m2701,01,乾坤期货,0,0,0,持平,0,0
20260730,豆粕,m2701,01,国泰君安期货,161289,116964,44325,净多,-2355,5679
20260730,豆粕,m2701,01,摩根大通期货,60835,27058,33777,净多,-5618,4382
20260730,豆粕,m2701,01,永安期货,64225,17084,47141,净多,4700,240
20260730,豆粕,m2701,01,瑞银期货,0,0,0,持平,0,0
20260730,豆粕,m2701,01,高盛期货,52204,0,52204,净多,16177,0
20260730,豆粕,m2703,03,一德期货,793,0,793,净多,700,0
20260730,豆粕,m2703,03,中信期货,19640,33139,-13499,净空,-41,151
20260730,豆粕,m2703,03,中粮期货,14563,19695,-5132,净空,49,2
20260730,豆粕,m2703,03,乾坤期货,0,0,0,持平,0,0
20260730,豆粕,m2703,03,国泰君安期货,53957,44510,9447,净多,-25,82
20260730,豆粕,m2703,03,摩根大通期货,1297,0,1297,净多,0,0
20260730,豆粕,m2703,03,永安期货,4239,0,4239,净多,-58,0
20260730,豆粕,m2703,03,瑞银期货,0,0,0,持平,0,0
20260730,豆粕,m2703,03,高盛期货,2507,0,2507,净多,800,0
20260730,豆粕,m2705,05,一德期货,0,17805,-17805,净空,0,1907
20260730,豆粕,m2705,05,中信期货,17236,51363,-34127,净空,219,-655
20260730,豆粕,m2705,05,中粮期货,21957,100883,-78926,净空,3322,1624
20260730,豆粕,m2705,05,乾坤期货,0,0,0,持平,0,0
20260730,豆粕,m2705,05,国泰君安期货,65222,51555,13667,净多,5422,5944
20260730,豆粕,m2705,05,摩根大通期货,0,9171,-9171,净空,0,1820
20260730,豆粕,m2705,05,永安期货,0,21870,-21870,净空,0,-322
20260730,豆粕,m2705,05,瑞银期货,0,0,0,持平,0,0
20260730,豆粕,m2705,05,高盛期货,20009,0,20009,净多,709,0
20260731,豆粕,m2609,09,一德期货,0,74471,-74471,净空,0,-532
20260731,豆粕,m2609,09,中信期货,181321,87721,93600,净多,-1524,-3709
20260731,豆粕,m2609,09,中粮期货,30607,200712,-170105,净空,1265,-11577
20260731,豆粕,m2609,09,乾坤期货,0,0,0,持平,0,0
20260731,豆粕,m2609,09,国泰君安期货,156435,89060,67375,净多,2322,-4140
20260731,豆粕,m2609,09,摩根大通期货,0,29677,-29677,净空,0,4741
20260731,豆粕,m2609,09,永安期货,69141,41523,27618,净多,3966,-2165
20260731,豆粕,m2609,09,瑞银期货,18427,0,18427,净多,-586,0
20260731,豆粕,m2609,09,高盛期货,71023,0,71023,净多,-11474,0
20260731,豆粕,m2611,11,一德期货,0,7718,-7718,净空,0,13
20260731,豆粕,m2611,11,中信期货,24295,25608,-1313,净空,51,115
20260731,豆粕,m2611,11,中粮期货,31216,30091,1125,净多,-125,-286
20260731,豆粕,m2611,11,乾坤期货,0,0,0,持平,0,0
20260731,豆粕,m2611,11,国泰君安期货,95618,72084,23534,净多,1040,1438
20260731,豆粕,m2611,11,摩根大通期货,6591,6464,127,净多,0,0
20260731,豆粕,m2611,11,永安期货,0,19106,-19106,净空,0,123
20260731,豆粕,m2611,11,瑞银期货,0,0,0,持平,0,0
20260731,豆粕,m2611,11,高盛期货,12850,0,12850,净多,15,0
20260731,豆粕,m2701,01,一德期货,92596,0,92596,净多,-312,0
20260731,豆粕,m2701,01,中信期货,114947,39587,75360,净多,2265,1412
20260731,豆粕,m2701,01,中粮期货,58548,422387,-363839,净空,2219,4920
20260731,豆粕,m2701,01,乾坤期货,0,0,0,持平,0,0
20260731,豆粕,m2701,01,国泰君安期货,164634,118179,46455,净多,3345,1215
20260731,豆粕,m2701,01,摩根大通期货,57476,25026,32450,净多,-3359,-2032
20260731,豆粕,m2701,01,永安期货,64070,17295,46775,净多,-155,211
20260731,豆粕,m2701,01,瑞银期货,0,0,0,持平,0,0
20260731,豆粕,m2701,01,高盛期货,52818,0,52818,净多,614,0
20260731,豆粕,m2703,03,一德期货,1193,0,1193,净多,400,0
20260731,豆粕,m2703,03,中信期货,19512,33377,-13865,净空,-128,238
20260731,豆粕,m2703,03,中粮期货,14569,19679,-5110,净空,6,-16
20260731,豆粕,m2703,03,乾坤期货,0,0,0,持平,0,0
20260731,豆粕,m2703,03,国泰君安期货,54074,44612,9462,净多,117,102
20260731,豆粕,m2703,03,摩根大通期货,1297,0,1297,净多,0,0
20260731,豆粕,m2703,03,永安期货,4189,0,4189,净多,-50,0
20260731,豆粕,m2703,03,瑞银期货,0,0,0,持平,0,0
20260731,豆粕,m2703,03,高盛期货,3524,0,3524,净多,1017,0
20260731,豆粕,m2705,05,一德期货,0,18221,-18221,净空,0,416
20260731,豆粕,m2705,05,中信期货,19270,56914,-37644,净空,2034,5551
20260731,豆粕,m2705,05,中粮期货,21347,100653,-79306,净空,-610,-230
20260731,豆粕,m2705,05,乾坤期货,0,0,0,持平,0,0
20260731,豆粕,m2705,05,国泰君安期货,65688,54137,11551,净多,466,2582
20260731,豆粕,m2705,05,摩根大通期货,0,9171,-9171,净空,0,0
20260731,豆粕,m2705,05,永安期货,0,22086,-22086,净空,0,216
20260731,豆粕,m2705,05,瑞银期货,0,0,0,持平,0,0
20260731,豆粕,m2705,05,高盛期货,20546,0,20546,净多,537,0
20260803,豆粕,m2609,09,一德期货,0,72753,-72753,净空,0,-1718
20260803,豆粕,m2609,09,中信期货,182065,84310,97755,净多,744,-3411
20260803,豆粕,m2609,09,中粮期货,29496,194693,-165197,净空,-1111,-6019
20260803,豆粕,m2609,09,乾坤期货,0,0,0,持平,0,0
20260803,豆粕,m2609,09,国泰君安期货,154676,74940,79736,净多,-1759,-14120
20260803,豆粕,m2609,09,摩根大通期货,16013,22298,-6285,净空,1512,-7379
20260803,豆粕,m2609,09,永安期货,67302,38586,28716,净多,-1839,-2937
20260803,豆粕,m2609,09,瑞银期货,18956,0,18956,净多,529,0
20260803,豆粕,m2609,09,高盛期货,61185,0,61185,净多,-9838,0
20260803,豆粕,m2611,11,一德期货,0,7713,-7713,净空,0,-5
20260803,豆粕,m2611,11,中信期货,24300,25655,-1355,净空,5,47
20260803,豆粕,m2611,11,中粮期货,32645,29993,2652,净多,1429,-98
20260803,豆粕,m2611,11,乾坤期货,0,0,0,持平,0,0
20260803,豆粕,m2611,11,国泰君安期货,96391,73993,22398,净多,773,1909
20260803,豆粕,m2611,11,摩根大通期货,6591,6464,127,净多,0,0
20260803,豆粕,m2611,11,永安期货,0,18886,-18886,净空,0,-220
20260803,豆粕,m2611,11,瑞银期货,0,0,0,持平,0,0
20260803,豆粕,m2611,11,高盛期货,13087,0,13087,净多,237,0
20260803,豆粕,m2701,01,一德期货,90968,0,90968,净多,-1628,0
20260803,豆粕,m2701,01,中信期货,112965,44378,68587,净多,-1982,4791
20260803,豆粕,m2701,01,中粮期货,60121,428080,-367959,净空,1573,5693
20260803,豆粕,m2701,01,乾坤期货,0,0,0,持平,0,0
20260803,豆粕,m2701,01,国泰君安期货,164888,121933,42955,净多,254,3754
20260803,豆粕,m2701,01,摩根大通期货,57647,33130,24517,净多,171,8104
20260803,豆粕,m2701,01,永安期货,64953,17025,47928,净多,883,-270
20260803,豆粕,m2701,01,瑞银期货,0,0,0,持平,0,0
20260803,豆粕,m2701,01,高盛期货,50907,0,50907,净多,-1911,0
20260803,豆粕,m2703,03,一德期货,1194,0,1194,净多,1,0
20260803,豆粕,m2703,03,中信期货,19520,33346,-13826,净空,8,-31
20260803,豆粕,m2703,03,中粮期货,14561,19659,-5098,净空,-8,-20
20260803,豆粕,m2703,03,乾坤期货,0,0,0,持平,0,0
20260803,豆粕,m2703,03,国泰君安期货,54040,44630,9410,净多,-34,18
20260803,豆粕,m2703,03,摩根大通期货,1297,0,1297,净多,0,0
20260803,豆粕,m2703,03,永安期货,4240,0,4240,净多,51,0
20260803,豆粕,m2703,03,瑞银期货,0,0,0,持平,0,0
20260803,豆粕,m2703,03,高盛期货,1532,0,1532,净多,-1992,0
20260803,豆粕,m2705,05,一德期货,0,17968,-17968,净空,0,-253
20260803,豆粕,m2705,05,中信期货,20629,56807,-36178,净空,1359,-107
20260803,豆粕,m2705,05,中粮期货,21404,99397,-77993,净空,57,-1256
20260803,豆粕,m2705,05,乾坤期货,0,0,0,持平,0,0
20260803,豆粕,m2705,05,国泰君安期货,56119,57476,-1357,净空,-9569,3339
20260803,豆粕,m2705,05,摩根大通期货,0,9171,-9171,净空,0,0
20260803,豆粕,m2705,05,永安期货,0,21641,-21641,净空,0,-445
20260803,豆粕,m2705,05,瑞银期货,0,0,0,持平,0,0
20260803,豆粕,m2705,05,高盛期货,20990,0,20990,净多,444,0
20260804,豆粕,m2609,09,一德期货,0,71091,-71091,净空,0,-1662
20260804,豆粕,m2609,09,中信期货,149955,81863,68092,净多,-32110,-2447
20260804,豆粕,m2609,09,中粮期货,33339,180047,-146708,净空,3843,-14646
20260804,豆粕,m2609,09,乾坤期货,0,0,0,持平,0,0
20260804,豆粕,m2609,09,国泰君安期货,152332,66039,86293,净多,-2344,-8901
20260804,豆粕,m2609,09,摩根大通期货,17103,0,17103,净多,1090,0
20260804,豆粕,m2609,09,永安期货,61653,36244,25409,净多,-5649,-2342
20260804,豆粕,m2609,09,瑞银期货,18746,0,18746,净多,-210,0
20260804,豆粕,m2609,09,高盛期货,52431,0,52431,净多,-8754,0
20260804,豆粕,m2611,11,一德期货,0,7778,-7778,净空,0,65
20260804,豆粕,m2611,11,中信期货,24222,25680,-1458,净空,-78,25
20260804,豆粕,m2611,11,中粮期货,35456,30400,5056,净多,2811,407
20260804,豆粕,m2611,11,乾坤期货,0,0,0,持平,0,0
20260804,豆粕,m2611,11,国泰君安期货,97017,75448,21569,净多,626,1455
20260804,豆粕,m2611,11,摩根大通期货,6512,6464,48,净多,-79,0
20260804,豆粕,m2611,11,永安期货,0,17615,-17615,净空,0,-1271
20260804,豆粕,m2611,11,瑞银期货,0,0,0,持平,0,0
20260804,豆粕,m2611,11,高盛期货,13083,0,13083,净多,-4,0
20260804,豆粕,m2701,01,一德期货,91070,0,91070,净多,102,0
20260804,豆粕,m2701,01,中信期货,146255,52503,93752,净多,33290,8125
20260804,豆粕,m2701,01,中粮期货,59120,433246,-374126,净空,-1001,5166
20260804,豆粕,m2701,01,乾坤期货,0,0,0,持平,0,0
20260804,豆粕,m2701,01,国泰君安期货,165398,128907,36491,净多,510,6974
20260804,豆粕,m2701,01,摩根大通期货,59553,40020,19533,净多,1906,6890
20260804,豆粕,m2701,01,永安期货,65052,19019,46033,净多,99,1994
20260804,豆粕,m2701,01,瑞银期货,0,0,0,持平,0,0
20260804,豆粕,m2701,01,高盛期货,58570,0,58570,净多,7663,0
20260804,豆粕,m2703,03,一德期货,1194,0,1194,净多,0,0
20260804,豆粕,m2703,03,中信期货,19497,33355,-13858,净空,-23,9
20260804,豆粕,m2703,03,中粮期货,14538,19676,-5138,净空,-23,17
20260804,豆粕,m2703,03,乾坤期货,0,0,0,持平,0,0
20260804,豆粕,m2703,03,国泰君安期货,54065,44622,9443,净多,25,-8
20260804,豆粕,m2703,03,摩根大通期货,1297,0,1297,净多,0,0
20260804,豆粕,m2703,03,永安期货,4289,0,4289,净多,49,0
20260804,豆粕,m2703,03,瑞银期货,0,0,0,持平,0,0
20260804,豆粕,m2703,03,高盛期货,1625,0,1625,净多,93,0
20260804,豆粕,m2705,05,一德期货,0,24401,-24401,净空,0,6433
20260804,豆粕,m2705,05,中信期货,20302,58225,-37923,净空,-327,1418
20260804,豆粕,m2705,05,中粮期货,20662,102167,-81505,净空,-742,2770
20260804,豆粕,m2705,05,乾坤期货,0,0,0,持平,0,0
20260804,豆粕,m2705,05,国泰君安期货,54738,53822,916,净多,-1381,-3654
20260804,豆粕,m2705,05,摩根大通期货,0,9171,-9171,净空,0,0
20260804,豆粕,m2705,05,永安期货,0,21638,-21638,净空,0,-3
20260804,豆粕,m2705,05,瑞银期货,0,0,0,持平,0,0
20260804,豆粕,m2705,05,高盛期货,22111,0,22111,净多,1121,0
20260805,豆粕,m2609,09,一德期货,0,68418,-68418,净空,0,-2673
20260805,豆粕,m2609,09,中信期货,111194,80174,31020,净多,-38761,-1689
20260805,豆粕,m2609,09,中粮期货,34430,164455,-130025,净空,1091,-15592
20260805,豆粕,m2609,09,乾坤期货,0,0,0,持平,0,0
20260805,豆粕,m2609,09,国泰君安期货,159084,60811,98273,净多,6752,-5228
20260805,豆粕,m2609,09,摩根大通期货,16690,0,16690,净多,-413,0
20260805,豆粕,m2609,09,永安期货,51661,34758,16903,净多,-9992,-1486
20260805,豆粕,m2609,09,瑞银期货,18957,0,18957,净多,211,0
20260805,豆粕,m2609,09,高盛期货,43906,0,43906,净多,-8525,0
20260805,豆粕,m2611,11,一德期货,0,7628,-7628,净空,0,-150
20260805,豆粕,m2611,11,中信期货,24128,25359,-1231,净空,-94,-321
20260805,豆粕,m2611,11,中粮期货,40565,30766,9799,净多,5109,366
20260805,豆粕,m2611,11,乾坤期货,0,0,0,持平,0,0
20260805,豆粕,m2611,11,国泰君安期货,93270,76172,17098,净多,-3747,724
20260805,豆粕,m2611,11,摩根大通期货,5885,5983,-98,净空,-627,-481
20260805,豆粕,m2611,11,永安期货,0,15884,-15884,净空,0,-1731
20260805,豆粕,m2611,11,瑞银期货,0,0,0,持平,0,0
20260805,豆粕,m2611,11,高盛期货,14814,0,14814,净多,1731,0
20260805,豆粕,m2701,01,一德期货,96031,0,96031,净多,4961,0
20260805,豆粕,m2701,01,中信期货,188587,63795,124792,净多,42332,11292
20260805,豆粕,m2701,01,中粮期货,59546,461794,-402248,净空,426,28548
20260805,豆粕,m2701,01,乾坤期货,0,0,0,持平,0,0
20260805,豆粕,m2701,01,国泰君安期货,170205,146677,23528,净多,4807,17770
20260805,豆粕,m2701,01,摩根大通期货,61388,56327,5061,净多,1835,16307
20260805,豆粕,m2701,01,永安期货,78784,25726,53058,净多,13732,6707
20260805,豆粕,m2701,01,瑞银期货,0,0,0,持平,0,0
20260805,豆粕,m2701,01,高盛期货,58383,0,58383,净多,-187,0
20260805,豆粕,m2703,03,一德期货,1104,0,1104,净多,-90,0
20260805,豆粕,m2703,03,中信期货,19472,33369,-13897,净空,-25,14
20260805,豆粕,m2703,03,中粮期货,14581,19660,-5079,净空,43,-16
20260805,豆粕,m2703,03,乾坤期货,0,0,0,持平,0,0
20260805,豆粕,m2703,03,国泰君安期货,54065,44667,9398,净多,0,45
20260805,豆粕,m2703,03,摩根大通期货,1297,0,1297,净多,0,0
20260805,豆粕,m2703,03,永安期货,4339,0,4339,净多,50,0
20260805,豆粕,m2703,03,瑞银期货,0,0,0,持平,0,0
20260805,豆粕,m2703,03,高盛期货,1619,0,1619,净多,-6,0
20260805,豆粕,m2705,05,一德期货,0,26160,-26160,净空,0,1759
20260805,豆粕,m2705,05,中信期货,21632,59210,-37578,净空,1330,985
20260805,豆粕,m2705,05,中粮期货,22805,106631,-83826,净空,2143,4464
20260805,豆粕,m2705,05,乾坤期货,0,0,0,持平,0,0
20260805,豆粕,m2705,05,国泰君安期货,53589,55549,-1960,净空,-1149,1727
20260805,豆粕,m2705,05,摩根大通期货,11321,5171,6150,净多,5222,-4000
20260805,豆粕,m2705,05,永安期货,10936,21456,-10520,净空,4111,-182
20260805,豆粕,m2705,05,瑞银期货,0,0,0,持平,0,0
20260805,豆粕,m2705,05,高盛期货,22472,0,22472,净多,361,0
20260806,豆粕,m2609,09,一德期货,0,67029,-67029,净空,0,-1389
20260806,豆粕,m2609,09,中信期货,81741,74575,7166,净多,-29453,-5599
20260806,豆粕,m2609,09,中粮期货,30674,148662,-117988,净空,-3756,-15793
20260806,豆粕,m2609,09,乾坤期货,0,0,0,持平,0,0
20260806,豆粕,m2609,09,国泰君安期货,139369,59921,79448,净多,-19715,-890
20260806,豆粕,m2609,09,摩根大通期货,0,0,0,持平,0,0
20260806,豆粕,m2609,09,永安期货,40184,32303,7881,净多,-11477,-2455
20260806,豆粕,m2609,09,瑞银期货,17988,0,17988,净多,-969,0
20260806,豆粕,m2609,09,高盛期货,36165,0,36165,净多,-7741,0
20260806,豆粕,m2611,11,一德期货,0,7648,-7648,净空,0,20
20260806,豆粕,m2611,11,中信期货,25139,25539,-400,净空,1011,180
20260806,豆粕,m2611,11,中粮期货,44792,32209,12583,净多,4227,1443
20260806,豆粕,m2611,11,乾坤期货,0,0,0,持平,0,0
20260806,豆粕,m2611,11,国泰君安期货,97388,76805,20583,净多,4118,633
20260806,豆粕,m2611,11,摩根大通期货,0,6283,-6283,净空,0,300
20260806,豆粕,m2611,11,永安期货,0,10658,-10658,净空,0,-5226
20260806,豆粕,m2611,11,瑞银期货,0,0,0,持平,0,0
20260806,豆粕,m2611,11,高盛期货,16448,0,16448,净多,1634,0
20260806,豆粕,m2701,01,一德期货,97701,0,97701,净多,1670,0
20260806,豆粕,m2701,01,中信期货,216138,81287,134851,净多,27551,17492
20260806,豆粕,m2701,01,中粮期货,59865,478884,-419019,净空,319,17090
20260806,豆粕,m2701,01,乾坤期货,0,0,0,持平,0,0
20260806,豆粕,m2701,01,国泰君安期货,196488,157161,39327,净多,26283,10484
20260806,豆粕,m2701,01,摩根大通期货,61808,62512,-704,净空,420,6185
20260806,豆粕,m2701,01,永安期货,91436,32825,58611,净多,12652,7099
20260806,豆粕,m2701,01,瑞银期货,0,0,0,持平,0,0
20260806,豆粕,m2701,01,高盛期货,59231,0,59231,净多,848,0
20260806,豆粕,m2703,03,一德期货,1103,0,1103,净多,-1,0
20260806,豆粕,m2703,03,中信期货,19660,33378,-13718,净空,188,9
20260806,豆粕,m2703,03,中粮期货,14587,19663,-5076,净空,6,3
20260806,豆粕,m2703,03,乾坤期货,0,0,0,持平,0,0
20260806,豆粕,m2703,03,国泰君安期货,54095,44751,9344,净多,30,84
20260806,豆粕,m2703,03,摩根大通期货,1515,0,1515,净多,218,0
20260806,豆粕,m2703,03,永安期货,4652,0,4652,净多,313,0
20260806,豆粕,m2703,03,瑞银期货,0,0,0,持平,0,0
20260806,豆粕,m2703,03,高盛期货,1655,0,1655,净多,36,0
20260806,豆粕,m2705,05,一德期货,0,28381,-28381,净空,0,2221
20260806,豆粕,m2705,05,中信期货,21945,59131,-37186,净空,313,-79
20260806,豆粕,m2705,05,中粮期货,25689,111510,-85821,净空,2884,4879
20260806,豆粕,m2705,05,乾坤期货,0,0,0,持平,0,0
20260806,豆粕,m2705,05,国泰君安期货,60784,58782,2002,净多,7195,3233
20260806,豆粕,m2705,05,摩根大通期货,11321,8811,2510,净多,0,3640
20260806,豆粕,m2705,05,永安期货,0,27385,-27385,净空,0,5929
20260806,豆粕,m2705,05,瑞银期货,0,0,0,持平,0,0
20260806,豆粕,m2705,05,高盛期货,23354,0,23354,净多,882,0
20260807,豆粕,m2609,09,一德期货,0,71827,-71827,净空,0,4798
20260807,豆粕,m2609,09,中信期货,60306,69102,-8796,净空,-21435,-5473
20260807,豆粕,m2609,09,中粮期货,34122,134864,-100742,净空,3448,-13798
20260807,豆粕,m2609,09,乾坤期货,0,0,0,持平,0,0
20260807,豆粕,m2609,09,国泰君安期货,135509,56853,78656,净多,-3860,-3068
20260807,豆粕,m2609,09,摩根大通期货,0,0,0,持平,0,0
20260807,豆粕,m2609,09,永安期货,43586,27975,15611,净多,3402,-4328
20260807,豆粕,m2609,09,瑞银期货,17038,0,17038,净多,-950,0
20260807,豆粕,m2609,09,高盛期货,28112,0,28112,净多,-8053,0
20260807,豆粕,m2611,11,一德期货,0,7249,-7249,净空,0,-399
20260807,豆粕,m2611,11,中信期货,27723,25466,2257,净多,2584,-73
20260807,豆粕,m2611,11,中粮期货,46504,32705,13799,净多,1712,496
20260807,豆粕,m2611,11,乾坤期货,0,0,0,持平,0,0
20260807,豆粕,m2611,11,国泰君安期货,100582,80330,20252,净多,3194,3525
20260807,豆粕,m2611,11,摩根大通期货,0,6583,-6583,净空,0,300
20260807,豆粕,m2611,11,永安期货,0,10841,-10841,净空,0,183
20260807,豆粕,m2611,11,瑞银期货,0,0,0,持平,0,0
20260807,豆粕,m2611,11,高盛期货,17092,0,17092,净多,644,0
20260807,豆粕,m2701,01,一德期货,96523,0,96523,净多,-1178,0
20260807,豆粕,m2701,01,中信期货,232321,84892,147429,净多,16183,3605
20260807,豆粕,m2701,01,中粮期货,55066,495795,-440729,净空,-4799,16911
20260807,豆粕,m2701,01,乾坤期货,0,0,0,持平,0,0
20260807,豆粕,m2701,01,国泰君安期货,201249,155962,45287,净多,4761,-1199
20260807,豆粕,m2701,01,摩根大通期货,62528,63210,-682,净空,720,698
20260807,豆粕,m2701,01,永安期货,93217,49114,44103,净多,1781,16289
20260807,豆粕,m2701,01,瑞银期货,0,0,0,持平,0,0
20260807,豆粕,m2701,01,高盛期货,60788,0,60788,净多,1557,0
20260807,豆粕,m2703,03,一德期货,1103,0,1103,净多,0,0
20260807,豆粕,m2703,03,中信期货,19452,33503,-14051,净空,-208,125
20260807,豆粕,m2703,03,中粮期货,14616,19733,-5117,净空,29,70
20260807,豆粕,m2703,03,乾坤期货,0,0,0,持平,0,0
20260807,豆粕,m2703,03,国泰君安期货,54219,44980,9239,净多,124,229
20260807,豆粕,m2703,03,摩根大通期货,1515,0,1515,净多,0,0
20260807,豆粕,m2703,03,永安期货,4649,0,4649,净多,-3,0
20260807,豆粕,m2703,03,瑞银期货,0,0,0,持平,0,0
20260807,豆粕,m2703,03,高盛期货,1708,0,1708,净多,53,0
20260807,豆粕,m2705,05,一德期货,0,29264,-29264,净空,0,883
20260807,豆粕,m2705,05,中信期货,23063,59244,-36181,净空,1118,113
20260807,豆粕,m2705,05,中粮期货,24928,112326,-87398,净空,-761,816
20260807,豆粕,m2705,05,乾坤期货,0,0,0,持平,0,0
20260807,豆粕,m2705,05,国泰君安期货,58111,56848,1263,净多,-2673,-1934
20260807,豆粕,m2705,05,摩根大通期货,11321,8811,2510,净多,0,0
20260807,豆粕,m2705,05,永安期货,0,28452,-28452,净空,0,1067
20260807,豆粕,m2705,05,瑞银期货,0,0,0,持平,0,0
20260807,豆粕,m2705,05,高盛期货,24509,0,24509,净多,1155,0
20260810,豆粕,m2609,09,一德期货,0,65411,-65411,净空,0,-6416
20260810,豆粕,m2609,09,中信期货,59588,64613,-5025,净空,-718,-4489
20260810,豆粕,m2609,09,中粮期货,33218,121188,-87970,净空,-904,-13676
20260810,豆粕,m2609,09,乾坤期货,0,0,0,持平,0,0
20260810,豆粕,m2609,09,国泰君安期货,137314,53541,83773,净多,1805,-3312
20260810,豆粕,m2609,09,摩根大通期货,0,0,0,持平,0,0
20260810,豆粕,m2609,09,永安期货,41006,27328,13678,净多,-2580,-647
20260810,豆粕,m2609,09,瑞银期货,16174,0,16174,净多,-864,0
20260810,豆粕,m2609,09,高盛期货,21712,0,21712,净多,-6400,0
20260810,豆粕,m2611,11,一德期货,0,7517,-7517,净空,0,268
20260810,豆粕,m2611,11,中信期货,25163,25553,-390,净空,-2560,87
20260810,豆粕,m2611,11,中粮期货,47162,31468,15694,净多,658,-1237
20260810,豆粕,m2611,11,乾坤期货,0,0,0,持平,0,0
20260810,豆粕,m2611,11,国泰君安期货,101242,79790,21452,净多,660,-540
20260810,豆粕,m2611,11,摩根大通期货,0,0,0,持平,0,0
20260810,豆粕,m2611,11,永安期货,0,10898,-10898,净空,0,57
20260810,豆粕,m2611,11,瑞银期货,0,0,0,持平,0,0
20260810,豆粕,m2611,11,高盛期货,17710,0,17710,净多,618,0
20260810,豆粕,m2701,01,一德期货,95327,0,95327,净多,-1196,0
20260810,豆粕,m2701,01,中信期货,241616,88541,153075,净多,9295,3649
20260810,豆粕,m2701,01,中粮期货,56890,525512,-468622,净空,1824,29717
20260810,豆粕,m2701,01,乾坤期货,0,0,0,持平,0,0
20260810,豆粕,m2701,01,国泰君安期货,205586,171280,34306,净多,4337,15318
20260810,豆粕,m2701,01,摩根大通期货,64036,67762,-3726,净空,1508,4552
20260810,豆粕,m2701,01,永安期货,96255,49886,46369,净多,3038,772
20260810,豆粕,m2701,01,瑞银期货,0,0,0,持平,0,0
20260810,豆粕,m2701,01,高盛期货,61052,0,61052,净多,264,0
20260810,豆粕,m2703,03,一德期货,1103,0,1103,净多,0,0
20260810,豆粕,m2703,03,中信期货,19638,33536,-13898,净空,186,33
20260810,豆粕,m2703,03,中粮期货,14665,19722,-5057,净空,49,-11
20260810,豆粕,m2703,03,乾坤期货,0,0,0,持平,0,0
20260810,豆粕,m2703,03,国泰君安期货,54126,45091,9035,净多,-93,111
20260810,豆粕,m2703,03,摩根大通期货,1517,0,1517,净多,2,0
20260810,豆粕,m2703,03,永安期货,4651,0,4651,净多,2,0
20260810,豆粕,m2703,03,瑞银期货,0,0,0,持平,0,0
20260810,豆粕,m2703,03,高盛期货,1627,0,1627,净多,-81,0
20260810,豆粕,m2705,05,一德期货,0,29278,-29278,净空,0,14
20260810,豆粕,m2705,05,中信期货,25133,61476,-36343,净空,2070,2232
20260810,豆粕,m2705,05,中粮期货,24898,119205,-94307,净空,-30,6879
20260810,豆粕,m2705,05,乾坤期货,0,0,0,持平,0,0
20260810,豆粕,m2705,05,国泰君安期货,56357,57503,-1146,净空,-1754,655
20260810,豆粕,m2705,05,摩根大通期货,11588,8811,2777,净多,267,0
20260810,豆粕,m2705,05,永安期货,0,28544,-28544,净空,0,92
20260810,豆粕,m2705,05,瑞银期货,0,0,0,持平,0,0
20260810,豆粕,m2705,05,高盛期货,25497,0,25497,净多,988,0
20260811,豆粕,m2609,09,一德期货,0,62458,-62458,净空,0,-2953
20260811,豆粕,m2609,09,中信期货,42714,56572,-13858,净空,-16874,-8041
20260811,豆粕,m2609,09,中粮期货,32438,112475,-80037,净空,-780,-8713
20260811,豆粕,m2609,09,乾坤期货,0,0,0,持平,0,0
20260811,豆粕,m2609,09,国泰君安期货,143614,44325,99289,净多,6300,-9216
20260811,豆粕,m2609,09,摩根大通期货,0,0,0,持平,0,0
20260811,豆粕,m2609,09,永安期货,38489,26627,11862,净多,-2517,-701
20260811,豆粕,m2609,09,瑞银期货,15903,0,15903,净多,-271,0
20260811,豆粕,m2609,09,高盛期货,18488,0,18488,净多,-3224,0
20260811,豆粕,m2611,11,一德期货,0,7455,-7455,净空,0,-62
20260811,豆粕,m2611,11,中信期货,24885,25619,-734,净空,-278,66
20260811,豆粕,m2611,11,中粮期货,46026,30594,15432,净多,-1136,-874
20260811,豆粕,m2611,11,乾坤期货,0,0,0,持平,0,0
20260811,豆粕,m2611,11,国泰君安期货,101621,78265,23356,净多,379,-1525
20260811,豆粕,m2611,11,摩根大通期货,6364,0,6364,净多,200,0
20260811,豆粕,m2611,11,永安期货,0,10393,-10393,净空,0,-505
20260811,豆粕,m2611,11,瑞银期货,0,0,0,持平,0,0
20260811,豆粕,m2611,11,高盛期货,17931,0,17931,净多,221,0
20260811,豆粕,m2701,01,一德期货,95713,0,95713,净多,386,0
20260811,豆粕,m2701,01,中信期货,231402,93571,137831,净多,-10214,5030
20260811,豆粕,m2701,01,中粮期货,57724,525627,-467903,净空,834,115
20260811,豆粕,m2701,01,乾坤期货,0,0,0,持平,0,0
20260811,豆粕,m2701,01,国泰君安期货,206202,188194,18008,净多,616,16914
20260811,豆粕,m2701,01,摩根大通期货,64257,71240,-6983,净空,221,3478
20260811,豆粕,m2701,01,永安期货,101891,50176,51715,净多,5636,290
20260811,豆粕,m2701,01,瑞银期货,0,0,0,持平,0,0
20260811,豆粕,m2701,01,高盛期货,61538,0,61538,净多,486,0
20260811,豆粕,m2703,03,一德期货,1103,0,1103,净多,0,0
20260811,豆粕,m2703,03,中信期货,19463,33948,-14485,净空,-175,412
20260811,豆粕,m2703,03,中粮期货,15046,19688,-4642,净空,381,-34
20260811,豆粕,m2703,03,乾坤期货,0,0,0,持平,0,0
20260811,豆粕,m2703,03,国泰君安期货,54167,44969,9198,净多,41,-122
20260811,豆粕,m2703,03,摩根大通期货,1515,0,1515,净多,-2,0
20260811,豆粕,m2703,03,永安期货,5932,0,5932,净多,1281,0
20260811,豆粕,m2703,03,瑞银期货,0,0,0,持平,0,0
20260811,豆粕,m2703,03,高盛期货,1547,0,1547,净多,-80,0
20260811,豆粕,m2705,05,一德期货,0,31723,-31723,净空,0,2445
20260811,豆粕,m2705,05,中信期货,26492,61519,-35027,净空,1359,43
20260811,豆粕,m2705,05,中粮期货,24676,120607,-95931,净空,-222,1402
20260811,豆粕,m2705,05,乾坤期货,0,0,0,持平,0,0
20260811,豆粕,m2705,05,国泰君安期货,56869,58573,-1704,净空,512,1070
20260811,豆粕,m2705,05,摩根大通期货,0,8811,-8811,净空,0,0
20260811,豆粕,m2705,05,永安期货,0,29976,-29976,净空,0,1432
20260811,豆粕,m2705,05,瑞银期货,0,0,0,持平,0,0
20260811,豆粕,m2705,05,高盛期货,26706,0,26706,净多,1209,0
20260812,豆粕,m2609,09,一德期货,0,58210,-58210,净空,0,-4248
20260812,豆粕,m2609,09,中信期货,39314,52871,-13557,净空,-3400,-3701
20260812,豆粕,m2609,09,中粮期货,29309,108129,-78820,净空,-3129,-4346
20260812,豆粕,m2609,09,乾坤期货,0,0,0,持平,0,0
20260812,豆粕,m2609,09,国泰君安期货,136475,40480,95995,净多,-7139,-3845
20260812,豆粕,m2609,09,摩根大通期货,0,0,0,持平,0,0
20260812,豆粕,m2609,09,永安期货,33789,25787,8002,净多,-4700,-840
20260812,豆粕,m2609,09,瑞银期货,0,0,0,持平,0,0
20260812,豆粕,m2609,09,高盛期货,16764,0,16764,净多,-1724,0
20260812,豆粕,m2611,11,一德期货,0,7725,-7725,净空,0,270
20260812,豆粕,m2611,11,中信期货,24981,25671,-690,净空,96,52
20260812,豆粕,m2611,11,中粮期货,44857,28828,16029,净多,-1169,-1766
20260812,豆粕,m2611,11,乾坤期货,0,0,0,持平,0,0
20260812,豆粕,m2611,11,国泰君安期货,101320,77836,23484,净多,-301,-429
20260812,豆粕,m2611,11,摩根大通期货,7026,0,7026,净多,662,0
20260812,豆粕,m2611,11,永安期货,0,10417,-10417,净空,0,24
20260812,豆粕,m2611,11,瑞银期货,0,0,0,持平,0,0
20260812,豆粕,m2611,11,高盛期货,18576,0,18576,净多,645,0
20260812,豆粕,m2701,01,一德期货,87982,0,87982,净多,-7731,0
20260812,豆粕,m2701,01,中信期货,241798,100528,141270,净多,10396,6957
20260812,豆粕,m2701,01,中粮期货,49251,538853,-489602,净空,-8473,13226
20260812,豆粕,m2701,01,乾坤期货,0,0,0,持平,0,0
20260812,豆粕,m2701,01,国泰君安期货,217487,185991,31496,净多,11285,-2203
20260812,豆粕,m2701,01,摩根大通期货,64085,74245,-10160,净空,-172,3005
20260812,豆粕,m2701,01,永安期货,110214,49395,60819,净多,8323,-781
20260812,豆粕,m2701,01,瑞银期货,0,0,0,持平,0,0
20260812,豆粕,m2701,01,高盛期货,55242,0,55242,净多,-6296,0
20260812,豆粕,m2703,03,一德期货,1103,0,1103,净多,0,0
20260812,豆粕,m2703,03,中信期货,19643,33947,-14304,净空,180,-1
20260812,豆粕,m2703,03,中粮期货,14962,19706,-4744,净空,-84,18
20260812,豆粕,m2703,03,乾坤期货,0,0,0,持平,0,0
20260812,豆粕,m2703,03,国泰君安期货,55582,45658,9924,净多,1415,689
20260812,豆粕,m2703,03,摩根大通期货,1515,0,1515,净多,0,0
20260812,豆粕,m2703,03,永安期货,5831,0,5831,净多,-101,0
20260812,豆粕,m2703,03,瑞银期货,0,0,0,持平,0,0
20260812,豆粕,m2703,03,高盛期货,1197,0,1197,净多,-350,0
20260812,豆粕,m2705,05,一德期货,0,25370,-25370,净空,0,-6353
20260812,豆粕,m2705,05,中信期货,31897,60604,-28707,净空,5405,-915
20260812,豆粕,m2705,05,中粮期货,25471,117826,-92355,净空,795,-2781
20260812,豆粕,m2705,05,乾坤期货,0,0,0,持平,0,0
20260812,豆粕,m2705,05,国泰君安期货,59080,66710,-7630,净空,2211,8137
20260812,豆粕,m2705,05,摩根大通期货,0,7811,-7811,净空,0,-1000
20260812,豆粕,m2705,05,永安期货,0,30090,-30090,净空,0,114
20260812,豆粕,m2705,05,瑞银期货,0,0,0,持平,0,0
20260812,豆粕,m2705,05,高盛期货,27682,0,27682,净多,976,0
20260813,豆粕,m2609,09,一德期货,0,55225,-55225,净空,0,-2985
20260813,豆粕,m2609,09,中信期货,36506,52273,-15767,净空,-2808,-598
20260813,豆粕,m2609,09,中粮期货,28379,102032,-73653,净空,-930,-6097
20260813,豆粕,m2609,09,乾坤期货,0,0,0,持平,0,0
20260813,豆粕,m2609,09,国泰君安期货,135394,38760,96634,净多,-1081,-1720
20260813,豆粕,m2609,09,摩根大通期货,0,0,0,持平,0,0
20260813,豆粕,m2609,09,永安期货,30345,23090,7255,净多,-3444,-2697
20260813,豆粕,m2609,09,瑞银期货,0,0,0,持平,0,0
20260813,豆粕,m2609,09,高盛期货,9652,0,9652,净多,-7112,0
20260813,豆粕,m2611,11,一德期货,0,7987,-7987,净空,0,262
20260813,豆粕,m2611,11,中信期货,24657,26128,-1471,净空,-324,457
20260813,豆粕,m2611,11,中粮期货,44768,29659,15109,净多,-89,831
20260813,豆粕,m2611,11,乾坤期货,0,0,0,持平,0,0
20260813,豆粕,m2611,11,国泰君安期货,100094,79011,21083,净多,-1226,1175
20260813,豆粕,m2611,11,摩根大通期货,0,0,0,持平,0,0
20260813,豆粕,m2611,11,永安期货,0,10376,-10376,净空,0,-41
20260813,豆粕,m2611,11,瑞银期货,0,0,0,持平,0,0
20260813,豆粕,m2611,11,高盛期货,18775,0,18775,净多,199,0
20260813,豆粕,m2701,01,一德期货,85735,0,85735,净多,-2247,0
20260813,豆粕,m2701,01,中信期货,243485,108625,134860,净多,1687,8097
20260813,豆粕,m2701,01,中粮期货,46396,546250,-499854,净空,-2855,7397
20260813,豆粕,m2701,01,乾坤期货,0,0,0,持平,0,0
20260813,豆粕,m2701,01,国泰君安期货,220162,180499,39663,净多,2675,-5492
20260813,豆粕,m2701,01,摩根大通期货,60115,70249,-10134,净空,-3970,-3996
20260813,豆粕,m2701,01,永安期货,108543,52242,56301,净多,-1671,2847
20260813,豆粕,m2701,01,瑞银期货,0,0,0,持平,0,0
20260813,豆粕,m2701,01,高盛期货,71033,0,71033,净多,15791,0
20260813,豆粕,m2703,03,一德期货,1104,0,1104,净多,1,0
20260813,豆粕,m2703,03,中信期货,19634,34035,-14401,净空,-9,88
20260813,豆粕,m2703,03,中粮期货,14510,19674,-5164,净空,-452,-32
20260813,豆粕,m2703,03,乾坤期货,0,0,0,持平,0,0
20260813,豆粕,m2703,03,国泰君安期货,55996,45666,10330,净多,414,8
20260813,豆粕,m2703,03,摩根大通期货,1515,0,1515,净多,0,0
20260813,豆粕,m2703,03,永安期货,5834,0,5834,净多,3,0
20260813,豆粕,m2703,03,瑞银期货,0,0,0,持平,0,0
20260813,豆粕,m2703,03,高盛期货,1298,0,1298,净多,101,0
20260813,豆粕,m2705,05,一德期货,0,24266,-24266,净空,0,-1104
20260813,豆粕,m2705,05,中信期货,30430,59902,-29472,净空,-1467,-702
20260813,豆粕,m2705,05,中粮期货,26764,115786,-89022,净空,1293,-2040
20260813,豆粕,m2705,05,乾坤期货,0,0,0,持平,0,0
20260813,豆粕,m2705,05,国泰君安期货,57290,71077,-13787,净空,-1790,4367
20260813,豆粕,m2705,05,摩根大通期货,0,8951,-8951,净空,0,1140
20260813,豆粕,m2705,05,永安期货,0,30050,-30050,净空,0,-40
20260813,豆粕,m2705,05,瑞银期货,0,0,0,持平,0,0
20260813,豆粕,m2705,05,高盛期货,29227,0,29227,净多,1545,0
20260814,豆粕,m2609,09,一德期货,0,52231,-52231,净空,0,-2994
20260814,豆粕,m2609,09,中信期货,27424,52373,-24949,净空,-9082,100
20260814,豆粕,m2609,09,中粮期货,26873,93223,-66350,净空,-1506,-8809
20260814,豆粕,m2609,09,乾坤期货,0,0,0,持平,0,0
20260814,豆粕,m2609,09,国泰君安期货,134739,35303,99436,净多,-655,-3457
20260814,豆粕,m2609,09,摩根大通期货,0,0,0,持平,0,0
20260814,豆粕,m2609,09,永安期货,29222,23405,5817,净多,-1123,315
20260814,豆粕,m2609,09,瑞银期货,0,0,0,持平,0,0
20260814,豆粕,m2609,09,高盛期货,0,0,0,持平,0,0
20260814,豆粕,m2611,11,一德期货,0,7984,-7984,净空,0,-3
20260814,豆粕,m2611,11,中信期货,24352,26799,-2447,净空,-305,671
20260814,豆粕,m2611,11,中粮期货,40120,29629,10491,净多,-4648,-30
20260814,豆粕,m2611,11,乾坤期货,0,0,0,持平,0,0
20260814,豆粕,m2611,11,国泰君安期货,99536,79179,20357,净多,-558,168
20260814,豆粕,m2611,11,摩根大通期货,0,0,0,持平,0,0
20260814,豆粕,m2611,11,永安期货,0,10464,-10464,净空,0,88
20260814,豆粕,m2611,11,瑞银期货,0,0,0,持平,0,0
20260814,豆粕,m2611,11,高盛期货,18731,0,18731,净多,-44,0
20260814,豆粕,m2701,01,一德期货,78648,0,78648,净多,-7087,0
20260814,豆粕,m2701,01,中信期货,241248,105909,135339,净多,-2237,-2716
20260814,豆粕,m2701,01,中粮期货,41358,553134,-511776,净空,-5038,6884
20260814,豆粕,m2701,01,乾坤期货,0,0,0,持平,0,0
20260814,豆粕,m2701,01,国泰君安期货,220398,179484,40914,净多,236,-1015
20260814,豆粕,m2701,01,摩根大通期货,60517,69252,-8735,净空,402,-997
20260814,豆粕,m2701,01,永安期货,104352,52191,52161,净多,-4191,-51
20260814,豆粕,m2701,01,瑞银期货,39507,0,39507,净多,10302,0
20260814,豆粕,m2701,01,高盛期货,83028,0,83028,净多,11995,0
20260814,豆粕,m2703,03,一德期货,1104,0,1104,净多,0,0
20260814,豆粕,m2703,03,中信期货,19851,34137,-14286,净空,217,102
20260814,豆粕,m2703,03,中粮期货,14507,19464,-4957,净空,-3,-210
20260814,豆粕,m2703,03,乾坤期货,0,0,0,持平,0,0
20260814,豆粕,m2703,03,国泰君安期货,55946,44647,11299,净多,-50,-1019
20260814,豆粕,m2703,03,摩根大通期货,1515,0,1515,净多,0,0
20260814,豆粕,m2703,03,永安期货,5836,0,5836,净多,2,0
20260814,豆粕,m2703,03,瑞银期货,0,0,0,持平,0,0
20260814,豆粕,m2703,03,高盛期货,1186,0,1186,净多,-112,0
20260814,豆粕,m2705,05,一德期货,0,24257,-24257,净空,0,-9
20260814,豆粕,m2705,05,中信期货,29333,59830,-30497,净空,-1097,-72
20260814,豆粕,m2705,05,中粮期货,26590,115480,-88890,净空,-174,-306
20260814,豆粕,m2705,05,乾坤期货,0,0,0,持平,0,0
20260814,豆粕,m2705,05,国泰君安期货,58152,72974,-14822,净空,862,1897
20260814,豆粕,m2705,05,摩根大通期货,0,8951,-8951,净空,0,0
20260814,豆粕,m2705,05,永安期货,0,30142,-30142,净空,0,92
20260814,豆粕,m2705,05,瑞银期货,0,0,0,持平,0,0
20260814,豆粕,m2705,05,高盛期货,29897,0,29897,净多,670,0
20260817,豆粕,m2609,09,一德期货,0,50257,-50257,净空,0,-1974
20260817,豆粕,m2609,09,中信期货,25720,52067,-26347,净空,-1704,-306
20260817,豆粕,m2609,09,中粮期货,26974,86951,-59977,净空,101,-6272
20260817,豆粕,m2609,09,乾坤期货,0,0,0,持平,0,0
20260817,豆粕,m2609,09,国泰君安期货,127307,35675,91632,净多,-7432,372
20260817,豆粕,m2609,09,摩根大通期货,9073,9133,-60,净空,1675,2987
20260817,豆粕,m2609,09,永安期货,29849,23065,6784,净多,627,-340
20260817,豆粕,m2609,09,瑞银期货,0,0,0,持平,0,0
20260817,豆粕,m2609,09,高盛期货,0,0,0,持平,0,0
20260817,豆粕,m2611,11,一德期货,0,8214,-8214,净空,0,230
20260817,豆粕,m2611,11,中信期货,24373,26106,-1733,净空,21,-693
20260817,豆粕,m2611,11,中粮期货,42507,30057,12450,净多,2387,428
20260817,豆粕,m2611,11,乾坤期货,0,0,0,持平,0,0
20260817,豆粕,m2611,11,国泰君安期货,99877,80688,19189,净多,341,1509
20260817,豆粕,m2611,11,摩根大通期货,0,0,0,持平,0,0
20260817,豆粕,m2611,11,永安期货,0,9814,-9814,净空,0,-650
20260817,豆粕,m2611,11,瑞银期货,0,0,0,持平,0,0
20260817,豆粕,m2611,11,高盛期货,18725,0,18725,净多,-6,0
20260817,豆粕,m2701,01,一德期货,75341,0,75341,净多,-3307,0
20260817,豆粕,m2701,01,中信期货,242973,109688,133285,净多,1725,3779
20260817,豆粕,m2701,01,中粮期货,41732,562636,-520904,净空,374,9502
20260817,豆粕,m2701,01,乾坤期货,0,0,0,持平,0,0
20260817,豆粕,m2701,01,国泰君安期货,221585,181762,39823,净多,1187,2278
20260817,豆粕,m2701,01,摩根大通期货,68235,66164,2071,净多,7718,-3088
20260817,豆粕,m2701,01,永安期货,107281,51930,55351,净多,2929,-261
20260817,豆粕,m2701,01,瑞银期货,41420,0,41420,净多,1913,0
20260817,豆粕,m2701,01,高盛期货,92000,0,92000,净多,8972,0
20260817,豆粕,m2703,03,一德期货,1104,0,1104,净多,0,0
20260817,豆粕,m2703,03,中信期货,20061,34231,-14170,净空,210,94
20260817,豆粕,m2703,03,中粮期货,14495,19389,-4894,净空,-12,-75
20260817,豆粕,m2703,03,乾坤期货,0,0,0,持平,0,0
20260817,豆粕,m2703,03,国泰君安期货,57664,44845,12819,净多,1718,198
20260817,豆粕,m2703,03,摩根大通期货,1515,0,1515,净多,0,0
20260817,豆粕,m2703,03,永安期货,5940,0,5940,净多,104,0
20260817,豆粕,m2703,03,瑞银期货,0,0,0,持平,0,0
20260817,豆粕,m2703,03,高盛期货,1098,0,1098,净多,-88,0
20260817,豆粕,m2705,05,一德期货,0,23379,-23379,净空,0,-878
20260817,豆粕,m2705,05,中信期货,30667,62223,-31556,净空,1334,2393
20260817,豆粕,m2705,05,中粮期货,27171,116027,-88856,净空,581,547
20260817,豆粕,m2705,05,乾坤期货,0,0,0,持平,0,0
20260817,豆粕,m2705,05,国泰君安期货,56776,76413,-19637,净空,-1376,3439
20260817,豆粕,m2705,05,摩根大通期货,0,10429,-10429,净空,0,1478
20260817,豆粕,m2705,05,永安期货,0,30458,-30458,净空,0,316
20260817,豆粕,m2705,05,瑞银期货,0,0,0,持平,0,0
20260817,豆粕,m2705,05,高盛期货,30735,0,30735,净多,838,0
20260818,豆粕,m2609,09,一德期货,0,13675,-13675,净空,0,-36582
20260818,豆粕,m2609,09,中信期货,22293,45216,-22923,净空,-3427,-6851
20260818,豆粕,m2609,09,中粮期货,20741,83697,-62956,净空,-6233,-3254
20260818,豆粕,m2609,09,乾坤期货,0,0,0,持平,0,0
20260818,豆粕,m2609,09,国泰君安期货,113908,26145,87763,净多,-13399,-9530
20260818,豆粕,m2609,09,摩根大通期货,6886,0,6886,净多,-2187,0
20260818,豆粕,m2609,09,永安期货,20038,28490,-8452,净空,-9811,5425
20260818,豆粕,m2609,09,瑞银期货,0,0,0,持平,0,0
20260818,豆粕,m2609,09,高盛期货,0,0,0,持平,0,0
20260818,豆粕,m2611,11,一德期货,0,8440,-8440,净空,0,226
20260818,豆粕,m2611,11,中信期货,27681,25347,2334,净多,3308,-759
20260818,豆粕,m2611,11,中粮期货,43048,29319,13729,净多,541,-738
20260818,豆粕,m2611,11,乾坤期货,0,0,0,持平,0,0
20260818,豆粕,m2611,11,国泰君安期货,100341,83630,16711,净多,464,2942
20260818,豆粕,m2611,11,摩根大通期货,0,0,0,持平,0,0
20260818,豆粕,m2611,11,永安期货,0,8530,-8530,净空,0,-1284
20260818,豆粕,m2611,11,瑞银期货,0,0,0,持平,0,0
20260818,豆粕,m2611,11,高盛期货,19472,0,19472,净多,747,0
20260818,豆粕,m2701,01,一德期货,68471,0,68471,净多,-6870,0
20260818,豆粕,m2701,01,中信期货,260110,110120,149990,净多,17137,432
20260818,豆粕,m2701,01,中粮期货,48342,576822,-528480,净空,6610,14186
20260818,豆粕,m2701,01,乾坤期货,0,0,0,持平,0,0
20260818,豆粕,m2701,01,国泰君安期货,213863,186839,27024,净多,-7722,5077
20260818,豆粕,m2701,01,摩根大通期货,77707,67435,10272,净多,9472,1271
20260818,豆粕,m2701,01,永安期货,105868,56361,49507,净多,-1413,4431
20260818,豆粕,m2701,01,瑞银期货,43582,0,43582,净多,2162,0
20260818,豆粕,m2701,01,高盛期货,105961,0,105961,净多,13961,0
20260818,豆粕,m2703,03,一德期货,1003,0,1003,净多,-101,0
20260818,豆粕,m2703,03,中信期货,20345,34970,-14625,净空,284,739
20260818,豆粕,m2703,03,中粮期货,14658,19404,-4746,净空,163,15
20260818,豆粕,m2703,03,乾坤期货,0,0,0,持平,0,0
20260818,豆粕,m2703,03,国泰君安期货,57085,44603,12482,净多,-579,-242
20260818,豆粕,m2703,03,摩根大通期货,1515,0,1515,净多,0,0
20260818,豆粕,m2703,03,永安期货,5736,0,5736,净多,-204,0
20260818,豆粕,m2703,03,瑞银期货,0,0,0,持平,0,0
20260818,豆粕,m2703,03,高盛期货,1115,0,1115,净多,17,0
20260818,豆粕,m2705,05,一德期货,0,20592,-20592,净空,0,-2787
20260818,豆粕,m2705,05,中信期货,36122,63351,-27229,净空,5455,1128
20260818,豆粕,m2705,05,中粮期货,23546,117042,-93496,净空,-3625,1015
20260818,豆粕,m2705,05,乾坤期货,0,0,0,持平,0,0
20260818,豆粕,m2705,05,国泰君安期货,54556,77352,-22796,净空,-2220,939
20260818,豆粕,m2705,05,摩根大通期货,0,9922,-9922,净空,0,-507
20260818,豆粕,m2705,05,永安期货,10812,35169,-24357,净空,451,4711
20260818,豆粕,m2705,05,瑞银期货,0,0,0,持平,0,0
20260818,豆粕,m2705,05,高盛期货,31798,0,31798,净多,1063,0
20260819,豆粕,m2609,09,一德期货,0,8883,-8883,净空,0,-4792
20260819,豆粕,m2609,09,中信期货,17778,44801,-27023,净空,-4515,-415
20260819,豆粕,m2609,09,中粮期货,14791,73729,-58938,净空,-5950,-9968
20260819,豆粕,m2609,09,乾坤期货,0,0,0,持平,0,0
20260819,豆粕,m2609,09,国泰君安期货,107536,23080,84456,净多,-6372,-3065
20260819,豆粕,m2609,09,摩根大通期货,0,0,0,持平,0,0
20260819,豆粕,m2609,09,永安期货,19319,27595,-8276,净空,-719,-895
20260819,豆粕,m2609,09,瑞银期货,0,0,0,持平,0,0
20260819,豆粕,m2609,09,高盛期货,0,0,0,持平,0,0
20260819,豆粕,m2611,11,一德期货,0,8769,-8769,净空,0,329
20260819,豆粕,m2611,11,中信期货,27915,25404,2511,净多,234,57
20260819,豆粕,m2611,11,中粮期货,44265,33757,10508,净多,1217,4438
20260819,豆粕,m2611,11,乾坤期货,0,0,0,持平,0,0
20260819,豆粕,m2611,11,国泰君安期货,103668,88385,15283,净多,3327,4755
20260819,豆粕,m2611,11,摩根大通期货,0,0,0,持平,0,0
20260819,豆粕,m2611,11,永安期货,0,8301,-8301,净空,0,-229
20260819,豆粕,m2611,11,瑞银期货,0,0,0,持平,0,0
20260819,豆粕,m2611,11,高盛期货,19395,0,19395,净多,-77,0
20260819,豆粕,m2701,01,一德期货,68563,0,68563,净多,92,0
20260819,豆粕,m2701,01,中信期货,254920,109226,145694,净多,-5190,-894
20260819,豆粕,m2701,01,中粮期货,53040,588752,-535712,净空,4698,11930
20260819,豆粕,m2701,01,乾坤期货,0,0,0,持平,0,0
20260819,豆粕,m2701,01,国泰君安期货,214392,184402,29990,净多,529,-2437
20260819,豆粕,m2701,01,摩根大通期货,85838,76985,8853,净多,8131,9550
20260819,豆粕,m2701,01,永安期货,104274,66347,37927,净多,-1594,9986
20260819,豆粕,m2701,01,瑞银期货,45009,0,45009,净多,1427,0
20260819,豆粕,m2701,01,高盛期货,113413,0,113413,净多,7452,0
20260819,豆粕,m2703,03,一德期货,0,0,0,持平,0,0
20260819,豆粕,m2703,03,中信期货,20500,35004,-14504,净空,155,34
20260819,豆粕,m2703,03,中粮期货,14681,19569,-4888,净空,23,165
20260819,豆粕,m2703,03,乾坤期货,0,0,0,持平,0,0
20260819,豆粕,m2703,03,国泰君安期货,56331,45101,11230,净多,-754,498
20260819,豆粕,m2703,03,摩根大通期货,6621,0,6621,净多,5106,0
20260819,豆粕,m2703,03,永安期货,5742,0,5742,净多,6,0
20260819,豆粕,m2703,03,瑞银期货,0,0,0,持平,0,0
20260819,豆粕,m2703,03,高盛期货,1237,0,1237,净多,122,0
20260819,豆粕,m2705,05,一德期货,0,21285,-21285,净空,0,693
20260819,豆粕,m2705,05,中信期货,33454,63263,-29809,净空,-2668,-88
20260819,豆粕,m2705,05,中粮期货,23235,127560,-104325,净空,-311,10518
20260819,豆粕,m2705,05,乾坤期货,0,0,0,持平,0,0
20260819,豆粕,m2705,05,国泰君安期货,55012,73151,-18139,净空,456,-4201
20260819,豆粕,m2705,05,摩根大通期货,0,5366,-5366,净空,0,-4556
20260819,豆粕,m2705,05,永安期货,0,35839,-35839,净空,0,670
20260819,豆粕,m2705,05,瑞银期货,0,0,0,持平,0,0
20260819,豆粕,m2705,05,高盛期货,33138,0,33138,净多,1340,0
20260820,豆粕,m2609,09,一德期货,0,8833,-8833,净空,0,-50
20260820,豆粕,m2609,09,中信期货,15874,42561,-26687,净空,-1904,-2240
20260820,豆粕,m2609,09,中粮期货,10460,64710,-54250,净空,-4331,-9019
20260820,豆粕,m2609,09,乾坤期货,0,0,0,持平,0,0
20260820,豆粕,m2609,09,国泰君安期货,97726,16773,80953,净多,-9810,-6307
20260820,豆粕,m2609,09,摩根大通期货,0,0,0,持平,0,0
20260820,豆粕,m2609,09,永安期货,18382,23461,-5079,净空,-937,-4134
20260820,豆粕,m2609,09,瑞银期货,0,0,0,持平,0,0
20260820,豆粕,m2609,09,高盛期货,0,0,0,持平,0,0
20260820,豆粕,m2611,11,一德期货,0,9225,-9225,净空,0,456
20260820,豆粕,m2611,11,中信期货,27914,27103,811,净多,-1,1699
20260820,豆粕,m2611,11,中粮期货,49606,32242,17364,净多,5341,-1515
20260820,豆粕,m2611,11,乾坤期货,0,0,0,持平,0,0
20260820,豆粕,m2611,11,国泰君安期货,107338,87707,19631,净多,3670,-678
20260820,豆粕,m2611,11,摩根大通期货,0,0,0,持平,0,0
20260820,豆粕,m2611,11,永安期货,0,8374,-8374,净空,0,73
20260820,豆粕,m2611,11,瑞银期货,0,0,0,持平,0,0
20260820,豆粕,m2611,11,高盛期货,18777,0,18777,净多,-618,0
20260820,豆粕,m2701,01,一德期货,75067,0,75067,净多,6504,0
20260820,豆粕,m2701,01,中信期货,255559,100621,154938,净多,639,-8605
20260820,豆粕,m2701,01,中粮期货,54627,613974,-559347,净空,1587,25222
20260820,豆粕,m2701,01,乾坤期货,0,0,0,持平,0,0
20260820,豆粕,m2701,01,国泰君安期货,215073,188705,26368,净多,681,4303
20260820,豆粕,m2701,01,摩根大通期货,86406,76175,10231,净多,568,-810
20260820,豆粕,m2701,01,永安期货,103298,70326,32972,净多,-976,3979
20260820,豆粕,m2701,01,瑞银期货,44487,0,44487,净多,-522,0
20260820,豆粕,m2701,01,高盛期货,124591,0,124591,净多,11178,0
20260820,豆粕,m2703,03,一德期货,2198,0,2198,净多,1075,0
20260820,豆粕,m2703,03,中信期货,20462,35194,-14732,净空,-38,190
20260820,豆粕,m2703,03,中粮期货,14660,19550,-4890,净空,-21,-19
20260820,豆粕,m2703,03,乾坤期货,0,0,0,持平,0,0
20260820,豆粕,m2703,03,国泰君安期货,56839,45562,11277,净多,508,461
20260820,豆粕,m2703,03,摩根大通期货,7721,0,7721,净多,1100,0
20260820,豆粕,m2703,03,永安期货,5835,0,5835,净多,93,0
20260820,豆粕,m2703,03,瑞银期货,0,0,0,持平,0,0
20260820,豆粕,m2703,03,高盛期货,0,0,0,持平,0,0
20260820,豆粕,m2705,05,一德期货,0,23054,-23054,净空,0,1769
20260820,豆粕,m2705,05,中信期货,32341,64941,-32600,净空,-1113,1678
20260820,豆粕,m2705,05,中粮期货,24629,136313,-111684,净空,1394,8753
20260820,豆粕,m2705,05,乾坤期货,0,0,0,持平,0,0
20260820,豆粕,m2705,05,国泰君安期货,61068,71014,-9946,净空,6056,-2137
20260820,豆粕,m2705,05,摩根大通期货,0,7226,-7226,净空,0,1860
20260820,豆粕,m2705,05,永安期货,0,35957,-35957,净空,0,118
20260820,豆粕,m2705,05,瑞银期货,0,0,0,持平,0,0
20260820,豆粕,m2705,05,高盛期货,32997,0,32997,净多,-141,0
